$ *******************************************************************
$  Abaqus/toNastran Release 6.14-5
$
$   reading Abaqus input: Job-1.inp
$ creating Nastran input: Job-1.bdf
$ writing diagnostics to: Job-1.log
$
$----------------------------------------------
$The following Abaqus keywords were recognized:
$            keyword number
$------------------- ------
$            elastic      1
$            element      6
$              elset      3
$            heading      1
$           material      1
$               node      3
$               nset      3
$       shellsection      3
$             system      4
$-------------------------------------------
$The following Abaqus keywords were ignored:
$            keyword number
$------------------- ------
$           preprint      1
CEND
BEGIN BULK
$
$ -----|-------|-------|-------|-------|-------|-------|-------|-------|
$ SYSTEMs used as CP on GRIDs
$ -----|-------|-------|-------|-------|-------|-------|-------|-------|
CORD2R*                3                  -6.698620e+002  -5.000000e+002
*         -8.815659e+001  -6.698620e+002  -4.990000e+002  -8.815659e+001
*         -6.708620e+002  -5.000000e+002  -8.815659e+001
CORD2R*                6                   6.698620e+002  -5.000000e+002
*          1.518434e+002   6.698620e+002  -4.990000e+002   1.518434e+002
*          6.708620e+002  -5.000000e+002   1.518434e+002
$
$ -----|-------|-------|-------|-------|-------|-------|-------|-------|
$ GRIDs defined in local coordinates
$ -----|-------|-------|-------|-------|-------|-------|-------|-------|
GRID*                  1               3  -4.000000e+001   2.300000e+002
*          4.600000e+002                
GRID*                  2               3  -7.000000e+001   2.000000e+002
*          4.600000e+002                
GRID*                  3               3  -7.000000e+001   2.000000e+002
*          4.000000e+002                
GRID*                  4               3  -4.000000e+001   2.300000e+002
*          4.000000e+002                
GRID*                  5               3  -7.000000e+001   4.000000e+001
*          4.600000e+002                
GRID*                  6               3  -7.000000e+001   4.000000e+001
*          4.000000e+002                
GRID*                  7               3  -4.500000e+001   1.500000e+001
*          4.600000e+002                
GRID*                  8               3  -4.500000e+001   1.500000e+001
*          4.000000e+002                
GRID*                  9               3   6.500000e+001   2.150000e+002
*          4.600000e+002                
GRID*                 10               3   9.000000e+001   2.000000e+002
*          4.600000e+002                
GRID*                 11               3   9.000000e+001   2.000000e+002
*          4.000000e+002                
GRID*                 12               3   6.500000e+001   2.150000e+002
*          4.000000e+002                
GRID*                 13               3   9.000000e+001   4.000000e+001
*          4.600000e+002                
GRID*                 14               3   9.000000e+001   4.000000e+001
*          4.000000e+002                
GRID*                 15               3   6.500000e+001   2.750000e+001
*          4.600000e+002                
GRID*                 16               3   6.500000e+001   2.750000e+001
*          4.000000e+002                
GRID*                 17               3   1.000000e+002   2.200000e+002
*          2.300000e+002                
GRID*                 18               3   1.000000e+002   2.000000e+001
*          2.300000e+002                
GRID*                 19               3   1.000000e+002   2.000000e+001
*          2.100000e+002                
GRID*                 20               3   1.000000e+002   2.200000e+002
*          2.100000e+002                
GRID*                 21               3   1.000000e+002   2.200000e+002
*          1.500000e+002                
GRID*                 22               3   1.000000e+002   2.000000e+001
*          1.500000e+002                
GRID*                 23               3   1.000000e+002   2.000000e+001
*          1.300000e+002                
GRID*                 24               3   1.000000e+002   2.200000e+002
*          1.300000e+002                
GRID*                 25               3   1.200000e+002   2.000000e+002
*          2.300000e+002                
GRID*                 26               3   1.200000e+002   4.000000e+001
*          2.300000e+002                
GRID*                 27               3   1.200000e+002   2.000000e+002
*          1.500000e+002                
GRID*                 28               3   1.200000e+002   4.000000e+001
*          1.500000e+002                
GRID*                 29               3   1.200000e+002   2.000000e+002
*          2.100000e+002                
GRID*                 30               3   1.200000e+002   4.000000e+001
*          2.100000e+002                
GRID*                 31               3   1.200000e+002   2.000000e+002
*          1.300000e+002                
GRID*                 32               3   1.200000e+002   4.000000e+001
*          1.300000e+002                
GRID*                 33               3   1.000000e+002   2.200000e+002
*          7.000000e+001                
GRID*                 34               3   1.000000e+002   2.000000e+001
*          7.000000e+001                
GRID*                 35               3   1.000000e+002   2.000000e+001
*          5.000000e+001                
GRID*                 36               3   1.000000e+002   2.200000e+002
*          5.000000e+001                
GRID*                 37               3   1.200000e+002   2.000000e+002
*          7.000000e+001                
GRID*                 38               3   1.200000e+002   4.000000e+001
*          7.000000e+001                
GRID*                 39               3   1.200000e+002   4.000000e+001
*          5.000000e+001                
GRID*                 40               3   1.200000e+002   2.000000e+002
*          5.000000e+001                
GRID*                 41               3   8.000000e+001   0.000000e+000
*          7.000000e+001                
GRID*                 42               3   8.000000e+001   0.000000e+000
*          5.000000e+001                
GRID*                 43               3   8.000000e+001   0.000000e+000
*          1.500000e+002                
GRID*                 44               3   8.000000e+001   0.000000e+000
*          1.300000e+002                
GRID*                 45               3   8.000000e+001   0.000000e+000
*          2.300000e+002                
GRID*                 46               3   8.000000e+001   0.000000e+000
*          2.100000e+002                
GRID*                 47               3  -6.000000e+001   2.000000e+001
*          1.500000e+002                
GRID*                 48               3  -6.000000e+001   2.200000e+002
*          1.500000e+002                
GRID*                 49               3  -6.000000e+001   2.200000e+002
*          1.300000e+002                
GRID*                 50               3  -6.000000e+001   2.000000e+001
*          1.300000e+002                
GRID*                 51               3  -6.000000e+001   2.000000e+001
*          7.000000e+001                
GRID*                 52               3  -6.000000e+001   2.200000e+002
*          7.000000e+001                
GRID*                 53               3  -6.000000e+001   2.200000e+002
*          5.000000e+001                
GRID*                 54               3  -6.000000e+001   2.000000e+001
*          5.000000e+001                
GRID*                 55               3  -8.000000e+001   4.000000e+001
*          7.000000e+001                
GRID*                 56               3  -8.000000e+001   2.000000e+002
*          7.000000e+001                
GRID*                 57               3  -8.000000e+001   4.000000e+001
*          1.500000e+002                
GRID*                 58               3  -8.000000e+001   2.000000e+002
*          1.500000e+002                
GRID*                 59               3  -8.000000e+001   4.000000e+001
*          1.300000e+002                
GRID*                 60               3  -8.000000e+001   2.000000e+002
*          1.300000e+002                
GRID*                 61               3  -6.000000e+001   2.000000e+001
*          2.300000e+002                
GRID*                 62               3  -6.000000e+001   2.200000e+002
*          2.300000e+002                
GRID*                 63               3  -6.000000e+001   2.200000e+002
*          2.100000e+002                
GRID*                 64               3  -6.000000e+001   2.000000e+001
*          2.100000e+002                
GRID*                 65               3  -8.000000e+001   4.000000e+001
*          2.300000e+002                
GRID*                 66               3  -8.000000e+001   2.000000e+002
*          2.300000e+002                
GRID*                 67               3  -8.000000e+001   4.000000e+001
*          2.100000e+002                
GRID*                 68               3  -8.000000e+001   2.000000e+002
*          2.100000e+002                
GRID*                 69               3  -8.000000e+001   2.000000e+002
*          5.000000e+001                
GRID*                 70               3  -8.000000e+001   4.000000e+001
*          5.000000e+001                
GRID*                 71               3  -4.000000e+001   2.400000e+002
*          7.000000e+001                
GRID*                 72               3  -4.000000e+001   2.400000e+002
*          5.000000e+001                
GRID*                 73               3  -4.000000e+001   2.400000e+002
*          1.500000e+002                
GRID*                 74               3  -4.000000e+001   2.400000e+002
*          1.300000e+002                
GRID*                 75               3  -4.000000e+001   2.400000e+002
*          2.300000e+002                
GRID*                 76               3  -4.000000e+001   2.400000e+002
*          2.100000e+002                
GRID*                 77               3  -4.000000e+001   0.000000e+000
*          5.000000e+001                
GRID*                 78               3  -8.000000e+001   4.000000e+001
*          0.000000e+000                
GRID*                 79               3  -4.000000e+001   0.000000e+000
*          0.000000e+000                
GRID*                 80               3  -4.000000e+001   0.000000e+000
*          7.000000e+001                
GRID*                 81               3  -4.000000e+001   0.000000e+000
*          1.300000e+002                
GRID*                 82               3  -4.000000e+001   0.000000e+000
*          1.500000e+002                
GRID*                 83               3  -4.000000e+001   0.000000e+000
*          2.300000e+002                
GRID*                 84               3  -4.000000e+001   0.000000e+000
*          3.000000e+002                
GRID*                 85               3  -8.000000e+001   4.000000e+001
*          3.000000e+002                
GRID*                 86               3  -4.000000e+001   0.000000e+000
*          2.100000e+002                
GRID*                 87               3   8.000000e+001   0.000000e+000
*          0.000000e+000                
GRID*                 88               3   8.000000e+001   0.000000e+000
*          3.000000e+002                
GRID*                 89               3  -8.000000e+001   2.000000e+002
*          0.000000e+000                
GRID*                 90               3  -8.000000e+001   2.000000e+002
*          3.000000e+002                
GRID*                 91               3   1.200000e+002   4.000000e+001
*          0.000000e+000                
GRID*                 92               3   1.200000e+002   4.000000e+001
*          3.000000e+002                
GRID*                 93               3  -4.000000e+001   2.400000e+002
*          0.000000e+000                
GRID*                 94               3  -4.000000e+001   2.400000e+002
*          3.000000e+002                
GRID*                 95               3   1.200000e+002   2.000000e+002
*          0.000000e+000                
GRID*                 96               3   1.200000e+002   2.000000e+002
*          3.000000e+002                
GRID*                 97               3   8.000000e+001   2.400000e+002
*          5.000000e+001                
GRID*                 98               3   8.000000e+001   2.400000e+002
*          0.000000e+000                
GRID*                 99               3   8.000000e+001   2.400000e+002
*          7.000000e+001                
GRID*                100               3   8.000000e+001   2.400000e+002
*          1.300000e+002                
GRID*                101               3   8.000000e+001   2.400000e+002
*          1.500000e+002                
GRID*                102               3   8.000000e+001   2.400000e+002
*          2.300000e+002                
GRID*                103               3   8.000000e+001   2.400000e+002
*          3.000000e+002                
GRID*                104               3   8.000000e+001   2.400000e+002
*          2.100000e+002                
GRID*                105               3   4.000000e+001   2.300000e+002
*          4.000000e+002                
GRID*                106               3   4.000000e+001   1.500000e+001
*          4.000000e+002                
GRID*                107               3  -1.000000e+002   2.082843e+002
*          0.000000e+000                
GRID*                108               3  -4.828427e+001   2.600000e+002
*          0.000000e+000                
GRID*                109               3   8.828427e+001   2.600000e+002
*          0.000000e+000                
GRID*                110               3   1.400000e+002   2.082843e+002
*          0.000000e+000                
GRID*                111               3   1.400000e+002   3.171573e+001
*          0.000000e+000                
GRID*                112               3   8.828427e+001  -2.000000e+001
*          0.000000e+000                
GRID*                113               3  -4.828427e+001  -2.000000e+001
*          0.000000e+000                
GRID*                114               3  -1.000000e+002   3.171573e+001
*          0.000000e+000                
GRID*                115               3  -5.500000e+001   2.150000e+002
*          4.600000e+002                
GRID*                116               3  -7.000000e+001   2.000000e+002
*          4.400000e+002                
GRID*                117               3  -7.000000e+001   2.000000e+002
*          4.200000e+002                
GRID*                118               3  -5.500000e+001   2.150000e+002
*          4.000000e+002                
GRID*                119               3  -4.000000e+001   2.300000e+002
*          4.200000e+002                
GRID*                120               3  -4.000000e+001   2.300000e+002
*          4.400000e+002                
GRID*                121               3  -7.000000e+001   1.822222e+002
*          4.600000e+002                
GRID*                122               3  -7.000000e+001   1.644444e+002
*          4.600000e+002                
GRID*                123               3  -7.000000e+001   1.466667e+002
*          4.600000e+002                
GRID*                124               3  -7.000000e+001   1.288889e+002
*          4.600000e+002                
GRID*                125               3  -7.000000e+001   1.111111e+002
*          4.600000e+002                
GRID*                126               3  -7.000000e+001   9.333334e+001
*          4.600000e+002                
GRID*                127               3  -7.000000e+001   7.555556e+001
*          4.600000e+002                
GRID*                128               3  -7.000000e+001   5.777778e+001
*          4.600000e+002                
GRID*                129               3  -7.000000e+001   4.000000e+001
*          4.400000e+002                
GRID*                130               3  -7.000000e+001   4.000000e+001
*          4.200000e+002                
GRID*                131               3  -7.000000e+001   5.777778e+001
*          4.000000e+002                
GRID*                132               3  -7.000000e+001   7.555556e+001
*          4.000000e+002                
GRID*                133               3  -7.000000e+001   9.333334e+001
*          4.000000e+002                
GRID*                134               3  -7.000000e+001   1.111111e+002
*          4.000000e+002                
GRID*                135               3  -7.000000e+001   1.288889e+002
*          4.000000e+002                
GRID*                136               3  -7.000000e+001   1.466667e+002
*          4.000000e+002                
GRID*                137               3  -7.000000e+001   1.644444e+002
*          4.000000e+002                
GRID*                138               3  -7.000000e+001   1.822222e+002
*          4.000000e+002                
GRID*                139               3  -5.750000e+001   2.750000e+001
*          4.600000e+002                
GRID*                140               3  -4.500000e+001   1.500000e+001
*          4.400000e+002                
GRID*                141               3  -4.500000e+001   1.500000e+001
*          4.200000e+002                
GRID*                142               3  -5.750000e+001   2.750000e+001
*          4.000000e+002                
GRID*                143               3   9.000000e+001   2.000000e+002
*          4.400000e+002                
GRID*                144               3   9.000000e+001   2.000000e+002
*          4.200000e+002                
GRID*                145               3   6.500000e+001   2.150000e+002
*          4.200000e+002                
GRID*                146               3   6.500000e+001   2.150000e+002
*          4.400000e+002                
GRID*                147               3   9.000000e+001   1.822222e+002
*          4.600000e+002                
GRID*                148               3   9.000000e+001   1.644444e+002
*          4.600000e+002                
GRID*                149               3   9.000000e+001   1.466667e+002
*          4.600000e+002                
GRID*                150               3   9.000000e+001   1.288889e+002
*          4.600000e+002                
GRID*                151               3   9.000000e+001   1.111111e+002
*          4.600000e+002                
GRID*                152               3   9.000000e+001   9.333334e+001
*          4.600000e+002                
GRID*                153               3   9.000000e+001   7.555556e+001
*          4.600000e+002                
GRID*                154               3   9.000000e+001   5.777778e+001
*          4.600000e+002                
GRID*                155               3   9.000000e+001   4.000000e+001
*          4.400000e+002                
GRID*                156               3   9.000000e+001   4.000000e+001
*          4.200000e+002                
GRID*                157               3   9.000000e+001   5.777778e+001
*          4.000000e+002                
GRID*                158               3   9.000000e+001   7.555556e+001
*          4.000000e+002                
GRID*                159               3   9.000000e+001   9.333334e+001
*          4.000000e+002                
GRID*                160               3   9.000000e+001   1.111111e+002
*          4.000000e+002                
GRID*                161               3   9.000000e+001   1.288889e+002
*          4.000000e+002                
GRID*                162               3   9.000000e+001   1.466667e+002
*          4.000000e+002                
GRID*                163               3   9.000000e+001   1.644444e+002
*          4.000000e+002                
GRID*                164               3   9.000000e+001   1.822222e+002
*          4.000000e+002                
GRID*                165               3   6.500000e+001   2.750000e+001
*          4.400000e+002                
GRID*                166               3   6.500000e+001   2.750000e+001
*          4.200000e+002                
GRID*                167               3   1.000000e+002   1.977778e+002
*          2.300000e+002                
GRID*                168               3   1.000000e+002   1.755556e+002
*          2.300000e+002                
GRID*                169               3   1.000000e+002   1.533333e+002
*          2.300000e+002                
GRID*                170               3   1.000000e+002   1.311111e+002
*          2.300000e+002                
GRID*                171               3   1.000000e+002   1.088889e+002
*          2.300000e+002                
GRID*                172               3   1.000000e+002   8.666666e+001
*          2.300000e+002                
GRID*                173               3   1.000000e+002   6.444444e+001
*          2.300000e+002                
GRID*                174               3   1.000000e+002   4.222222e+001
*          2.300000e+002                
GRID*                175               3   1.000000e+002   4.222222e+001
*          2.100000e+002                
GRID*                176               3   1.000000e+002   6.444444e+001
*          2.100000e+002                
GRID*                177               3   1.000000e+002   8.666666e+001
*          2.100000e+002                
GRID*                178               3   1.000000e+002   1.088889e+002
*          2.100000e+002                
GRID*                179               3   1.000000e+002   1.311111e+002
*          2.100000e+002                
GRID*                180               3   1.000000e+002   1.533333e+002
*          2.100000e+002                
GRID*                181               3   1.000000e+002   1.755556e+002
*          2.100000e+002                
GRID*                182               3   1.000000e+002   1.977778e+002
*          2.100000e+002                
GRID*                183               3   1.000000e+002   1.977778e+002
*          1.500000e+002                
GRID*                184               3   1.000000e+002   1.755556e+002
*          1.500000e+002                
GRID*                185               3   1.000000e+002   1.533333e+002
*          1.500000e+002                
GRID*                186               3   1.000000e+002   1.311111e+002
*          1.500000e+002                
GRID*                187               3   1.000000e+002   1.088889e+002
*          1.500000e+002                
GRID*                188               3   1.000000e+002   8.666666e+001
*          1.500000e+002                
GRID*                189               3   1.000000e+002   6.444444e+001
*          1.500000e+002                
GRID*                190               3   1.000000e+002   4.222222e+001
*          1.500000e+002                
GRID*                191               3   1.000000e+002   4.222222e+001
*          1.300000e+002                
GRID*                192               3   1.000000e+002   6.444444e+001
*          1.300000e+002                
GRID*                193               3   1.000000e+002   8.666666e+001
*          1.300000e+002                
GRID*                194               3   1.000000e+002   1.088889e+002
*          1.300000e+002                
GRID*                195               3   1.000000e+002   1.311111e+002
*          1.300000e+002                
GRID*                196               3   1.000000e+002   1.533333e+002
*          1.300000e+002                
GRID*                197               3   1.000000e+002   1.755556e+002
*          1.300000e+002                
GRID*                198               3   1.000000e+002   1.977778e+002
*          1.300000e+002                
GRID*                199               3   1.200000e+002   1.822222e+002
*          2.300000e+002                
GRID*                200               3   1.200000e+002   1.644444e+002
*          2.300000e+002                
GRID*                201               3   1.200000e+002   1.466667e+002
*          2.300000e+002                
GRID*                202               3   1.200000e+002   1.288889e+002
*          2.300000e+002                
GRID*                203               3   1.200000e+002   1.111111e+002
*          2.300000e+002                
GRID*                204               3   1.200000e+002   9.333334e+001
*          2.300000e+002                
GRID*                205               3   1.200000e+002   7.555556e+001
*          2.300000e+002                
GRID*                206               3   1.200000e+002   5.777778e+001
*          2.300000e+002                
GRID*                207               3   1.200000e+002   1.822222e+002
*          1.500000e+002                
GRID*                208               3   1.200000e+002   1.644444e+002
*          1.500000e+002                
GRID*                209               3   1.200000e+002   1.466667e+002
*          1.500000e+002                
GRID*                210               3   1.200000e+002   1.288889e+002
*          1.500000e+002                
GRID*                211               3   1.200000e+002   1.111111e+002
*          1.500000e+002                
GRID*                212               3   1.200000e+002   9.333334e+001
*          1.500000e+002                
GRID*                213               3   1.200000e+002   7.555556e+001
*          1.500000e+002                
GRID*                214               3   1.200000e+002   5.777778e+001
*          1.500000e+002                
GRID*                215               3   1.200000e+002   1.822222e+002
*          2.100000e+002                
GRID*                216               3   1.200000e+002   1.644444e+002
*          2.100000e+002                
GRID*                217               3   1.200000e+002   1.466667e+002
*          2.100000e+002                
GRID*                218               3   1.200000e+002   1.288889e+002
*          2.100000e+002                
GRID*                219               3   1.200000e+002   1.111111e+002
*          2.100000e+002                
GRID*                220               3   1.200000e+002   9.333334e+001
*          2.100000e+002                
GRID*                221               3   1.200000e+002   7.555556e+001
*          2.100000e+002                
GRID*                222               3   1.200000e+002   5.777778e+001
*          2.100000e+002                
GRID*                223               3   1.200000e+002   1.822222e+002
*          1.300000e+002                
GRID*                224               3   1.200000e+002   1.644444e+002
*          1.300000e+002                
GRID*                225               3   1.200000e+002   1.466667e+002
*          1.300000e+002                
GRID*                226               3   1.200000e+002   1.288889e+002
*          1.300000e+002                
GRID*                227               3   1.200000e+002   1.111111e+002
*          1.300000e+002                
GRID*                228               3   1.200000e+002   9.333334e+001
*          1.300000e+002                
GRID*                229               3   1.200000e+002   7.555556e+001
*          1.300000e+002                
GRID*                230               3   1.200000e+002   5.777778e+001
*          1.300000e+002                
GRID*                231               3   1.000000e+002   1.977778e+002
*          7.000000e+001                
GRID*                232               3   1.000000e+002   1.755556e+002
*          7.000000e+001                
GRID*                233               3   1.000000e+002   1.533333e+002
*          7.000000e+001                
GRID*                234               3   1.000000e+002   1.311111e+002
*          7.000000e+001                
GRID*                235               3   1.000000e+002   1.088889e+002
*          7.000000e+001                
GRID*                236               3   1.000000e+002   8.666666e+001
*          7.000000e+001                
GRID*                237               3   1.000000e+002   6.444444e+001
*          7.000000e+001                
GRID*                238               3   1.000000e+002   4.222222e+001
*          7.000000e+001                
GRID*                239               3   1.000000e+002   4.222222e+001
*          5.000000e+001                
GRID*                240               3   1.000000e+002   6.444444e+001
*          5.000000e+001                
GRID*                241               3   1.000000e+002   8.666666e+001
*          5.000000e+001                
GRID*                242               3   1.000000e+002   1.088889e+002
*          5.000000e+001                
GRID*                243               3   1.000000e+002   1.311111e+002
*          5.000000e+001                
GRID*                244               3   1.000000e+002   1.533333e+002
*          5.000000e+001                
GRID*                245               3   1.000000e+002   1.755556e+002
*          5.000000e+001                
GRID*                246               3   1.000000e+002   1.977778e+002
*          5.000000e+001                
GRID*                247               3   1.200000e+002   1.822222e+002
*          7.000000e+001                
GRID*                248               3   1.200000e+002   1.644444e+002
*          7.000000e+001                
GRID*                249               3   1.200000e+002   1.466667e+002
*          7.000000e+001                
GRID*                250               3   1.200000e+002   1.288889e+002
*          7.000000e+001                
GRID*                251               3   1.200000e+002   1.111111e+002
*          7.000000e+001                
GRID*                252               3   1.200000e+002   9.333334e+001
*          7.000000e+001                
GRID*                253               3   1.200000e+002   7.555556e+001
*          7.000000e+001                
GRID*                254               3   1.200000e+002   5.777778e+001
*          7.000000e+001                
GRID*                255               3   1.100000e+002   3.000000e+001
*          5.000000e+001                
GRID*                256               3   1.200000e+002   5.777778e+001
*          5.000000e+001                
GRID*                257               3   1.200000e+002   7.555556e+001
*          5.000000e+001                
GRID*                258               3   1.200000e+002   9.333334e+001
*          5.000000e+001                
GRID*                259               3   1.200000e+002   1.111111e+002
*          5.000000e+001                
GRID*                260               3   1.200000e+002   1.288889e+002
*          5.000000e+001                
GRID*                261               3   1.200000e+002   1.466667e+002
*          5.000000e+001                
GRID*                262               3   1.200000e+002   1.644444e+002
*          5.000000e+001                
GRID*                263               3   1.200000e+002   1.822222e+002
*          5.000000e+001                
GRID*                264               3   1.100000e+002   2.100000e+002
*          5.000000e+001                
GRID*                265               3  -6.000000e+001   4.222222e+001
*          1.500000e+002                
GRID*                266               3  -6.000000e+001   6.444444e+001
*          1.500000e+002                
GRID*                267               3  -6.000000e+001   8.666666e+001
*          1.500000e+002                
GRID*                268               3  -6.000000e+001   1.088889e+002
*          1.500000e+002                
GRID*                269               3  -6.000000e+001   1.311111e+002
*          1.500000e+002                
GRID*                270               3  -6.000000e+001   1.533333e+002
*          1.500000e+002                
GRID*                271               3  -6.000000e+001   1.755556e+002
*          1.500000e+002                
GRID*                272               3  -6.000000e+001   1.977778e+002
*          1.500000e+002                
GRID*                273               3  -6.000000e+001   1.977778e+002
*          1.300000e+002                
GRID*                274               3  -6.000000e+001   1.755556e+002
*          1.300000e+002                
GRID*                275               3  -6.000000e+001   1.533333e+002
*          1.300000e+002                
GRID*                276               3  -6.000000e+001   1.311111e+002
*          1.300000e+002                
GRID*                277               3  -6.000000e+001   1.088889e+002
*          1.300000e+002                
GRID*                278               3  -6.000000e+001   8.666666e+001
*          1.300000e+002                
GRID*                279               3  -6.000000e+001   6.444444e+001
*          1.300000e+002                
GRID*                280               3  -6.000000e+001   4.222222e+001
*          1.300000e+002                
GRID*                281               3  -6.000000e+001   4.222222e+001
*          7.000000e+001                
GRID*                282               3  -6.000000e+001   6.444444e+001
*          7.000000e+001                
GRID*                283               3  -6.000000e+001   8.666666e+001
*          7.000000e+001                
GRID*                284               3  -6.000000e+001   1.088889e+002
*          7.000000e+001                
GRID*                285               3  -6.000000e+001   1.311111e+002
*          7.000000e+001                
GRID*                286               3  -6.000000e+001   1.533333e+002
*          7.000000e+001                
GRID*                287               3  -6.000000e+001   1.755556e+002
*          7.000000e+001                
GRID*                288               3  -6.000000e+001   1.977778e+002
*          7.000000e+001                
GRID*                289               3  -6.000000e+001   1.977778e+002
*          5.000000e+001                
GRID*                290               3  -6.000000e+001   1.755556e+002
*          5.000000e+001                
GRID*                291               3  -6.000000e+001   1.533333e+002
*          5.000000e+001                
GRID*                292               3  -6.000000e+001   1.311111e+002
*          5.000000e+001                
GRID*                293               3  -6.000000e+001   1.088889e+002
*          5.000000e+001                
GRID*                294               3  -6.000000e+001   8.666666e+001
*          5.000000e+001                
GRID*                295               3  -6.000000e+001   6.444444e+001
*          5.000000e+001                
GRID*                296               3  -6.000000e+001   4.222222e+001
*          5.000000e+001                
GRID*                297               3  -8.000000e+001   5.777778e+001
*          7.000000e+001                
GRID*                298               3  -8.000000e+001   7.555556e+001
*          7.000000e+001                
GRID*                299               3  -8.000000e+001   9.333334e+001
*          7.000000e+001                
GRID*                300               3  -8.000000e+001   1.111111e+002
*          7.000000e+001                
GRID*                301               3  -8.000000e+001   1.288889e+002
*          7.000000e+001                
GRID*                302               3  -8.000000e+001   1.466667e+002
*          7.000000e+001                
GRID*                303               3  -8.000000e+001   1.644444e+002
*          7.000000e+001                
GRID*                304               3  -8.000000e+001   1.822222e+002
*          7.000000e+001                
GRID*                305               3  -8.000000e+001   5.777778e+001
*          1.500000e+002                
GRID*                306               3  -8.000000e+001   7.555556e+001
*          1.500000e+002                
GRID*                307               3  -8.000000e+001   9.333334e+001
*          1.500000e+002                
GRID*                308               3  -8.000000e+001   1.111111e+002
*          1.500000e+002                
GRID*                309               3  -8.000000e+001   1.288889e+002
*          1.500000e+002                
GRID*                310               3  -8.000000e+001   1.466667e+002
*          1.500000e+002                
GRID*                311               3  -8.000000e+001   1.644444e+002
*          1.500000e+002                
GRID*                312               3  -8.000000e+001   1.822222e+002
*          1.500000e+002                
GRID*                313               3  -8.000000e+001   5.777778e+001
*          1.300000e+002                
GRID*                314               3  -8.000000e+001   7.555556e+001
*          1.300000e+002                
GRID*                315               3  -8.000000e+001   9.333334e+001
*          1.300000e+002                
GRID*                316               3  -8.000000e+001   1.111111e+002
*          1.300000e+002                
GRID*                317               3  -8.000000e+001   1.288889e+002
*          1.300000e+002                
GRID*                318               3  -8.000000e+001   1.466667e+002
*          1.300000e+002                
GRID*                319               3  -8.000000e+001   1.644444e+002
*          1.300000e+002                
GRID*                320               3  -8.000000e+001   1.822222e+002
*          1.300000e+002                
GRID*                321               3  -6.000000e+001   4.222222e+001
*          2.300000e+002                
GRID*                322               3  -6.000000e+001   6.444444e+001
*          2.300000e+002                
GRID*                323               3  -6.000000e+001   8.666666e+001
*          2.300000e+002                
GRID*                324               3  -6.000000e+001   1.088889e+002
*          2.300000e+002                
GRID*                325               3  -6.000000e+001   1.311111e+002
*          2.300000e+002                
GRID*                326               3  -6.000000e+001   1.533333e+002
*          2.300000e+002                
GRID*                327               3  -6.000000e+001   1.755556e+002
*          2.300000e+002                
GRID*                328               3  -6.000000e+001   1.977778e+002
*          2.300000e+002                
GRID*                329               3  -6.000000e+001   1.977778e+002
*          2.100000e+002                
GRID*                330               3  -6.000000e+001   1.755556e+002
*          2.100000e+002                
GRID*                331               3  -6.000000e+001   1.533333e+002
*          2.100000e+002                
GRID*                332               3  -6.000000e+001   1.311111e+002
*          2.100000e+002                
GRID*                333               3  -6.000000e+001   1.088889e+002
*          2.100000e+002                
GRID*                334               3  -6.000000e+001   8.666666e+001
*          2.100000e+002                
GRID*                335               3  -6.000000e+001   6.444444e+001
*          2.100000e+002                
GRID*                336               3  -6.000000e+001   4.222222e+001
*          2.100000e+002                
GRID*                337               3  -8.000000e+001   5.777778e+001
*          2.300000e+002                
GRID*                338               3  -8.000000e+001   7.555556e+001
*          2.300000e+002                
GRID*                339               3  -8.000000e+001   9.333334e+001
*          2.300000e+002                
GRID*                340               3  -8.000000e+001   1.111111e+002
*          2.300000e+002                
GRID*                341               3  -8.000000e+001   1.288889e+002
*          2.300000e+002                
GRID*                342               3  -8.000000e+001   1.466667e+002
*          2.300000e+002                
GRID*                343               3  -8.000000e+001   1.644444e+002
*          2.300000e+002                
GRID*                344               3  -8.000000e+001   1.822222e+002
*          2.300000e+002                
GRID*                345               3  -8.000000e+001   5.777778e+001
*          2.100000e+002                
GRID*                346               3  -8.000000e+001   7.555556e+001
*          2.100000e+002                
GRID*                347               3  -8.000000e+001   9.333334e+001
*          2.100000e+002                
GRID*                348               3  -8.000000e+001   1.111111e+002
*          2.100000e+002                
GRID*                349               3  -8.000000e+001   1.288889e+002
*          2.100000e+002                
GRID*                350               3  -8.000000e+001   1.466667e+002
*          2.100000e+002                
GRID*                351               3  -8.000000e+001   1.644444e+002
*          2.100000e+002                
GRID*                352               3  -8.000000e+001   1.822222e+002
*          2.100000e+002                
GRID*                353               3  -7.000000e+001   2.100000e+002
*          5.000000e+001                
GRID*                354               3  -8.000000e+001   1.822222e+002
*          5.000000e+001                
GRID*                355               3  -8.000000e+001   1.644444e+002
*          5.000000e+001                
GRID*                356               3  -8.000000e+001   1.466667e+002
*          5.000000e+001                
GRID*                357               3  -8.000000e+001   1.288889e+002
*          5.000000e+001                
GRID*                358               3  -8.000000e+001   1.111111e+002
*          5.000000e+001                
GRID*                359               3  -8.000000e+001   9.333334e+001
*          5.000000e+001                
GRID*                360               3  -8.000000e+001   7.555556e+001
*          5.000000e+001                
GRID*                361               3  -8.000000e+001   5.777778e+001
*          5.000000e+001                
GRID*                362               3  -7.000000e+001   3.000000e+001
*          5.000000e+001                
GRID*                363               3  -8.000000e+001   4.000000e+001
*          2.500000e+001                
GRID*                364               3  -6.666666e+001   2.666667e+001
*          0.000000e+000                
GRID*                365               3  -5.333333e+001   1.333333e+001
*          0.000000e+000                
GRID*                366               3  -4.000000e+001   0.000000e+000
*          2.500000e+001                
GRID*                367               3  -8.000000e+001   4.000000e+001
*          1.100000e+002                
GRID*                368               3  -8.000000e+001   4.000000e+001
*          9.000000e+001                
GRID*                369               3  -4.000000e+001   0.000000e+000
*          9.000000e+001                
GRID*                370               3  -4.000000e+001   0.000000e+000
*          1.100000e+002                
GRID*                371               3  -4.000000e+001   0.000000e+000
*          2.475000e+002                
GRID*                372               3  -4.000000e+001   0.000000e+000
*          2.650000e+002                
GRID*                373               3  -4.000000e+001   0.000000e+000
*          2.825000e+002                
GRID*                374               3  -6.000000e+001   2.000000e+001
*          3.000000e+002                
GRID*                375               3  -8.000000e+001   4.000000e+001
*          2.825000e+002                
GRID*                376               3  -8.000000e+001   4.000000e+001
*          2.650000e+002                
GRID*                377               3  -8.000000e+001   4.000000e+001
*          2.475000e+002                
GRID*                378               3  -8.000000e+001   4.000000e+001
*          1.900000e+002                
GRID*                379               3  -8.000000e+001   4.000000e+001
*          1.700000e+002                
GRID*                380               3  -4.000000e+001   0.000000e+000
*          1.700000e+002                
GRID*                381               3  -4.000000e+001   0.000000e+000
*          1.900000e+002                
GRID*                382               3   5.600000e+001   0.000000e+000
*          5.000000e+001                
GRID*                383               3   3.200000e+001   0.000000e+000
*          5.000000e+001                
GRID*                384               3   8.000000e+000   0.000000e+000
*          5.000000e+001                
GRID*                385               3  -1.600000e+001   0.000000e+000
*          5.000000e+001                
GRID*                386               3  -1.600000e+001   0.000000e+000
*          0.000000e+000                
GRID*                387               3   8.000000e+000   0.000000e+000
*          0.000000e+000                
GRID*                388               3   3.200000e+001   0.000000e+000
*          0.000000e+000                
GRID*                389               3   5.600000e+001   0.000000e+000
*          0.000000e+000                
GRID*                390               3   8.000000e+001   0.000000e+000
*          2.500000e+001                
GRID*                391               3   5.600000e+001   0.000000e+000
*          7.000000e+001                
GRID*                392               3   3.200000e+001   0.000000e+000
*          7.000000e+001                
GRID*                393               3   8.000000e+000   0.000000e+000
*          7.000000e+001                
GRID*                394               3  -1.600000e+001   0.000000e+000
*          7.000000e+001                
GRID*                395               3   5.600000e+001   0.000000e+000
*          1.300000e+002                
GRID*                396               3   3.200000e+001   0.000000e+000
*          1.300000e+002                
GRID*                397               3   8.000000e+000   0.000000e+000
*          1.300000e+002                
GRID*                398               3  -1.600000e+001   0.000000e+000
*          1.300000e+002                
GRID*                399               3   8.000000e+001   0.000000e+000
*          9.000000e+001                
GRID*                400               3   8.000000e+001   0.000000e+000
*          1.100000e+002                
GRID*                401               3  -1.600000e+001   0.000000e+000
*          2.300000e+002                
GRID*                402               3   8.000000e+000   0.000000e+000
*          2.300000e+002                
GRID*                403               3   3.200000e+001   0.000000e+000
*          2.300000e+002                
GRID*                404               3   5.600000e+001   0.000000e+000
*          2.300000e+002                
GRID*                405               3   8.000000e+001   0.000000e+000
*          2.475000e+002                
GRID*                406               3   8.000000e+001   0.000000e+000
*          2.650000e+002                
GRID*                407               3   8.000000e+001   0.000000e+000
*          2.825000e+002                
GRID*                408               3   5.600000e+001   0.000000e+000
*          3.000000e+002                
GRID*                409               3   3.200000e+001   0.000000e+000
*          3.000000e+002                
GRID*                410               3   8.000000e+000   0.000000e+000
*          3.000000e+002                
GRID*                411               3  -1.600000e+001   0.000000e+000
*          3.000000e+002                
GRID*                412               3   5.600000e+001   0.000000e+000
*          1.500000e+002                
GRID*                413               3   3.200000e+001   0.000000e+000
*          1.500000e+002                
GRID*                414               3   8.000000e+000   0.000000e+000
*          1.500000e+002                
GRID*                415               3  -1.600000e+001   0.000000e+000
*          1.500000e+002                
GRID*                416               3  -1.600000e+001   0.000000e+000
*          2.100000e+002                
GRID*                417               3   8.000000e+000   0.000000e+000
*          2.100000e+002                
GRID*                418               3   3.200000e+001   0.000000e+000
*          2.100000e+002                
GRID*                419               3   5.600000e+001   0.000000e+000
*          2.100000e+002                
GRID*                420               3  -8.000000e+001   2.000000e+002
*          2.500000e+001                
GRID*                421               3  -8.000000e+001   1.822222e+002
*          0.000000e+000                
GRID*                422               3  -8.000000e+001   1.644444e+002
*          0.000000e+000                
GRID*                423               3  -8.000000e+001   1.466667e+002
*          0.000000e+000                
GRID*                424               3  -8.000000e+001   1.288889e+002
*          0.000000e+000                
GRID*                425               3  -8.000000e+001   1.111111e+002
*          0.000000e+000                
GRID*                426               3  -8.000000e+001   9.333334e+001
*          0.000000e+000                
GRID*                427               3  -8.000000e+001   7.555556e+001
*          0.000000e+000                
GRID*                428               3  -8.000000e+001   5.777778e+001
*          0.000000e+000                
GRID*                429               3  -8.000000e+001   2.000000e+002
*          1.100000e+002                
GRID*                430               3  -8.000000e+001   2.000000e+002
*          9.000000e+001                
GRID*                431               3  -8.000000e+001   5.777778e+001
*          3.000000e+002                
GRID*                432               3  -8.000000e+001   7.555556e+001
*          3.000000e+002                
GRID*                433               3  -8.000000e+001   9.333334e+001
*          3.000000e+002                
GRID*                434               3  -8.000000e+001   1.111111e+002
*          3.000000e+002                
GRID*                435               3  -8.000000e+001   1.288889e+002
*          3.000000e+002                
GRID*                436               3  -8.000000e+001   1.466667e+002
*          3.000000e+002                
GRID*                437               3  -8.000000e+001   1.644444e+002
*          3.000000e+002                
GRID*                438               3  -8.000000e+001   1.822222e+002
*          3.000000e+002                
GRID*                439               3  -8.000000e+001   2.000000e+002
*          2.825000e+002                
GRID*                440               3  -8.000000e+001   2.000000e+002
*          2.650000e+002                
GRID*                441               3  -8.000000e+001   2.000000e+002
*          2.475000e+002                
GRID*                442               3  -8.000000e+001   2.000000e+002
*          1.900000e+002                
GRID*                443               3  -8.000000e+001   2.000000e+002
*          1.700000e+002                
GRID*                444               3   9.333334e+001   1.333333e+001
*          0.000000e+000                
GRID*                445               3   1.066667e+002   2.666667e+001
*          0.000000e+000                
GRID*                446               3   1.200000e+002   4.000000e+001
*          2.500000e+001                
GRID*                447               3   1.200000e+002   4.000000e+001
*          9.000000e+001                
GRID*                448               3   1.200000e+002   4.000000e+001
*          1.100000e+002                
GRID*                449               3   1.200000e+002   4.000000e+001
*          2.475000e+002                
GRID*                450               3   1.200000e+002   4.000000e+001
*          2.650000e+002                
GRID*                451               3   1.200000e+002   4.000000e+001
*          2.825000e+002                
GRID*                452               3   1.000000e+002   2.000000e+001
*          3.000000e+002                
GRID*                453               3  -4.000000e+001   2.400000e+002
*          2.500000e+001                
GRID*                454               3  -5.333333e+001   2.266667e+002
*          0.000000e+000                
GRID*                455               3  -6.666666e+001   2.133333e+002
*          0.000000e+000                
GRID*                456               3  -4.000000e+001   2.400000e+002
*          1.100000e+002                
GRID*                457               3  -4.000000e+001   2.400000e+002
*          9.000000e+001                
GRID*                458               3  -6.000000e+001   2.200000e+002
*          3.000000e+002                
GRID*                459               3  -4.000000e+001   2.400000e+002
*          2.825000e+002                
GRID*                460               3  -4.000000e+001   2.400000e+002
*          2.650000e+002                
GRID*                461               3  -4.000000e+001   2.400000e+002
*          2.475000e+002                
GRID*                462               3  -4.000000e+001   2.400000e+002
*          1.900000e+002                
GRID*                463               3  -4.000000e+001   2.400000e+002
*          1.700000e+002                
GRID*                464               3   1.200000e+002   5.777778e+001
*          0.000000e+000                
GRID*                465               3   1.200000e+002   7.555556e+001
*          0.000000e+000                
GRID*                466               3   1.200000e+002   9.333334e+001
*          0.000000e+000                
GRID*                467               3   1.200000e+002   1.111111e+002
*          0.000000e+000                
GRID*                468               3   1.200000e+002   1.288889e+002
*          0.000000e+000                
GRID*                469               3   1.200000e+002   1.466667e+002
*          0.000000e+000                
GRID*                470               3   1.200000e+002   1.644444e+002
*          0.000000e+000                
GRID*                471               3   1.200000e+002   1.822222e+002
*          0.000000e+000                
GRID*                472               3   1.200000e+002   2.000000e+002
*          2.500000e+001                
GRID*                473               3   1.200000e+002   2.000000e+002
*          9.000000e+001                
GRID*                474               3   1.200000e+002   2.000000e+002
*          1.100000e+002                
GRID*                475               3   1.200000e+002   2.000000e+002
*          2.475000e+002                
GRID*                476               3   1.200000e+002   2.000000e+002
*          2.650000e+002                
GRID*                477               3   1.200000e+002   2.000000e+002
*          2.825000e+002                
GRID*                478               3   1.200000e+002   1.822222e+002
*          3.000000e+002                
GRID*                479               3   1.200000e+002   1.644444e+002
*          3.000000e+002                
GRID*                480               3   1.200000e+002   1.466667e+002
*          3.000000e+002                
GRID*                481               3   1.200000e+002   1.288889e+002
*          3.000000e+002                
GRID*                482               3   1.200000e+002   1.111111e+002
*          3.000000e+002                
GRID*                483               3   1.200000e+002   9.333334e+001
*          3.000000e+002                
GRID*                484               3   1.200000e+002   7.555556e+001
*          3.000000e+002                
GRID*                485               3   1.200000e+002   5.777778e+001
*          3.000000e+002                
GRID*                486               3  -1.600000e+001   2.400000e+002
*          5.000000e+001                
GRID*                487               3   8.000000e+000   2.400000e+002
*          5.000000e+001                
GRID*                488               3   3.200000e+001   2.400000e+002
*          5.000000e+001                
GRID*                489               3   5.600000e+001   2.400000e+002
*          5.000000e+001                
GRID*                490               3   8.000000e+001   2.400000e+002
*          2.500000e+001                
GRID*                491               3   5.600000e+001   2.400000e+002
*          0.000000e+000                
GRID*                492               3   3.200000e+001   2.400000e+002
*          0.000000e+000                
GRID*                493               3   8.000000e+000   2.400000e+002
*          0.000000e+000                
GRID*                494               3  -1.600000e+001   2.400000e+002
*          0.000000e+000                
GRID*                495               3  -1.600000e+001   2.400000e+002
*          7.000000e+001                
GRID*                496               3   8.000000e+000   2.400000e+002
*          7.000000e+001                
GRID*                497               3   3.200000e+001   2.400000e+002
*          7.000000e+001                
GRID*                498               3   5.600000e+001   2.400000e+002
*          7.000000e+001                
GRID*                499               3  -1.600000e+001   2.400000e+002
*          1.300000e+002                
GRID*                500               3   8.000000e+000   2.400000e+002
*          1.300000e+002                
GRID*                501               3   3.200000e+001   2.400000e+002
*          1.300000e+002                
GRID*                502               3   5.600000e+001   2.400000e+002
*          1.300000e+002                
GRID*                503               3   8.000000e+001   2.400000e+002
*          1.100000e+002                
GRID*                504               3   8.000000e+001   2.400000e+002
*          9.000000e+001                
GRID*                505               3  -1.600000e+001   2.400000e+002
*          1.500000e+002                
GRID*                506               3   8.000000e+000   2.400000e+002
*          1.500000e+002                
GRID*                507               3   3.200000e+001   2.400000e+002
*          1.500000e+002                
GRID*                508               3   5.600000e+001   2.400000e+002
*          1.500000e+002                
GRID*                509               3   5.600000e+001   2.400000e+002
*          2.300000e+002                
GRID*                510               3   3.200000e+001   2.400000e+002
*          2.300000e+002                
GRID*                511               3   8.000000e+000   2.400000e+002
*          2.300000e+002                
GRID*                512               3  -1.600000e+001   2.400000e+002
*          2.300000e+002                
GRID*                513               3  -1.600000e+001   2.400000e+002
*          3.000000e+002                
GRID*                514               3   8.000000e+000   2.400000e+002
*          3.000000e+002                
GRID*                515               3   3.200000e+001   2.400000e+002
*          3.000000e+002                
GRID*                516               3   5.600000e+001   2.400000e+002
*          3.000000e+002                
GRID*                517               3   8.000000e+001   2.400000e+002
*          2.825000e+002                
GRID*                518               3   8.000000e+001   2.400000e+002
*          2.650000e+002                
GRID*                519               3   8.000000e+001   2.400000e+002
*          2.475000e+002                
GRID*                520               3  -1.600000e+001   2.400000e+002
*          2.100000e+002                
GRID*                521               3   8.000000e+000   2.400000e+002
*          2.100000e+002                
GRID*                522               3   3.200000e+001   2.400000e+002
*          2.100000e+002                
GRID*                523               3   5.600000e+001   2.400000e+002
*          2.100000e+002                
GRID*                524               3   8.000000e+001   2.400000e+002
*          1.900000e+002                
GRID*                525               3   8.000000e+001   2.400000e+002
*          1.700000e+002                
GRID*                526               3   1.066667e+002   2.133333e+002
*          0.000000e+000                
GRID*                527               3   9.333334e+001   2.266667e+002
*          0.000000e+000                
GRID*                528               3   1.000000e+002   2.200000e+002
*          3.000000e+002                
GRID*                529               3   9.600000e+001   2.000000e+002
*          3.800000e+002                
GRID*                530               3   1.020000e+002   2.000000e+002
*          3.600000e+002                
GRID*                531               3   1.080000e+002   2.000000e+002
*          3.400000e+002                
GRID*                532               3   1.140000e+002   2.000000e+002
*          3.200000e+002                
GRID*                533               3   7.200000e+001   2.380000e+002
*          3.200000e+002                
GRID*                534               3   6.400000e+001   2.360000e+002
*          3.400000e+002                
GRID*                535               3   5.600000e+001   2.340000e+002
*          3.600000e+002                
GRID*                536               3   4.800000e+001   2.320000e+002
*          3.800000e+002                
GRID*                537               3   9.600000e+001   4.000000e+001
*          3.800000e+002                
GRID*                538               3   1.020000e+002   4.000000e+001
*          3.600000e+002                
GRID*                539               3   1.080000e+002   4.000000e+001
*          3.400000e+002                
GRID*                540               3   1.140000e+002   4.000000e+001
*          3.200000e+002                
GRID*                541               3   4.800000e+001   1.200000e+001
*          3.800000e+002                
GRID*                542               3   5.600000e+001   9.000000e+000
*          3.600000e+002                
GRID*                543               3   6.400000e+001   6.000000e+000
*          3.400000e+002                
GRID*                544               3   7.200000e+001   3.000000e+000
*          3.200000e+002                
GRID*                545               3   2.300000e+001   1.500000e+001
*          4.000000e+002                
GRID*                546               3   6.000000e+000   1.500000e+001
*          4.000000e+002                
GRID*                547               3  -1.100000e+001   1.500000e+001
*          4.000000e+002                
GRID*                548               3  -2.800000e+001   1.500000e+001
*          4.000000e+002                
GRID*                549               3  -4.400000e+001   1.200000e+001
*          3.800000e+002                
GRID*                550               3  -4.300000e+001   9.000000e+000
*          3.600000e+002                
GRID*                551               3  -4.200000e+001   6.000000e+000
*          3.400000e+002                
GRID*                552               3  -4.100000e+001   3.000000e+000
*          3.200000e+002                
GRID*                553               3  -7.200000e+001   4.000000e+001
*          3.800000e+002                
GRID*                554               3  -7.400000e+001   4.000000e+001
*          3.600000e+002                
GRID*                555               3  -7.600000e+001   4.000000e+001
*          3.400000e+002                
GRID*                556               3  -7.800000e+001   4.000000e+001
*          3.200000e+002                
GRID*                557               3  -7.200000e+001   2.000000e+002
*          3.800000e+002                
GRID*                558               3  -7.400000e+001   2.000000e+002
*          3.600000e+002                
GRID*                559               3  -7.600000e+001   2.000000e+002
*          3.400000e+002                
GRID*                560               3  -7.800000e+001   2.000000e+002
*          3.200000e+002                
GRID*                561               3  -4.000000e+001   2.320000e+002
*          3.800000e+002                
GRID*                562               3  -4.000000e+001   2.340000e+002
*          3.600000e+002                
GRID*                563               3  -4.000000e+001   2.360000e+002
*          3.400000e+002                
GRID*                564               3  -4.000000e+001   2.380000e+002
*          3.200000e+002                
GRID*                565               3  -2.400000e+001   2.300000e+002
*          4.000000e+002                
GRID*                566               3  -8.000000e+000   2.300000e+002
*          4.000000e+002                
GRID*                567               3   8.000000e+000   2.300000e+002
*          4.000000e+002                
GRID*                568               3   2.400000e+001   2.300000e+002
*          4.000000e+002                
GRID*                569               3   1.200000e+002   2.000000e+002
*          1.900000e+002                
GRID*                570               3   1.200000e+002   2.000000e+002
*          1.700000e+002                
GRID*                571               3   1.200000e+002   4.000000e+001
*          1.900000e+002                
GRID*                572               3   1.200000e+002   4.000000e+001
*          1.700000e+002                
GRID*                573               3   8.000000e+001   0.000000e+000
*          1.900000e+002                
GRID*                574               3   8.000000e+001   0.000000e+000
*          1.700000e+002                
GRID*                575               3  -8.707107e+001   2.212132e+002
*          0.000000e+000                
GRID*                576               3  -7.414214e+001   2.341421e+002
*          0.000000e+000                
GRID*                577               3  -6.121320e+001   2.470711e+002
*          0.000000e+000                
GRID*                578               3  -2.877448e+001   2.600000e+002
*          0.000000e+000                
GRID*                579               3  -9.264688e+000   2.600000e+002
*          0.000000e+000                
GRID*                580               3   1.024510e+001   2.600000e+002
*          0.000000e+000                
GRID*                581               3   2.975490e+001   2.600000e+002
*          0.000000e+000                
GRID*                582               3   4.926469e+001   2.600000e+002
*          0.000000e+000                
GRID*                583               3   6.877448e+001   2.600000e+002
*          0.000000e+000                
GRID*                584               3   1.012132e+002   2.470711e+002
*          0.000000e+000                
GRID*                585               3   1.141421e+002   2.341421e+002
*          0.000000e+000                
GRID*                586               3   1.270711e+002   2.212132e+002
*          0.000000e+000                
GRID*                587               3   1.400000e+002   1.886655e+002
*          0.000000e+000                
GRID*                588               3   1.400000e+002   1.690468e+002
*          0.000000e+000                
GRID*                589               3   1.400000e+002   1.494281e+002
*          0.000000e+000                
GRID*                590               3   1.400000e+002   1.298094e+002
*          0.000000e+000                
GRID*                591               3   1.400000e+002   1.101906e+002
*          0.000000e+000                
GRID*                592               3   1.400000e+002   9.057191e+001
*          0.000000e+000                
GRID*                593               3   1.400000e+002   7.095319e+001
*          0.000000e+000                
GRID*                594               3   1.400000e+002   5.133446e+001
*          0.000000e+000                
GRID*                595               3   1.270711e+002   1.878680e+001
*          0.000000e+000                
GRID*                596               3   1.141421e+002   5.857864e+000
*          0.000000e+000                
GRID*                597               3   1.012132e+002  -7.071068e+000
*          0.000000e+000                
GRID*                598               3   6.877448e+001  -2.000000e+001
*          0.000000e+000                
GRID*                599               3   4.926469e+001  -2.000000e+001
*          0.000000e+000                
GRID*                600               3   2.975490e+001  -2.000000e+001
*          0.000000e+000                
GRID*                601               3   1.024510e+001  -2.000000e+001
*          0.000000e+000                
GRID*                602               3  -9.264688e+000  -2.000000e+001
*          0.000000e+000                
GRID*                603               3  -2.877448e+001  -2.000000e+001
*          0.000000e+000                
GRID*                604               3  -6.121320e+001  -7.071068e+000
*          0.000000e+000                
GRID*                605               3  -7.414214e+001   5.857864e+000
*          0.000000e+000                
GRID*                606               3  -8.707107e+001   1.878680e+001
*          0.000000e+000                
GRID*                607               3  -1.000000e+002   5.133446e+001
*          0.000000e+000                
GRID*                608               3  -1.000000e+002   7.095319e+001
*          0.000000e+000                
GRID*                609               3  -1.000000e+002   9.057191e+001
*          0.000000e+000                
GRID*                610               3  -1.000000e+002   1.101906e+002
*          0.000000e+000                
GRID*                611               3  -1.000000e+002   1.298094e+002
*          0.000000e+000                
GRID*                612               3  -1.000000e+002   1.494281e+002
*          0.000000e+000                
GRID*                613               3  -1.000000e+002   1.690468e+002
*          0.000000e+000                
GRID*                614               3  -1.000000e+002   1.886655e+002
*          0.000000e+000                
GRID*                615               3  -5.500000e+001   2.150000e+002
*          4.400000e+002                
GRID*                616               3  -5.500000e+001   2.150000e+002
*          4.200000e+002                
GRID*                617               3  -7.000000e+001   1.822222e+002
*          4.400000e+002                
GRID*                618               3  -7.000000e+001   1.644444e+002
*          4.400000e+002                
GRID*                619               3  -7.000000e+001   1.466667e+002
*          4.400000e+002                
GRID*                620               3  -7.000000e+001   1.288889e+002
*          4.400000e+002                
GRID*                621               3  -7.000000e+001   1.111111e+002
*          4.400000e+002                
GRID*                622               3  -7.000000e+001   9.333334e+001
*          4.400000e+002                
GRID*                623               3  -7.000000e+001   7.555556e+001
*          4.400000e+002                
GRID*                624               3  -7.000000e+001   5.777778e+001
*          4.400000e+002                
GRID*                625               3  -7.000000e+001   1.822222e+002
*          4.200000e+002                
GRID*                626               3  -7.000000e+001   1.644444e+002
*          4.200000e+002                
GRID*                627               3  -7.000000e+001   1.466667e+002
*          4.200000e+002                
GRID*                628               3  -7.000000e+001   1.288889e+002
*          4.200000e+002                
GRID*                629               3  -7.000000e+001   1.111111e+002
*          4.200000e+002                
GRID*                630               3  -7.000000e+001   9.333334e+001
*          4.200000e+002                
GRID*                631               3  -7.000000e+001   7.555556e+001
*          4.200000e+002                
GRID*                632               3  -7.000000e+001   5.777778e+001
*          4.200000e+002                
GRID*                633               3  -5.750000e+001   2.750000e+001
*          4.400000e+002                
GRID*                634               3  -5.750000e+001   2.750000e+001
*          4.200000e+002                
GRID*                635               3   9.000000e+001   1.822222e+002
*          4.400000e+002                
GRID*                636               3   9.000000e+001   1.644444e+002
*          4.400000e+002                
GRID*                637               3   9.000000e+001   1.466667e+002
*          4.400000e+002                
GRID*                638               3   9.000000e+001   1.288889e+002
*          4.400000e+002                
GRID*                639               3   9.000000e+001   1.111111e+002
*          4.400000e+002                
GRID*                640               3   9.000000e+001   9.333334e+001
*          4.400000e+002                
GRID*                641               3   9.000000e+001   7.555556e+001
*          4.400000e+002                
GRID*                642               3   9.000000e+001   5.777778e+001
*          4.400000e+002                
GRID*                643               3   9.000000e+001   1.822222e+002
*          4.200000e+002                
GRID*                644               3   9.000000e+001   1.644444e+002
*          4.200000e+002                
GRID*                645               3   9.000000e+001   1.466667e+002
*          4.200000e+002                
GRID*                646               3   9.000000e+001   1.288889e+002
*          4.200000e+002                
GRID*                647               3   9.000000e+001   1.111111e+002
*          4.200000e+002                
GRID*                648               3   9.000000e+001   9.333334e+001
*          4.200000e+002                
GRID*                649               3   9.000000e+001   7.555556e+001
*          4.200000e+002                
GRID*                650               3   9.000000e+001   5.777778e+001
*          4.200000e+002                
GRID*                651               3   1.100000e+002   1.900000e+002
*          5.000000e+001                
GRID*                652               3   1.100000e+002   1.700000e+002
*          5.000000e+001                
GRID*                653               3   1.100000e+002   1.500000e+002
*          5.000000e+001                
GRID*                654               3   1.100000e+002   1.300000e+002
*          5.000000e+001                
GRID*                655               3   1.100000e+002   1.100000e+002
*          5.000000e+001                
GRID*                656               3   1.100000e+002   9.000000e+001
*          5.000000e+001                
GRID*                657               3   1.100000e+002   7.000000e+001
*          5.000000e+001                
GRID*                658               3   1.100000e+002   5.000000e+001
*          5.000000e+001                
GRID*                659               3  -7.000000e+001   5.000000e+001
*          5.000000e+001                
GRID*                660               3  -7.000000e+001   7.000000e+001
*          5.000000e+001                
GRID*                661               3  -7.000000e+001   9.000000e+001
*          5.000000e+001                
GRID*                662               3  -7.000000e+001   1.100000e+002
*          5.000000e+001                
GRID*                663               3  -7.000000e+001   1.300000e+002
*          5.000000e+001                
GRID*                664               3  -7.000000e+001   1.500000e+002
*          5.000000e+001                
GRID*                665               3  -7.000000e+001   1.700000e+002
*          5.000000e+001                
GRID*                666               3  -7.000000e+001   1.900000e+002
*          5.000000e+001                
GRID*                667               3  -5.666667e+001   1.666667e+001
*          2.500000e+001                
GRID*                668               3  -6.833334e+001   2.833334e+001
*          2.500000e+001                
GRID*                669               3  -6.000000e+001   2.000000e+001
*          1.100000e+002                
GRID*                670               3  -6.000000e+001   2.000000e+001
*          9.000000e+001                
GRID*                671               3  -6.000000e+001   2.000000e+001
*          2.475000e+002                
GRID*                672               3  -6.000000e+001   2.000000e+001
*          2.650000e+002                
GRID*                673               3  -6.000000e+001   2.000000e+001
*          2.825000e+002                
GRID*                674               3  -6.000000e+001   2.000000e+001
*          1.900000e+002                
GRID*                675               3  -6.000000e+001   2.000000e+001
*          1.700000e+002                
GRID*                676               3   5.600000e+001   0.000000e+000
*          2.500000e+001                
GRID*                677               3   3.200000e+001   0.000000e+000
*          2.500000e+001                
GRID*                678               3   8.000000e+000   0.000000e+000
*          2.500000e+001                
GRID*                679               3  -1.600000e+001   0.000000e+000
*          2.500000e+001                
GRID*                680               3   5.600000e+001   0.000000e+000
*          1.100000e+002                
GRID*                681               3   3.200000e+001   0.000000e+000
*          1.100000e+002                
GRID*                682               3   8.000000e+000   0.000000e+000
*          1.100000e+002                
GRID*                683               3  -1.600000e+001   0.000000e+000
*          1.100000e+002                
GRID*                684               3   5.600000e+001   0.000000e+000
*          9.000000e+001                
GRID*                685               3   3.200000e+001   0.000000e+000
*          9.000000e+001                
GRID*                686               3   8.000000e+000   0.000000e+000
*          9.000000e+001                
GRID*                687               3  -1.600000e+001   0.000000e+000
*          9.000000e+001                
GRID*                688               3  -1.600000e+001   0.000000e+000
*          2.475000e+002                
GRID*                689               3   8.000000e+000   0.000000e+000
*          2.475000e+002                
GRID*                690               3   3.200000e+001   0.000000e+000
*          2.475000e+002                
GRID*                691               3   5.600000e+001   0.000000e+000
*          2.475000e+002                
GRID*                692               3  -1.600000e+001   0.000000e+000
*          2.650000e+002                
GRID*                693               3   8.000000e+000   0.000000e+000
*          2.650000e+002                
GRID*                694               3   3.200000e+001   0.000000e+000
*          2.650000e+002                
GRID*                695               3   5.600000e+001   0.000000e+000
*          2.650000e+002                
GRID*                696               3  -1.600000e+001   0.000000e+000
*          2.825000e+002                
GRID*                697               3   8.000000e+000   0.000000e+000
*          2.825000e+002                
GRID*                698               3   3.200000e+001   0.000000e+000
*          2.825000e+002                
GRID*                699               3   5.600000e+001   0.000000e+000
*          2.825000e+002                
GRID*                700               3  -8.000000e+001   5.777778e+001
*          2.500000e+001                
GRID*                701               3  -8.000000e+001   7.555556e+001
*          2.500000e+001                
GRID*                702               3  -8.000000e+001   9.333334e+001
*          2.500000e+001                
GRID*                703               3  -8.000000e+001   1.111111e+002
*          2.500000e+001                
GRID*                704               3  -8.000000e+001   1.288889e+002
*          2.500000e+001                
GRID*                705               3  -8.000000e+001   1.466667e+002
*          2.500000e+001                
GRID*                706               3  -8.000000e+001   1.644444e+002
*          2.500000e+001                
GRID*                707               3  -8.000000e+001   1.822222e+002
*          2.500000e+001                
GRID*                708               3  -8.000000e+001   5.777778e+001
*          1.100000e+002                
GRID*                709               3  -8.000000e+001   7.555556e+001
*          1.100000e+002                
GRID*                710               3  -8.000000e+001   9.333334e+001
*          1.100000e+002                
GRID*                711               3  -8.000000e+001   1.111111e+002
*          1.100000e+002                
GRID*                712               3  -8.000000e+001   1.288889e+002
*          1.100000e+002                
GRID*                713               3  -8.000000e+001   1.466667e+002
*          1.100000e+002                
GRID*                714               3  -8.000000e+001   1.644444e+002
*          1.100000e+002                
GRID*                715               3  -8.000000e+001   1.822222e+002
*          1.100000e+002                
GRID*                716               3  -8.000000e+001   5.777778e+001
*          9.000000e+001                
GRID*                717               3  -8.000000e+001   7.555556e+001
*          9.000000e+001                
GRID*                718               3  -8.000000e+001   9.333334e+001
*          9.000000e+001                
GRID*                719               3  -8.000000e+001   1.111111e+002
*          9.000000e+001                
GRID*                720               3  -8.000000e+001   1.288889e+002
*          9.000000e+001                
GRID*                721               3  -8.000000e+001   1.466667e+002
*          9.000000e+001                
GRID*                722               3  -8.000000e+001   1.644444e+002
*          9.000000e+001                
GRID*                723               3  -8.000000e+001   1.822222e+002
*          9.000000e+001                
GRID*                724               3  -8.000000e+001   1.822222e+002
*          2.475000e+002                
GRID*                725               3  -8.000000e+001   1.644444e+002
*          2.475000e+002                
GRID*                726               3  -8.000000e+001   1.466667e+002
*          2.475000e+002                
GRID*                727               3  -8.000000e+001   1.288889e+002
*          2.475000e+002                
GRID*                728               3  -8.000000e+001   1.111111e+002
*          2.475000e+002                
GRID*                729               3  -8.000000e+001   9.333334e+001
*          2.475000e+002                
GRID*                730               3  -8.000000e+001   7.555556e+001
*          2.475000e+002                
GRID*                731               3  -8.000000e+001   5.777778e+001
*          2.475000e+002                
GRID*                732               3  -8.000000e+001   1.822222e+002
*          2.650000e+002                
GRID*                733               3  -8.000000e+001   1.644444e+002
*          2.650000e+002                
GRID*                734               3  -8.000000e+001   1.466667e+002
*          2.650000e+002                
GRID*                735               3  -8.000000e+001   1.288889e+002
*          2.650000e+002                
GRID*                736               3  -8.000000e+001   1.111111e+002
*          2.650000e+002                
GRID*                737               3  -8.000000e+001   9.333334e+001
*          2.650000e+002                
GRID*                738               3  -8.000000e+001   7.555556e+001
*          2.650000e+002                
GRID*                739               3  -8.000000e+001   5.777778e+001
*          2.650000e+002                
GRID*                740               3  -8.000000e+001   1.822222e+002
*          2.825000e+002                
GRID*                741               3  -8.000000e+001   1.644444e+002
*          2.825000e+002                
GRID*                742               3  -8.000000e+001   1.466667e+002
*          2.825000e+002                
GRID*                743               3  -8.000000e+001   1.288889e+002
*          2.825000e+002                
GRID*                744               3  -8.000000e+001   1.111111e+002
*          2.825000e+002                
GRID*                745               3  -8.000000e+001   9.333334e+001
*          2.825000e+002                
GRID*                746               3  -8.000000e+001   7.555556e+001
*          2.825000e+002                
GRID*                747               3  -8.000000e+001   5.777778e+001
*          2.825000e+002                
GRID*                748               3  -8.000000e+001   5.777778e+001
*          1.900000e+002                
GRID*                749               3  -8.000000e+001   7.555556e+001
*          1.900000e+002                
GRID*                750               3  -8.000000e+001   9.333334e+001
*          1.900000e+002                
GRID*                751               3  -8.000000e+001   1.111111e+002
*          1.900000e+002                
GRID*                752               3  -8.000000e+001   1.288889e+002
*          1.900000e+002                
GRID*                753               3  -8.000000e+001   1.466667e+002
*          1.900000e+002                
GRID*                754               3  -8.000000e+001   1.644444e+002
*          1.900000e+002                
GRID*                755               3  -8.000000e+001   1.822222e+002
*          1.900000e+002                
GRID*                756               3  -8.000000e+001   5.777778e+001
*          1.700000e+002                
GRID*                757               3  -8.000000e+001   7.555556e+001
*          1.700000e+002                
GRID*                758               3  -8.000000e+001   9.333334e+001
*          1.700000e+002                
GRID*                759               3  -8.000000e+001   1.111111e+002
*          1.700000e+002                
GRID*                760               3  -8.000000e+001   1.288889e+002
*          1.700000e+002                
GRID*                761               3  -8.000000e+001   1.466667e+002
*          1.700000e+002                
GRID*                762               3  -8.000000e+001   1.644444e+002
*          1.700000e+002                
GRID*                763               3  -8.000000e+001   1.822222e+002
*          1.700000e+002                
GRID*                764               3   1.083333e+002   2.833334e+001
*          2.500000e+001                
GRID*                765               3   9.666666e+001   1.666667e+001
*          2.500000e+001                
GRID*                766               3   1.000000e+002   2.000000e+001
*          1.100000e+002                
GRID*                767               3   1.000000e+002   2.000000e+001
*          9.000000e+001                
GRID*                768               3   1.000000e+002   2.000000e+001
*          2.475000e+002                
GRID*                769               3   1.000000e+002   2.000000e+001
*          2.650000e+002                
GRID*                770               3   1.000000e+002   2.000000e+001
*          2.825000e+002                
GRID*                771               3  -6.833333e+001   2.116667e+002
*          2.500000e+001                
GRID*                772               3  -5.666667e+001   2.233333e+002
*          2.500000e+001                
GRID*                773               3  -6.000000e+001   2.200000e+002
*          1.100000e+002                
GRID*                774               3  -6.000000e+001   2.200000e+002
*          9.000000e+001                
GRID*                775               3  -6.000000e+001   2.200000e+002
*          2.475000e+002                
GRID*                776               3  -6.000000e+001   2.200000e+002
*          2.650000e+002                
GRID*                777               3  -6.000000e+001   2.200000e+002
*          2.825000e+002                
GRID*                778               3  -6.000000e+001   2.200000e+002
*          1.900000e+002                
GRID*                779               3  -6.000000e+001   2.200000e+002
*          1.700000e+002                
GRID*                780               3   1.200000e+002   1.822222e+002
*          2.500000e+001                
GRID*                781               3   1.200000e+002   1.644444e+002
*          2.500000e+001                
GRID*                782               3   1.200000e+002   1.466667e+002
*          2.500000e+001                
GRID*                783               3   1.200000e+002   1.288889e+002
*          2.500000e+001                
GRID*                784               3   1.200000e+002   1.111111e+002
*          2.500000e+001                
GRID*                785               3   1.200000e+002   9.333334e+001
*          2.500000e+001                
GRID*                786               3   1.200000e+002   7.555556e+001
*          2.500000e+001                
GRID*                787               3   1.200000e+002   5.777778e+001
*          2.500000e+001                
GRID*                788               3   1.200000e+002   1.822222e+002
*          1.100000e+002                
GRID*                789               3   1.200000e+002   1.644444e+002
*          1.100000e+002                
GRID*                790               3   1.200000e+002   1.466667e+002
*          1.100000e+002                
GRID*                791               3   1.200000e+002   1.288889e+002
*          1.100000e+002                
GRID*                792               3   1.200000e+002   1.111111e+002
*          1.100000e+002                
GRID*                793               3   1.200000e+002   9.333334e+001
*          1.100000e+002                
GRID*                794               3   1.200000e+002   7.555556e+001
*          1.100000e+002                
GRID*                795               3   1.200000e+002   5.777778e+001
*          1.100000e+002                
GRID*                796               3   1.200000e+002   1.822222e+002
*          9.000000e+001                
GRID*                797               3   1.200000e+002   1.644444e+002
*          9.000000e+001                
GRID*                798               3   1.200000e+002   1.466667e+002
*          9.000000e+001                
GRID*                799               3   1.200000e+002   1.288889e+002
*          9.000000e+001                
GRID*                800               3   1.200000e+002   1.111111e+002
*          9.000000e+001                
GRID*                801               3   1.200000e+002   9.333334e+001
*          9.000000e+001                
GRID*                802               3   1.200000e+002   7.555556e+001
*          9.000000e+001                
GRID*                803               3   1.200000e+002   5.777778e+001
*          9.000000e+001                
GRID*                804               3   1.200000e+002   5.777778e+001
*          2.475000e+002                
GRID*                805               3   1.200000e+002   7.555556e+001
*          2.475000e+002                
GRID*                806               3   1.200000e+002   9.333334e+001
*          2.475000e+002                
GRID*                807               3   1.200000e+002   1.111111e+002
*          2.475000e+002                
GRID*                808               3   1.200000e+002   1.288889e+002
*          2.475000e+002                
GRID*                809               3   1.200000e+002   1.466667e+002
*          2.475000e+002                
GRID*                810               3   1.200000e+002   1.644444e+002
*          2.475000e+002                
GRID*                811               3   1.200000e+002   1.822222e+002
*          2.475000e+002                
GRID*                812               3   1.200000e+002   5.777778e+001
*          2.650000e+002                
GRID*                813               3   1.200000e+002   7.555556e+001
*          2.650000e+002                
GRID*                814               3   1.200000e+002   9.333334e+001
*          2.650000e+002                
GRID*                815               3   1.200000e+002   1.111111e+002
*          2.650000e+002                
GRID*                816               3   1.200000e+002   1.288889e+002
*          2.650000e+002                
GRID*                817               3   1.200000e+002   1.466667e+002
*          2.650000e+002                
GRID*                818               3   1.200000e+002   1.644444e+002
*          2.650000e+002                
GRID*                819               3   1.200000e+002   1.822222e+002
*          2.650000e+002                
GRID*                820               3   1.200000e+002   5.777778e+001
*          2.825000e+002                
GRID*                821               3   1.200000e+002   7.555556e+001
*          2.825000e+002                
GRID*                822               3   1.200000e+002   9.333334e+001
*          2.825000e+002                
GRID*                823               3   1.200000e+002   1.111111e+002
*          2.825000e+002                
GRID*                824               3   1.200000e+002   1.288889e+002
*          2.825000e+002                
GRID*                825               3   1.200000e+002   1.466667e+002
*          2.825000e+002                
GRID*                826               3   1.200000e+002   1.644444e+002
*          2.825000e+002                
GRID*                827               3   1.200000e+002   1.822222e+002
*          2.825000e+002                
GRID*                828               3  -1.600000e+001   2.400000e+002
*          2.500000e+001                
GRID*                829               3   8.000000e+000   2.400000e+002
*          2.500000e+001                
GRID*                830               3   3.200000e+001   2.400000e+002
*          2.500000e+001                
GRID*                831               3   5.600000e+001   2.400000e+002
*          2.500000e+001                
GRID*                832               3  -1.600000e+001   2.400000e+002
*          1.100000e+002                
GRID*                833               3   8.000000e+000   2.400000e+002
*          1.100000e+002                
GRID*                834               3   3.200000e+001   2.400000e+002
*          1.100000e+002                
GRID*                835               3   5.600000e+001   2.400000e+002
*          1.100000e+002                
GRID*                836               3  -1.600000e+001   2.400000e+002
*          9.000000e+001                
GRID*                837               3   8.000000e+000   2.400000e+002
*          9.000000e+001                
GRID*                838               3   3.200000e+001   2.400000e+002
*          9.000000e+001                
GRID*                839               3   5.600000e+001   2.400000e+002
*          9.000000e+001                
GRID*                840               3   5.600000e+001   2.400000e+002
*          2.475000e+002                
GRID*                841               3   3.200000e+001   2.400000e+002
*          2.475000e+002                
GRID*                842               3   8.000000e+000   2.400000e+002
*          2.475000e+002                
GRID*                843               3  -1.600000e+001   2.400000e+002
*          2.475000e+002                
GRID*                844               3   5.600000e+001   2.400000e+002
*          2.650000e+002                
GRID*                845               3   3.200000e+001   2.400000e+002
*          2.650000e+002                
GRID*                846               3   8.000000e+000   2.400000e+002
*          2.650000e+002                
GRID*                847               3  -1.600000e+001   2.400000e+002
*          2.650000e+002                
GRID*                848               3   5.600000e+001   2.400000e+002
*          2.825000e+002                
GRID*                849               3   3.200000e+001   2.400000e+002
*          2.825000e+002                
GRID*                850               3   8.000000e+000   2.400000e+002
*          2.825000e+002                
GRID*                851               3  -1.600000e+001   2.400000e+002
*          2.825000e+002                
GRID*                852               3  -1.600000e+001   2.400000e+002
*          1.900000e+002                
GRID*                853               3   8.000000e+000   2.400000e+002
*          1.900000e+002                
GRID*                854               3   3.200000e+001   2.400000e+002
*          1.900000e+002                
GRID*                855               3   5.600000e+001   2.400000e+002
*          1.900000e+002                
GRID*                856               3  -1.600000e+001   2.400000e+002
*          1.700000e+002                
GRID*                857               3   8.000000e+000   2.400000e+002
*          1.700000e+002                
GRID*                858               3   3.200000e+001   2.400000e+002
*          1.700000e+002                
GRID*                859               3   5.600000e+001   2.400000e+002
*          1.700000e+002                
GRID*                860               3   9.666667e+001   2.233333e+002
*          2.500000e+001                
GRID*                861               3   1.083333e+002   2.116667e+002
*          2.500000e+001                
GRID*                862               3   1.000000e+002   2.200000e+002
*          1.100000e+002                
GRID*                863               3   1.000000e+002   2.200000e+002
*          9.000000e+001                
GRID*                864               3   1.000000e+002   2.200000e+002
*          2.475000e+002                
GRID*                865               3   1.000000e+002   2.200000e+002
*          2.650000e+002                
GRID*                866               3   1.000000e+002   2.200000e+002
*          2.825000e+002                
GRID*                867               3   7.200000e+001   2.160000e+002
*          3.800000e+002                
GRID*                868               3   7.900000e+001   2.170000e+002
*          3.600000e+002                
GRID*                869               3   8.600000e+001   2.180000e+002
*          3.400000e+002                
GRID*                870               3   9.300000e+001   2.190000e+002
*          3.200000e+002                
GRID*                871               3   9.600000e+001   1.822222e+002
*          3.800000e+002                
GRID*                872               3   9.600000e+001   1.644444e+002
*          3.800000e+002                
GRID*                873               3   9.600000e+001   1.466667e+002
*          3.800000e+002                
GRID*                874               3   9.600000e+001   1.288889e+002
*          3.800000e+002                
GRID*                875               3   9.600000e+001   1.111111e+002
*          3.800000e+002                
GRID*                876               3   9.600000e+001   9.333334e+001
*          3.800000e+002                
GRID*                877               3   9.600000e+001   7.555556e+001
*          3.800000e+002                
GRID*                878               3   9.600000e+001   5.777778e+001
*          3.800000e+002                
GRID*                879               3   1.020000e+002   1.822222e+002
*          3.600000e+002                
GRID*                880               3   1.020000e+002   1.644444e+002
*          3.600000e+002                
GRID*                881               3   1.020000e+002   1.466667e+002
*          3.600000e+002                
GRID*                882               3   1.020000e+002   1.288889e+002
*          3.600000e+002                
GRID*                883               3   1.020000e+002   1.111111e+002
*          3.600000e+002                
GRID*                884               3   1.020000e+002   9.333334e+001
*          3.600000e+002                
GRID*                885               3   1.020000e+002   7.555556e+001
*          3.600000e+002                
GRID*                886               3   1.020000e+002   5.777778e+001
*          3.600000e+002                
GRID*                887               3   1.080000e+002   1.822222e+002
*          3.400000e+002                
GRID*                888               3   1.080000e+002   1.644444e+002
*          3.400000e+002                
GRID*                889               3   1.080000e+002   1.466667e+002
*          3.400000e+002                
GRID*                890               3   1.080000e+002   1.288889e+002
*          3.400000e+002                
GRID*                891               3   1.080000e+002   1.111111e+002
*          3.400000e+002                
GRID*                892               3   1.080000e+002   9.333334e+001
*          3.400000e+002                
GRID*                893               3   1.080000e+002   7.555556e+001
*          3.400000e+002                
GRID*                894               3   1.080000e+002   5.777778e+001
*          3.400000e+002                
GRID*                895               3   1.140000e+002   1.822222e+002
*          3.200000e+002                
GRID*                896               3   1.140000e+002   1.644444e+002
*          3.200000e+002                
GRID*                897               3   1.140000e+002   1.466667e+002
*          3.200000e+002                
GRID*                898               3   1.140000e+002   1.288889e+002
*          3.200000e+002                
GRID*                899               3   1.140000e+002   1.111111e+002
*          3.200000e+002                
GRID*                900               3   1.140000e+002   9.333334e+001
*          3.200000e+002                
GRID*                901               3   1.140000e+002   7.555556e+001
*          3.200000e+002                
GRID*                902               3   1.140000e+002   5.777778e+001
*          3.200000e+002                
GRID*                903               3   7.200000e+001   2.600000e+001
*          3.800000e+002                
GRID*                904               3   7.900000e+001   2.450000e+001
*          3.600000e+002                
GRID*                905               3   8.600000e+001   2.300000e+001
*          3.400000e+002                
GRID*                906               3   9.300000e+001   2.150000e+001
*          3.200000e+002                
GRID*                907               3   2.960000e+001   1.200000e+001
*          3.800000e+002                
GRID*                908               3   1.120000e+001   1.200000e+001
*          3.800000e+002                
GRID*                909               3  -7.200000e+000   1.200000e+001
*          3.800000e+002                
GRID*                910               3  -2.560000e+001   1.200000e+001
*          3.800000e+002                
GRID*                911               3   3.620000e+001   9.000000e+000
*          3.600000e+002                
GRID*                912               3   1.640000e+001   9.000000e+000
*          3.600000e+002                
GRID*                913               3  -3.400000e+000   9.000000e+000
*          3.600000e+002                
GRID*                914               3  -2.320000e+001   9.000000e+000
*          3.600000e+002                
GRID*                915               3   4.280000e+001   6.000000e+000
*          3.400000e+002                
GRID*                916               3   2.160000e+001   6.000000e+000
*          3.400000e+002                
GRID*                917               3   4.000000e-001   6.000000e+000
*          3.400000e+002                
GRID*                918               3  -2.080000e+001   6.000000e+000
*          3.400000e+002                
GRID*                919               3   4.940000e+001   3.000000e+000
*          3.200000e+002                
GRID*                920               3   2.680000e+001   3.000000e+000
*          3.200000e+002                
GRID*                921               3   4.200000e+000   3.000000e+000
*          3.200000e+002                
GRID*                922               3  -1.840000e+001   3.000000e+000
*          3.200000e+002                
GRID*                923               3  -5.800000e+001   2.600000e+001
*          3.800000e+002                
GRID*                924               3  -5.850000e+001   2.450000e+001
*          3.600000e+002                
GRID*                925               3  -5.900000e+001   2.300000e+001
*          3.400000e+002                
GRID*                926               3  -5.950000e+001   2.150000e+001
*          3.200000e+002                
GRID*                927               3  -7.200000e+001   5.777778e+001
*          3.800000e+002                
GRID*                928               3  -7.200000e+001   7.555556e+001
*          3.800000e+002                
GRID*                929               3  -7.200000e+001   9.333334e+001
*          3.800000e+002                
GRID*                930               3  -7.200000e+001   1.111111e+002
*          3.800000e+002                
GRID*                931               3  -7.200000e+001   1.288889e+002
*          3.800000e+002                
GRID*                932               3  -7.200000e+001   1.466667e+002
*          3.800000e+002                
GRID*                933               3  -7.200000e+001   1.644444e+002
*          3.800000e+002                
GRID*                934               3  -7.200000e+001   1.822222e+002
*          3.800000e+002                
GRID*                935               3  -7.400000e+001   5.777778e+001
*          3.600000e+002                
GRID*                936               3  -7.400000e+001   7.555556e+001
*          3.600000e+002                
GRID*                937               3  -7.400000e+001   9.333334e+001
*          3.600000e+002                
GRID*                938               3  -7.400000e+001   1.111111e+002
*          3.600000e+002                
GRID*                939               3  -7.400000e+001   1.288889e+002
*          3.600000e+002                
GRID*                940               3  -7.400000e+001   1.466667e+002
*          3.600000e+002                
GRID*                941               3  -7.400000e+001   1.644444e+002
*          3.600000e+002                
GRID*                942               3  -7.400000e+001   1.822222e+002
*          3.600000e+002                
GRID*                943               3  -7.600000e+001   5.777778e+001
*          3.400000e+002                
GRID*                944               3  -7.600000e+001   7.555556e+001
*          3.400000e+002                
GRID*                945               3  -7.600000e+001   9.333334e+001
*          3.400000e+002                
GRID*                946               3  -7.600000e+001   1.111111e+002
*          3.400000e+002                
GRID*                947               3  -7.600000e+001   1.288889e+002
*          3.400000e+002                
GRID*                948               3  -7.600000e+001   1.466667e+002
*          3.400000e+002                
GRID*                949               3  -7.600000e+001   1.644444e+002
*          3.400000e+002                
GRID*                950               3  -7.600000e+001   1.822222e+002
*          3.400000e+002                
GRID*                951               3  -7.800000e+001   5.777778e+001
*          3.200000e+002                
GRID*                952               3  -7.800000e+001   7.555556e+001
*          3.200000e+002                
GRID*                953               3  -7.800000e+001   9.333334e+001
*          3.200000e+002                
GRID*                954               3  -7.800000e+001   1.111111e+002
*          3.200000e+002                
GRID*                955               3  -7.800000e+001   1.288889e+002
*          3.200000e+002                
GRID*                956               3  -7.800000e+001   1.466667e+002
*          3.200000e+002                
GRID*                957               3  -7.800000e+001   1.644444e+002
*          3.200000e+002                
GRID*                958               3  -7.800000e+001   1.822222e+002
*          3.200000e+002                
GRID*                959               3  -5.600000e+001   2.160000e+002
*          3.800000e+002                
GRID*                960               3  -5.700000e+001   2.170000e+002
*          3.600000e+002                
GRID*                961               3  -5.800000e+001   2.180000e+002
*          3.400000e+002                
GRID*                962               3  -5.900000e+001   2.190000e+002
*          3.200000e+002                
GRID*                963               3  -2.240000e+001   2.320000e+002
*          3.800000e+002                
GRID*                964               3  -4.800000e+000   2.320000e+002
*          3.800000e+002                
GRID*                965               3   1.280000e+001   2.320000e+002
*          3.800000e+002                
GRID*                966               3   3.040000e+001   2.320000e+002
*          3.800000e+002                
GRID*                967               3  -2.080000e+001   2.340000e+002
*          3.600000e+002                
GRID*                968               3  -1.600000e+000   2.340000e+002
*          3.600000e+002                
GRID*                969               3   1.760000e+001   2.340000e+002
*          3.600000e+002                
GRID*                970               3   3.680000e+001   2.340000e+002
*          3.600000e+002                
GRID*                971               3  -1.920000e+001   2.360000e+002
*          3.400000e+002                
GRID*                972               3   1.600000e+000   2.360000e+002
*          3.400000e+002                
GRID*                973               3   2.240000e+001   2.360000e+002
*          3.400000e+002                
GRID*                974               3   4.320000e+001   2.360000e+002
*          3.400000e+002                
GRID*                975               3  -1.760000e+001   2.380000e+002
*          3.200000e+002                
GRID*                976               3   4.800000e+000   2.380000e+002
*          3.200000e+002                
GRID*                977               3   2.720000e+001   2.380000e+002
*          3.200000e+002                
GRID*                978               3   4.960000e+001   2.380000e+002
*          3.200000e+002                
GRID*                979               3   1.000000e+002   2.200000e+002
*          1.900000e+002                
GRID*                980               3   1.000000e+002   2.200000e+002
*          1.700000e+002                
GRID*                981               3   1.200000e+002   1.822222e+002
*          1.900000e+002                
GRID*                982               3   1.200000e+002   1.644444e+002
*          1.900000e+002                
GRID*                983               3   1.200000e+002   1.466667e+002
*          1.900000e+002                
GRID*                984               3   1.200000e+002   1.288889e+002
*          1.900000e+002                
GRID*                985               3   1.200000e+002   1.111111e+002
*          1.900000e+002                
GRID*                986               3   1.200000e+002   9.333334e+001
*          1.900000e+002                
GRID*                987               3   1.200000e+002   7.555556e+001
*          1.900000e+002                
GRID*                988               3   1.200000e+002   5.777778e+001
*          1.900000e+002                
GRID*                989               3   1.200000e+002   1.822222e+002
*          1.700000e+002                
GRID*                990               3   1.200000e+002   1.644444e+002
*          1.700000e+002                
GRID*                991               3   1.200000e+002   1.466667e+002
*          1.700000e+002                
GRID*                992               3   1.200000e+002   1.288889e+002
*          1.700000e+002                
GRID*                993               3   1.200000e+002   1.111111e+002
*          1.700000e+002                
GRID*                994               3   1.200000e+002   9.333334e+001
*          1.700000e+002                
GRID*                995               3   1.200000e+002   7.555556e+001
*          1.700000e+002                
GRID*                996               3   1.200000e+002   5.777778e+001
*          1.700000e+002                
GRID*                997               3   1.000000e+002   2.000000e+001
*          1.900000e+002                
GRID*                998               3   1.000000e+002   2.000000e+001
*          1.700000e+002                
GRID*                999               3   5.600000e+001   0.000000e+000
*          1.900000e+002                
GRID*               1000               3   3.200000e+001   0.000000e+000
*          1.900000e+002                
GRID*               1001               3   8.000000e+000   0.000000e+000
*          1.900000e+002                
GRID*               1002               3  -1.600000e+001   0.000000e+000
*          1.900000e+002                
GRID*               1003               3   5.600000e+001   0.000000e+000
*          1.700000e+002                
GRID*               1004               3   3.200000e+001   0.000000e+000
*          1.700000e+002                
GRID*               1005               3   8.000000e+000   0.000000e+000
*          1.700000e+002                
GRID*               1006               3  -1.600000e+001   0.000000e+000
*          1.700000e+002                
GRID*               1007               3  -3.261198e+001  -7.825058e+000
*          0.000000e+000                
GRID*               1008               3  -2.583183e+001  -1.314410e+001
*          0.000000e+000                
GRID*               1009               3  -1.079434e+001  -1.050113e+001
*          0.000000e+000                
GRID*               1010               3   9.342884e+000  -9.844169e+000
*          0.000000e+000                
GRID*               1011               3   3.080537e+001  -1.113989e+001
*          0.000000e+000                
GRID*               1012               3   8.749807e+001  -5.110065e+000
*          0.000000e+000                
GRID*               1013               3   9.722200e+001   3.242841e+000
*          0.000000e+000                
GRID*               1014               3   1.069139e+002   1.147609e+001
*          0.000000e+000                
GRID*               1015                  -6.493356e+002  -2.983593e+001
*         -4.815659e+001                
GRID*               1016                  -7.242310e+002  -4.899963e+001
*         -4.815659e+001                
GRID*               1017                  -7.242310e+002  -4.899963e+001
*          1.100000e+002                
GRID*               1018                  -6.493356e+002  -2.983593e+001
*          1.100000e+002                
GRID*               1019                   6.499320e+002  -2.625000e+001
*         -4.815659e+001                
GRID*               1020                   7.249320e+002  -4.500000e+001
*         -4.815659e+001                
GRID*               1021                   7.249320e+002  -4.500000e+001
*          1.100000e+002                
GRID*               1022                   6.499320e+002  -2.625000e+001
*          1.100000e+002                
GRID*               1023                  -5.998620e+002   8.044995e+001
*          1.100000e+002                
GRID*               1024                  -5.998620e+002   8.044995e+001
*          7.644807e+001                
GRID*               1025                  -1.379990e-001   1.299998e+002
*          7.644807e+001                
GRID*               1026                  -1.379990e-001   1.299998e+002
*          1.100000e+002                
GRID*               1027                  -7.598620e+002   1.732957e+001
*          1.100000e+002                
GRID*               1028                  -7.598620e+002   1.732957e+001
*          7.644807e+001                
GRID*               1029                  -5.998620e+002   2.862885e+001
*          5.693172e+001                
GRID*               1030                   0.000000e+000   8.000000e+001
*          5.693172e+001                
GRID*               1031                  -7.598620e+002  -4.267625e+001
*          5.693172e+001                
GRID*               1032                  -5.998620e+002   2.862885e+001
*          1.940014e+001                
GRID*               1033                   0.000000e+000   8.000000e+001
*          1.940014e+001                
GRID*               1034                  -7.598620e+002  -4.267625e+001
*          1.940014e+001                
GRID*               1035                  -5.998620e+002   8.418175e+001
*          0.000000e+000                
GRID*               1036                  -1.479643e-001   1.336104e+002
*          0.000000e+000                
GRID*               1037                  -7.598620e+002   2.159483e+001
*          0.000000e+000                
GRID*               1038                  -5.998620e+002   8.418175e+001
*         -4.815659e+001                
GRID*               1039                  -1.479643e-001   1.336104e+002
*         -4.815659e+001                
GRID*               1040                  -7.598620e+002   2.159483e+001
*         -4.815659e+001                
GRID*               1041                   5.998620e+002   8.044921e+001
*          7.644807e+001                
GRID*               1042                   5.998620e+002   8.044921e+001
*          1.100000e+002                
GRID*               1043                   7.598620e+002   1.732874e+001
*          1.100000e+002                
GRID*               1044                   7.598620e+002   1.732874e+001
*          7.644807e+001                
GRID*               1045                   8.898592e+002  -1.137497e+002
*          7.644807e+001                
GRID*               1046                   8.898592e+002  -1.137497e+002
*          1.100000e+002                
GRID*               1047                   5.998620e+002   2.862885e+001
*          5.693172e+001                
GRID*               1048                   7.598620e+002  -4.267626e+001
*          5.693172e+001                
GRID*               1049                   8.400000e+002  -1.100000e+002
*          5.693172e+001                
GRID*               1050                   5.998620e+002   2.862885e+001
*          1.940014e+001                
GRID*               1051                   7.598620e+002  -4.267625e+001
*          1.940014e+001                
GRID*               1052                   8.400000e+002  -1.100000e+002
*          1.940014e+001                
GRID*               1053                   5.998620e+002   8.418095e+001
*          0.000000e+000                
GRID*               1054                   7.598620e+002   2.159394e+001
*          0.000000e+000                
GRID*               1055                   8.934597e+002  -1.140205e+002
*          0.000000e+000                
GRID*               1056                   5.998620e+002   8.418095e+001
*         -4.815659e+001                
GRID*               1057                   7.598620e+002   2.159394e+001
*         -4.815659e+001                
GRID*               1058                   8.934597e+002  -1.140205e+002
*         -4.815659e+001                
GRID*               1059                   8.400000e+002  -1.100000e+002
*         -1.299527e+002                
GRID*               1060                   8.699155e+002  -1.122498e+002
*         -1.100000e+002                
GRID*               1061                  -8.279940e-002   1.099999e+002
*         -1.100000e+002                
GRID*               1062                   0.000000e+000   8.000000e+001
*         -1.299527e+002                
GRID*               1063                   8.400000e+002  -1.100000e+002
*          1.600000e+002                
GRID*               1064                   0.000000e+000   8.000000e+001
*          1.600000e+002                
GRID*               1065                  -8.699026e+002  -1.124149e+002
*         -1.100000e+002                
GRID*               1066                  -8.400000e+002  -1.100000e+002
*         -1.299527e+002                
GRID*               1067                  -8.934366e+002  -1.143155e+002
*         -4.815659e+001                
GRID*               1068                  -8.934366e+002  -1.143155e+002
*          0.000000e+000                
GRID*               1069                  -8.400000e+002  -1.100000e+002
*          1.940014e+001                
GRID*               1070                  -8.400000e+002  -1.100000e+002
*          5.693172e+001                
GRID*               1071                  -8.898378e+002  -1.140249e+002
*          7.644807e+001                
GRID*               1072                  -8.898378e+002  -1.140249e+002
*          1.100000e+002                
GRID*               1073                  -8.400000e+002  -1.100000e+002
*          1.600000e+002                
GRID*               1074                  -7.239495e+002  -1.000000e+002
*         -4.815659e+001                
GRID*               1075                  -6.489483e+002  -1.000000e+002
*         -4.815659e+001                
GRID*               1076                  -5.998620e+002  -1.000000e+002
*         -4.815659e+001                
GRID*               1077                  -7.598620e+002  -1.000000e+002
*         -4.815659e+001                
GRID*               1078                   7.249320e+002  -1.000000e+002
*         -4.815659e+001                
GRID*               1079                   6.499320e+002  -1.000000e+002
*         -4.815659e+001                
GRID*               1080                   5.998620e+002  -1.000000e+002
*         -4.815659e+001                
GRID*               1081                   7.598620e+002  -1.000000e+002
*         -4.815659e+001                
GRID*               1082                  -7.239495e+002  -1.000000e+002
*          1.100000e+002                
GRID*               1083                  -7.598620e+002  -1.000000e+002
*          1.100000e+002                
GRID*               1084                  -5.998620e+002  -1.000000e+002
*          1.100000e+002                
GRID*               1085                  -6.489483e+002  -1.000000e+002
*          1.100000e+002                
GRID*               1086                   7.249320e+002  -1.000000e+002
*          1.100000e+002                
GRID*               1087                   7.598620e+002  -1.000000e+002
*          1.100000e+002                
GRID*               1088                   5.998620e+002  -1.000000e+002
*          1.100000e+002                
GRID*               1089                   6.499320e+002  -1.000000e+002
*          1.100000e+002                
GRID*               1090                  -6.743007e+002  -3.622383e+001
*         -4.815659e+001                
GRID*               1091                  -6.992659e+002  -4.261173e+001
*         -4.815659e+001                
GRID*               1092                  -7.242310e+002  -4.899963e+001
*         -2.179716e+001                
GRID*               1093                  -7.242310e+002  -4.899963e+001
*          4.562274e+000                
GRID*               1094                  -7.242310e+002  -4.899963e+001
*          3.092171e+001                
GRID*               1095                  -7.242310e+002  -4.899963e+001
*          5.728114e+001                
GRID*               1096                  -7.242310e+002  -4.899963e+001
*          8.364057e+001                
GRID*               1097                  -6.992659e+002  -4.261173e+001
*          1.100000e+002                
GRID*               1098                  -6.743007e+002  -3.622383e+001
*          1.100000e+002                
GRID*               1099                  -6.493356e+002  -2.983593e+001
*          8.364057e+001                
GRID*               1100                  -6.493356e+002  -2.983593e+001
*          5.728114e+001                
GRID*               1101                  -6.493356e+002  -2.983593e+001
*          3.092171e+001                
GRID*               1102                  -6.493356e+002  -2.983593e+001
*          4.562274e+000                
GRID*               1103                  -6.493356e+002  -2.983593e+001
*         -2.179716e+001                
GRID*               1104                   6.749320e+002  -3.250000e+001
*         -4.815659e+001                
GRID*               1105                   6.999320e+002  -3.875000e+001
*         -4.815659e+001                
GRID*               1106                   7.249320e+002  -4.500000e+001
*         -2.179716e+001                
GRID*               1107                   7.249320e+002  -4.500000e+001
*          4.562274e+000                
GRID*               1108                   7.249320e+002  -4.500000e+001
*          3.092171e+001                
GRID*               1109                   7.249320e+002  -4.500000e+001
*          5.728114e+001                
GRID*               1110                   7.249320e+002  -4.500000e+001
*          8.364057e+001                
GRID*               1111                   6.999320e+002  -3.875000e+001
*          1.100000e+002                
GRID*               1112                   6.749320e+002  -3.250000e+001
*          1.100000e+002                
GRID*               1113                   6.499320e+002  -2.625000e+001
*          8.364057e+001                
GRID*               1114                   6.499320e+002  -2.625000e+001
*          5.728114e+001                
GRID*               1115                   6.499320e+002  -2.625000e+001
*          3.092171e+001                
GRID*               1116                   6.499320e+002  -2.625000e+001
*          4.562274e+000                
GRID*               1117                   6.499320e+002  -2.625000e+001
*         -2.179716e+001                
GRID*               1118                  -5.998620e+002   8.044995e+001
*          9.322404e+001                
GRID*               1119                  -5.759904e+002   8.647108e+001
*          7.644807e+001                
GRID*               1120                  -5.518954e+002   9.230107e+001
*          7.644807e+001                
GRID*               1121                  -5.274572e+002   9.792413e+001
*          7.644807e+001                
GRID*               1122                  -5.028231e+002   1.032154e+002
*          7.644807e+001                
GRID*               1123                  -4.780097e+002   1.080776e+002
*          7.644807e+001                
GRID*               1124                  -4.530975e+002   1.124018e+002
*          7.644807e+001                
GRID*               1125                  -4.281438e+002   1.161888e+002
*          7.644807e+001                
GRID*               1126                  -4.031482e+002   1.194779e+002
*          7.644807e+001                
GRID*               1127                  -3.781131e+002   1.223029e+002
*          7.644807e+001                
GRID*               1128                  -3.530389e+002   1.246938e+002
*          7.644807e+001                
GRID*               1129                  -3.279241e+002   1.266766e+002
*          7.644807e+001                
GRID*               1130                  -3.027656e+002   1.282745e+002
*          7.644807e+001                
GRID*               1131                  -2.775584e+002   1.295078e+002
*          7.644807e+001                
GRID*               1132                  -2.522960e+002   1.303940e+002
*          7.644807e+001                
GRID*               1133                  -2.269723e+002   1.309486e+002
*          7.644807e+001                
GRID*               1134                  -2.016214e+002   1.311981e+002
*          7.644807e+001                
GRID*               1135                  -1.762725e+002   1.311988e+002
*          7.644807e+001                
GRID*               1136                  -1.509516e+002   1.310169e+002
*          7.644807e+001                
GRID*               1137                  -1.256836e+002   1.307244e+002
*          7.644807e+001                
GRID*               1138                  -1.004924e+002   1.303979e+002
*          7.644807e+001                
GRID*               1139                  -7.539978e+001   1.301168e+002
*          7.644807e+001                
GRID*               1140                  -5.040453e+001   1.299593e+002
*          7.644807e+001                
GRID*               1141                  -2.531707e+001   1.299426e+002
*          7.644807e+001                
GRID*               1142                  -1.379990e-001   1.299998e+002
*          9.322404e+001                
GRID*               1143                  -2.531707e+001   1.299426e+002
*          1.100000e+002                
GRID*               1144                  -5.040453e+001   1.299593e+002
*          1.100000e+002                
GRID*               1145                  -7.539978e+001   1.301168e+002
*          1.100000e+002                
GRID*               1146                  -1.004924e+002   1.303979e+002
*          1.100000e+002                
GRID*               1147                  -1.256836e+002   1.307244e+002
*          1.100000e+002                
GRID*               1148                  -1.509516e+002   1.310169e+002
*          1.100000e+002                
GRID*               1149                  -1.762725e+002   1.311988e+002
*          1.100000e+002                
GRID*               1150                  -2.016214e+002   1.311981e+002
*          1.100000e+002                
GRID*               1151                  -2.269723e+002   1.309486e+002
*          1.100000e+002                
GRID*               1152                  -2.522960e+002   1.303940e+002
*          1.100000e+002                
GRID*               1153                  -2.775584e+002   1.295078e+002
*          1.100000e+002                
GRID*               1154                  -3.027656e+002   1.282745e+002
*          1.100000e+002                
GRID*               1155                  -3.279241e+002   1.266766e+002
*          1.100000e+002                
GRID*               1156                  -3.530389e+002   1.246938e+002
*          1.100000e+002                
GRID*               1157                  -3.781131e+002   1.223029e+002
*          1.100000e+002                
GRID*               1158                  -4.031482e+002   1.194779e+002
*          1.100000e+002                
GRID*               1159                  -4.281438e+002   1.161888e+002
*          1.100000e+002                
GRID*               1160                  -4.530975e+002   1.124018e+002
*          1.100000e+002                
GRID*               1161                  -4.780097e+002   1.080776e+002
*          1.100000e+002                
GRID*               1162                  -5.028231e+002   1.032154e+002
*          1.100000e+002                
GRID*               1163                  -5.274572e+002   9.792413e+001
*          1.100000e+002                
GRID*               1164                  -5.518954e+002   9.230107e+001
*          1.100000e+002                
GRID*               1165                  -5.759904e+002   8.647108e+001
*          1.100000e+002                
GRID*               1166                  -7.598620e+002   1.732957e+001
*          9.322404e+001                
GRID*               1167                  -7.389712e+002   2.990381e+001
*          7.644807e+001                
GRID*               1168                  -7.173876e+002   4.133319e+001
*          7.644807e+001                
GRID*               1169                  -6.944237e+002   5.124138e+001
*          7.644807e+001                
GRID*               1170                  -6.710975e+002   5.888721e+001
*          7.644807e+001                
GRID*               1171                  -6.476860e+002   6.613628e+001
*          7.644807e+001                
GRID*               1172                  -6.241022e+002   7.358034e+001
*          7.644807e+001                
GRID*               1173                  -6.240698e+002   7.359032e+001
*          1.100000e+002                
GRID*               1174                  -6.476241e+002   6.615575e+001
*          1.100000e+002                
GRID*               1175                  -6.710048e+002   5.891549e+001
*          1.100000e+002                
GRID*               1176                  -6.941339e+002   5.134983e+001
*          1.100000e+002                
GRID*               1177                  -7.170604e+002   4.149189e+001
*          1.100000e+002                
GRID*               1178                  -7.387860e+002   3.000924e+001
*          1.100000e+002                
GRID*               1179                  -5.998620e+002   5.454430e+001
*          6.667688e+001                
GRID*               1180                  -5.754538e+002   3.508437e+001
*          5.693172e+001                
GRID*               1181                  -5.508087e+002   4.115041e+001
*          5.693172e+001                
GRID*               1182                  -5.261575e+002   4.695734e+001
*          5.693172e+001                
GRID*               1183                  -5.015254e+002   5.240281e+001
*          5.693172e+001                
GRID*               1184                  -4.769196e+002   5.739933e+001
*          5.693172e+001                
GRID*               1185                  -4.523257e+002   6.184813e+001
*          5.693172e+001                
GRID*               1186                  -4.275956e+002   6.575117e+001
*          5.693172e+001                
GRID*               1187                  -4.027276e+002   6.914610e+001
*          5.693172e+001                
GRID*               1188                  -3.777498e+002   7.206315e+001
*          5.693172e+001                
GRID*               1189                  -3.526871e+002   7.453020e+001
*          5.693172e+001                
GRID*               1190                  -3.275621e+002   7.657294e+001
*          5.693172e+001                
GRID*               1191                  -3.023955e+002   7.821491e+001
*          5.693172e+001                
GRID*               1192                  -2.772063e+002   7.947781e+001
*          5.693172e+001                
GRID*               1193                  -2.520127e+002   8.038158e+001
*          5.693172e+001                
GRID*               1194                  -2.268319e+002   8.094463e+001
*          5.693172e+001                
GRID*               1195                  -2.016602e+002   8.119740e+001
*          5.693172e+001                
GRID*               1196                  -1.764857e+002   8.119926e+001
*          5.693172e+001                
GRID*               1197                  -1.513065e+002   8.101793e+001
*          5.693172e+001                
GRID*               1198                  -1.261194e+002   8.072587e+001
*          5.693172e+001                
GRID*               1199                  -1.009200e+002   8.039936e+001
*          5.693172e+001                
GRID*               1200                  -7.570352e+001   8.011742e+001
*          5.693172e+001                
GRID*               1201                  -5.046529e+001   7.995926e+001
*          5.693172e+001                
GRID*               1202                  -2.521829e+001   7.994270e+001
*          5.693172e+001                
GRID*               1203                  -6.899950e-002   1.049999e+002
*          6.668990e+001                
GRID*               1204                  -7.598620e+002  -1.265296e+001
*          6.662723e+001                
GRID*               1205                  -7.392014e+002  -2.880677e+001
*          5.693172e+001                
GRID*               1206                  -7.176594e+002  -1.552139e+001
*          5.693172e+001                
GRID*               1207                  -6.953026e+002  -3.525902e+000
*          5.693172e+001                
GRID*               1208                  -6.719788e+002   6.183846e+000
*          5.693172e+001                
GRID*               1209                  -6.478500e+002   1.371741e+001
*          5.693172e+001                
GRID*               1210                  -6.238453e+002   2.123578e+001
*          5.693172e+001                
GRID*               1211                  -5.998620e+002   2.862885e+001
*          3.816593e+001                
GRID*               1212                  -5.755074e+002   3.507091e+001
*          1.940014e+001                
GRID*               1213                  -5.510446e+002   4.109341e+001
*          1.940014e+001                
GRID*               1214                  -5.265235e+002   4.687352e+001
*          1.940014e+001                
GRID*               1215                  -5.019257e+002   5.231762e+001
*          1.940014e+001                
GRID*               1216                  -4.772380e+002   5.733792e+001
*          1.940014e+001                
GRID*               1217                  -4.524485e+002   6.182735e+001
*          1.940014e+001                
GRID*               1218                  -4.275639e+002   6.575583e+001
*          1.940014e+001                
GRID*               1219                  -4.026024e+002   6.916192e+001
*          1.940014e+001                
GRID*               1220                  -3.775792e+002   7.208146e+001
*          1.940014e+001                
GRID*               1221                  -3.525070e+002   7.454634e+001
*          1.940014e+001                
GRID*               1222                  -3.273967e+002   7.658502e+001
*          1.940014e+001                
GRID*               1223                  -3.022569e+002   7.822288e+001
*          1.940014e+001                
GRID*               1224                  -2.770953e+002   7.948257e+001
*          1.940014e+001                
GRID*               1225                  -2.519184e+002   8.038432e+001
*          1.940014e+001                
GRID*               1226                  -2.267315e+002   8.094623e+001
*          1.940014e+001                
GRID*               1227                  -2.015396e+002   8.119795e+001
*          1.940014e+001                
GRID*               1228                  -1.763464e+002   8.119869e+001
*          1.940014e+001                
GRID*               1229                  -1.511538e+002   8.101642e+001
*          1.940014e+001                
GRID*               1230                  -1.259622e+002   8.072386e+001
*          1.940014e+001                
GRID*               1231                  -1.007710e+002   8.039748e+001
*          1.940014e+001                
GRID*               1232                  -7.557928e+001   8.011628e+001
*          1.940014e+001                
GRID*               1233                  -5.038651e+001   7.995901e+001
*          1.940014e+001                
GRID*               1234                  -2.519324e+001   7.994273e+001
*          1.940014e+001                
GRID*               1235                   0.000000e+000   8.000000e+001
*          3.816593e+001                
GRID*               1236                  -7.598620e+002  -4.267625e+001
*          3.816593e+001                
GRID*               1237                  -7.389388e+002  -2.863692e+001
*          1.940014e+001                
GRID*               1238                  -7.174874e+002  -1.542128e+001
*          1.940014e+001                
GRID*               1239                  -6.952853e+002  -3.517535e+000
*          1.940014e+001                
GRID*               1240                  -6.720377e+002   6.163478e+000
*          1.940014e+001                
GRID*               1241                  -6.479869e+002   1.367522e+001
*          1.940014e+001                
GRID*               1242                  -6.239406e+002   2.120553e+001
*          1.940014e+001                
GRID*               1243                  -5.998620e+002   5.641008e+001
*          9.713773e+000                
GRID*               1244                  -5.760508e+002   9.017467e+001
*          0.000000e+000                
GRID*               1245                  -5.519777e+002   9.599184e+001
*          0.000000e+000                
GRID*               1246                  -5.275468e+002   1.016033e+002
*          0.000000e+000                
GRID*               1247                  -5.029071e+002   1.068844e+002
*          0.000000e+000                
GRID*               1248                  -4.780736e+002   1.117376e+002
*          0.000000e+000                
GRID*               1249                  -4.531414e+002   1.160525e+002
*          0.000000e+000                
GRID*               1250                  -4.281745e+002   1.198309e+002
*          0.000000e+000                
GRID*               1251                  -4.031718e+002   1.231124e+002
*          0.000000e+000                
GRID*               1252                  -3.781339e+002   1.259308e+002
*          0.000000e+000                
GRID*               1253                  -3.530596e+002   1.283162e+002
*          0.000000e+000                
GRID*               1254                  -3.279460e+002   1.302948e+002
*          0.000000e+000                
GRID*               1255                  -3.027881e+002   1.318896e+002
*          0.000000e+000                
GRID*               1256                  -2.775797e+002   1.331207e+002
*          0.000000e+000                
GRID*               1257                  -2.523125e+002   1.340057e+002
*          0.000000e+000                
GRID*               1258                  -2.269789e+002   1.345596e+002
*          0.000000e+000                
GRID*               1259                  -2.016156e+002   1.348088e+002
*          0.000000e+000                
GRID*               1260                  -1.762546e+002   1.348094e+002
*          0.000000e+000                
GRID*               1261                  -1.509238e+002   1.346274e+002
*          0.000000e+000                
GRID*               1262                  -1.256504e+002   1.343349e+002
*          0.000000e+000                
GRID*               1263                  -1.004601e+002   1.340085e+002
*          0.000000e+000                
GRID*               1264                  -7.537669e+001   1.337273e+002
*          0.000000e+000                
GRID*               1265                  -5.039937e+001   1.335700e+002
*          0.000000e+000                
GRID*               1266                  -2.532384e+001   1.335533e+002
*          0.000000e+000                
GRID*               1267                  -7.398216e-002   1.068052e+002
*          9.700071e+000                
GRID*               1268                  -7.598620e+002  -1.052014e+001
*          9.768213e+000                
GRID*               1269                  -7.387739e+002   3.416494e+001
*          0.000000e+000                
GRID*               1270                  -7.170197e+002   4.551757e+001
*          0.000000e+000                
GRID*               1271                  -6.940146e+002   5.524384e+001
*          0.000000e+000                
GRID*               1272                  -6.709691e+002   6.270151e+001
*          0.000000e+000                
GRID*               1273                  -6.476267e+002   6.994041e+001
*          0.000000e+000                
GRID*               1274                  -6.240375e+002   7.737732e+001
*          0.000000e+000                
GRID*               1275                  -5.998620e+002   8.418175e+001
*         -2.407829e+001                
GRID*               1276                  -5.760508e+002   9.017467e+001
*         -4.815659e+001                
GRID*               1277                  -5.519777e+002   9.599184e+001
*         -4.815659e+001                
GRID*               1278                  -5.275468e+002   1.016033e+002
*         -4.815659e+001                
GRID*               1279                  -5.029071e+002   1.068844e+002
*         -4.815659e+001                
GRID*               1280                  -4.780736e+002   1.117376e+002
*         -4.815659e+001                
GRID*               1281                  -4.531414e+002   1.160525e+002
*         -4.815659e+001                
GRID*               1282                  -4.281745e+002   1.198309e+002
*         -4.815659e+001                
GRID*               1283                  -4.031718e+002   1.231124e+002
*         -4.815659e+001                
GRID*               1284                  -3.781339e+002   1.259308e+002
*         -4.815659e+001                
GRID*               1285                  -3.530596e+002   1.283162e+002
*         -4.815659e+001                
GRID*               1286                  -3.279460e+002   1.302948e+002
*         -4.815659e+001                
GRID*               1287                  -3.027881e+002   1.318896e+002
*         -4.815659e+001                
GRID*               1288                  -2.775797e+002   1.331207e+002
*         -4.815659e+001                
GRID*               1289                  -2.523125e+002   1.340057e+002
*         -4.815659e+001                
GRID*               1290                  -2.269789e+002   1.345596e+002
*         -4.815659e+001                
GRID*               1291                  -2.016156e+002   1.348088e+002
*         -4.815659e+001                
GRID*               1292                  -1.762546e+002   1.348094e+002
*         -4.815659e+001                
GRID*               1293                  -1.509238e+002   1.346274e+002
*         -4.815659e+001                
GRID*               1294                  -1.256504e+002   1.343349e+002
*         -4.815659e+001                
GRID*               1295                  -1.004601e+002   1.340085e+002
*         -4.815659e+001                
GRID*               1296                  -7.537669e+001   1.337273e+002
*         -4.815659e+001                
GRID*               1297                  -5.039937e+001   1.335700e+002
*         -4.815659e+001                
GRID*               1298                  -2.532384e+001   1.335533e+002
*         -4.815659e+001                
GRID*               1299                  -1.479643e-001   1.336104e+002
*         -2.407829e+001                
GRID*               1300                  -7.598620e+002   2.159483e+001
*         -2.407829e+001                
GRID*               1301                  -7.389769e+002   3.405058e+001
*         -4.815659e+001                
GRID*               1302                  -7.173535e+002   4.535806e+001
*         -4.815659e+001                
GRID*               1303                  -6.942902e+002   5.514258e+001
*         -4.815659e+001                
GRID*               1304                  -6.710460e+002   6.267803e+001
*         -4.815659e+001                
GRID*               1305                  -6.476774e+002   6.992443e+001
*         -4.815659e+001                
GRID*               1306                  -6.240641e+002   7.736913e+001
*         -4.815659e+001                
GRID*               1307                   5.998620e+002   8.044921e+001
*          9.322404e+001                
GRID*               1308                   5.759911e+002   8.647014e+001
*          1.100000e+002                
GRID*               1309                   5.519024e+002   9.229864e+001
*          1.100000e+002                
GRID*               1310                   5.274637e+002   9.792191e+001
*          1.100000e+002                
GRID*               1311                   5.028258e+002   1.032141e+002
*          1.100000e+002                
GRID*               1312                   4.780064e+002   1.080775e+002
*          1.100000e+002                
GRID*               1313                   4.530842e+002   1.124032e+002
*          1.100000e+002                
GRID*               1314                   4.281189e+002   1.161916e+002
*          1.100000e+002                
GRID*               1315                   4.031101e+002   1.194818e+002
*          1.100000e+002                
GRID*               1316                   3.780607e+002   1.223076e+002
*          1.100000e+002                
GRID*               1317                   3.529712e+002   1.246989e+002
*          1.100000e+002                
GRID*               1318                   3.278404e+002   1.266818e+002
*          1.100000e+002                
GRID*               1319                   3.026653e+002   1.282794e+002
*          1.100000e+002                
GRID*               1320                   2.774414e+002   1.295119e+002
*          1.100000e+002                
GRID*               1321                   2.521625e+002   1.303971e+002
*          1.100000e+002                
GRID*               1322                   2.268225e+002   1.309502e+002
*          1.100000e+002                
GRID*               1323                   2.014557e+002   1.311981e+002
*          1.100000e+002                
GRID*               1324                   1.760914e+002   1.311973e+002
*          1.100000e+002                
GRID*               1325                   1.507556e+002   1.310142e+002
*          1.100000e+002                
GRID*               1326                   1.254732e+002   1.307209e+002
*          1.100000e+002                
GRID*               1327                   1.002681e+002   1.303943e+002
*          1.100000e+002                
GRID*               1328                   7.516193e+001   1.301138e+002
*          1.100000e+002                
GRID*               1329                   5.015371e+001   1.299578e+002
*          1.100000e+002                
GRID*               1330                   2.505363e+001   1.299422e+002
*          1.100000e+002                
GRID*               1331                   2.505363e+001   1.299422e+002
*          7.644807e+001                
GRID*               1332                   5.015371e+001   1.299578e+002
*          7.644807e+001                
GRID*               1333                   7.516193e+001   1.301138e+002
*          7.644807e+001                
GRID*               1334                   1.002681e+002   1.303943e+002
*          7.644807e+001                
GRID*               1335                   1.254732e+002   1.307209e+002
*          7.644807e+001                
GRID*               1336                   1.507556e+002   1.310142e+002
*          7.644807e+001                
GRID*               1337                   1.760914e+002   1.311973e+002
*          7.644807e+001                
GRID*               1338                   2.014557e+002   1.311981e+002
*          7.644807e+001                
GRID*               1339                   2.268225e+002   1.309502e+002
*          7.644807e+001                
GRID*               1340                   2.521625e+002   1.303971e+002
*          7.644807e+001                
GRID*               1341                   2.774414e+002   1.295119e+002
*          7.644807e+001                
GRID*               1342                   3.026653e+002   1.282794e+002
*          7.644807e+001                
GRID*               1343                   3.278404e+002   1.266818e+002
*          7.644807e+001                
GRID*               1344                   3.529712e+002   1.246989e+002
*          7.644807e+001                
GRID*               1345                   3.780607e+002   1.223076e+002
*          7.644807e+001                
GRID*               1346                   4.031101e+002   1.194818e+002
*          7.644807e+001                
GRID*               1347                   4.281189e+002   1.161916e+002
*          7.644807e+001                
GRID*               1348                   4.530842e+002   1.124032e+002
*          7.644807e+001                
GRID*               1349                   4.780064e+002   1.080775e+002
*          7.644807e+001                
GRID*               1350                   5.028258e+002   1.032141e+002
*          7.644807e+001                
GRID*               1351                   5.274637e+002   9.792191e+001
*          7.644807e+001                
GRID*               1352                   5.519024e+002   9.229864e+001
*          7.644807e+001                
GRID*               1353                   5.759911e+002   8.647014e+001
*          7.644807e+001                
GRID*               1354                   7.598620e+002   1.732874e+001
*          9.322404e+001                
GRID*               1355                   7.827187e+002   2.286708e+000
*          7.644807e+001                
GRID*               1356                   8.051732e+002  -1.348827e+001
*          7.644807e+001                
GRID*               1357                   8.273293e+002  -2.980907e+001
*          7.644807e+001                
GRID*               1358                   8.494010e+002  -4.693434e+001
*          7.644807e+001                
GRID*               1359                   8.697469e+002  -6.524996e+001
*          7.644807e+001                
GRID*               1360                   8.849191e+002  -8.671847e+001
*          7.644807e+001                
GRID*               1361                   8.898592e+002  -1.137497e+002
*          9.322404e+001                
GRID*               1362                   8.849191e+002  -8.671847e+001
*          1.100000e+002                
GRID*               1363                   8.697469e+002  -6.524996e+001
*          1.100000e+002                
GRID*               1364                   8.494010e+002  -4.693434e+001
*          1.100000e+002                
GRID*               1365                   8.273293e+002  -2.980907e+001
*          1.100000e+002                
GRID*               1366                   8.051732e+002  -1.348827e+001
*          1.100000e+002                
GRID*               1367                   7.827187e+002   2.286709e+000
*          1.100000e+002                
GRID*               1368                   5.998620e+002   5.454393e+001
*          6.667688e+001                
GRID*               1369                   2.521945e+001   7.994270e+001
*          5.693172e+001                
GRID*               1370                   5.046782e+001   7.995927e+001
*          5.693172e+001                
GRID*               1371                   7.570766e+001   8.011746e+001
*          5.693172e+001                
GRID*               1372                   1.009261e+002   8.039944e+001
*          5.693172e+001                
GRID*               1373                   1.261278e+002   8.072598e+001
*          5.693172e+001                
GRID*               1374                   1.513177e+002   8.101804e+001
*          5.693172e+001                
GRID*               1375                   1.765001e+002   8.119932e+001
*          5.693172e+001                
GRID*               1376                   2.016783e+002   8.119732e+001
*          5.693172e+001                
GRID*               1377                   2.268544e+002   8.094427e+001
*          5.693172e+001                
GRID*               1378                   2.520400e+002   8.038079e+001
*          5.693172e+001                
GRID*               1379                   2.772387e+002   7.947643e+001
*          5.693172e+001                
GRID*               1380                   3.024330e+002   7.821275e+001
*          5.693172e+001                
GRID*               1381                   3.276043e+002   7.656985e+001
*          5.693172e+001                
GRID*               1382                   3.527334e+002   7.452605e+001
*          5.693172e+001                
GRID*               1383                   3.777993e+002   7.205783e+001
*          5.693172e+001                
GRID*               1384                   4.027791e+002   6.913959e+001
*          5.693172e+001                
GRID*               1385                   4.276476e+002   6.574354e+001
*          5.693172e+001                
GRID*               1386                   4.523764e+002   6.183955e+001
*          5.693172e+001                
GRID*               1387                   4.769672e+002   5.739016e+001
*          5.693172e+001                
GRID*               1388                   5.015681e+002   5.239374e+001
*          5.693172e+001                
GRID*               1389                   5.261930e+002   4.694921e+001
*          5.693172e+001                
GRID*               1390                   5.508344e+002   4.114423e+001
*          5.693172e+001                
GRID*               1391                   5.754647e+002   3.508163e+001
*          5.693172e+001                
GRID*               1392                   7.598620e+002  -1.265338e+001
*          6.662724e+001                
GRID*               1393                   7.751198e+002  -5.346027e+001
*          5.693172e+001                
GRID*               1394                   7.901256e+002  -6.443026e+001
*          5.693172e+001                
GRID*               1395                   8.049674e+002  -7.559373e+001
*          5.693172e+001                
GRID*               1396                   8.187919e+002  -8.649133e+001
*          5.693172e+001                
GRID*               1397                   8.300355e+002  -9.627162e+001
*          5.693172e+001                
GRID*               1398                   8.373882e+002  -1.041719e+002
*          5.693172e+001                
GRID*               1399                   8.649296e+002  -1.118749e+002
*          6.668990e+001                
GRID*               1400                   5.998620e+002   2.862885e+001
*          3.816593e+001                
GRID*               1401                   2.519324e+001   7.994273e+001
*          1.940014e+001                
GRID*               1402                   5.038651e+001   7.995901e+001
*          1.940014e+001                
GRID*               1403                   7.557928e+001   8.011628e+001
*          1.940014e+001                
GRID*               1404                   1.007710e+002   8.039748e+001
*          1.940014e+001                
GRID*               1405                   1.259622e+002   8.072386e+001
*          1.940014e+001                
GRID*               1406                   1.511538e+002   8.101642e+001
*          1.940014e+001                
GRID*               1407                   1.763464e+002   8.119869e+001
*          1.940014e+001                
GRID*               1408                   2.015396e+002   8.119795e+001
*          1.940014e+001                
GRID*               1409                   2.267315e+002   8.094623e+001
*          1.940014e+001                
GRID*               1410                   2.519184e+002   8.038432e+001
*          1.940014e+001                
GRID*               1411                   2.770953e+002   7.948257e+001
*          1.940014e+001                
GRID*               1412                   3.022569e+002   7.822288e+001
*          1.940014e+001                
GRID*               1413                   3.273967e+002   7.658502e+001
*          1.940014e+001                
GRID*               1414                   3.525070e+002   7.454634e+001
*          1.940014e+001                
GRID*               1415                   3.775792e+002   7.208146e+001
*          1.940014e+001                
GRID*               1416                   4.026024e+002   6.916193e+001
*          1.940014e+001                
GRID*               1417                   4.275639e+002   6.575583e+001
*          1.940014e+001                
GRID*               1418                   4.524485e+002   6.182735e+001
*          1.940014e+001                
GRID*               1419                   4.772380e+002   5.733792e+001
*          1.940014e+001                
GRID*               1420                   5.019257e+002   5.231762e+001
*          1.940014e+001                
GRID*               1421                   5.265235e+002   4.687352e+001
*          1.940014e+001                
GRID*               1422                   5.510446e+002   4.109341e+001
*          1.940014e+001                
GRID*               1423                   5.755074e+002   3.507091e+001
*          1.940014e+001                
GRID*               1424                   7.598620e+002  -4.267625e+001
*          3.816593e+001                
GRID*               1425                   7.751344e+002  -5.347077e+001
*          1.940014e+001                
GRID*               1426                   7.902317e+002  -6.450896e+001
*          1.940014e+001                
GRID*               1427                   8.051760e+002  -7.575340e+001
*          1.940014e+001                
GRID*               1428                   8.189487e+002  -8.661993e+001
*          1.940014e+001                
GRID*               1429                   8.301047e+002  -9.633703e+001
*          1.940014e+001                
GRID*               1430                   8.374186e+002  -1.042123e+002
*          1.940014e+001                
GRID*               1431                   8.400000e+002  -1.100000e+002
*          3.816593e+001                
GRID*               1432                   5.998620e+002   5.640968e+001
*          9.713771e+000                
GRID*               1433                   2.504130e+001   1.335528e+002
*          0.000000e+000                
GRID*               1434                   5.013028e+001   1.335683e+002
*          0.000000e+000                
GRID*               1435                   7.512141e+001   1.337242e+002
*          0.000000e+000                
GRID*               1436                   1.002192e+002   1.340046e+002
*          0.000000e+000                
GRID*               1437                   1.254243e+002   1.343312e+002
*          0.000000e+000                
GRID*               1438                   1.507130e+002   1.346245e+002
*          0.000000e+000                
GRID*               1439                   1.760596e+002   1.348078e+002
*          0.000000e+000                
GRID*               1440                   2.014369e+002   1.348088e+002
*          0.000000e+000                
GRID*               1441                   2.268169e+002   1.345613e+002
*          0.000000e+000                
GRID*               1442                   2.521677e+002   1.340090e+002
*          0.000000e+000                
GRID*               1443                   2.774523e+002   1.331252e+002
*          0.000000e+000                
GRID*               1444                   3.026782e+002   1.318949e+002
*          0.000000e+000                
GRID*               1445                   3.278534e+002   1.303005e+002
*          0.000000e+000                
GRID*               1446                   3.529840e+002   1.283220e+002
*          0.000000e+000                
GRID*               1447                   3.780745e+002   1.259362e+002
*          0.000000e+000                
GRID*               1448                   4.031277e+002   1.231169e+002
*          0.000000e+000                
GRID*               1449                   4.281445e+002   1.198344e+002
*          0.000000e+000                
GRID*               1450                   4.531239e+002   1.160545e+002
*          0.000000e+000                
GRID*               1451                   4.780673e+002   1.117380e+002
*          0.000000e+000                
GRID*               1452                   5.029075e+002   1.068836e+002
*          0.000000e+000                
GRID*               1453                   5.275517e+002   1.016014e+002
*          0.000000e+000                
GRID*               1454                   5.519837e+002   9.598962e+001
*          0.000000e+000                
GRID*               1455                   5.760506e+002   9.017389e+001
*          0.000000e+000                
GRID*               1456                   7.598620e+002  -1.052059e+001
*          9.768205e+000                
GRID*               1457                   7.834803e+002   6.136646e+000
*          0.000000e+000                
GRID*               1458                   8.066802e+002  -1.012386e+001
*          0.000000e+000                
GRID*               1459                   8.295769e+002  -2.698158e+001
*          0.000000e+000                
GRID*               1460                   8.523707e+002  -4.469736e+001
*          0.000000e+000                
GRID*               1461                   8.732931e+002  -6.374379e+001
*          0.000000e+000                
GRID*               1462                   8.885615e+002  -8.601986e+001
*          0.000000e+000                
GRID*               1463                   8.667299e+002  -1.120103e+002
*          9.700071e+000                
GRID*               1464                   5.998620e+002   8.418095e+001
*         -2.407829e+001                
GRID*               1465                   2.504130e+001   1.335528e+002
*         -4.815659e+001                
GRID*               1466                   5.013028e+001   1.335683e+002
*         -4.815659e+001                
GRID*               1467                   7.512141e+001   1.337242e+002
*         -4.815659e+001                
GRID*               1468                   1.002192e+002   1.340046e+002
*         -4.815659e+001                
GRID*               1469                   1.254243e+002   1.343312e+002
*         -4.815659e+001                
GRID*               1470                   1.507130e+002   1.346245e+002
*         -4.815659e+001                
GRID*               1471                   1.760596e+002   1.348078e+002
*         -4.815659e+001                
GRID*               1472                   2.014369e+002   1.348088e+002
*         -4.815659e+001                
GRID*               1473                   2.268169e+002   1.345613e+002
*         -4.815659e+001                
GRID*               1474                   2.521677e+002   1.340090e+002
*         -4.815659e+001                
GRID*               1475                   2.774523e+002   1.331252e+002
*         -4.815659e+001                
GRID*               1476                   3.026782e+002   1.318949e+002
*         -4.815659e+001                
GRID*               1477                   3.278534e+002   1.303005e+002
*         -4.815659e+001                
GRID*               1478                   3.529840e+002   1.283220e+002
*         -4.815659e+001                
GRID*               1479                   3.780745e+002   1.259362e+002
*         -4.815659e+001                
GRID*               1480                   4.031277e+002   1.231169e+002
*         -4.815659e+001                
GRID*               1481                   4.281445e+002   1.198344e+002
*         -4.815659e+001                
GRID*               1482                   4.531239e+002   1.160545e+002
*         -4.815659e+001                
GRID*               1483                   4.780673e+002   1.117380e+002
*         -4.815659e+001                
GRID*               1484                   5.029075e+002   1.068836e+002
*         -4.815659e+001                
GRID*               1485                   5.275517e+002   1.016014e+002
*         -4.815659e+001                
GRID*               1486                   5.519837e+002   9.598962e+001
*         -4.815659e+001                
GRID*               1487                   5.760506e+002   9.017389e+001
*         -4.815659e+001                
GRID*               1488                   7.598620e+002   2.159394e+001
*         -2.407829e+001                
GRID*               1489                   7.834803e+002   6.136646e+000
*         -4.815659e+001                
GRID*               1490                   8.066802e+002  -1.012386e+001
*         -4.815659e+001                
GRID*               1491                   8.295769e+002  -2.698158e+001
*         -4.815659e+001                
GRID*               1492                   8.523707e+002  -4.469736e+001
*         -4.815659e+001                
GRID*               1493                   8.732931e+002  -6.374379e+001
*         -4.815659e+001                
GRID*               1494                   8.885615e+002  -8.601986e+001
*         -4.815659e+001                
GRID*               1495                   8.934597e+002  -1.140205e+002
*         -2.407829e+001                
GRID*               1496                   8.634391e+002  -8.909022e+001
*         -1.100000e+002                
GRID*               1497                   8.469637e+002  -7.109408e+001
*         -1.100000e+002                
GRID*               1498                   8.278527e+002  -5.535831e+001
*         -1.100000e+002                
GRID*               1499                   8.080875e+002  -4.040205e+001
*         -1.100000e+002                
GRID*               1500                   7.881890e+002  -2.592056e+001
*         -1.100000e+002                
GRID*               1501                   7.679560e+002  -1.186388e+001
*         -1.100000e+002                
GRID*               1502                   7.473032e+002   1.600834e+000
*         -1.100000e+002                
GRID*               1503                   7.261304e+002   1.418515e+001
*         -1.100000e+002                
GRID*               1504                   7.042391e+002   2.543795e+001
*         -1.100000e+002                
GRID*               1505                   6.811285e+002   3.476103e+001
*         -1.100000e+002                
GRID*               1506                   6.578461e+002   4.202889e+001
*         -1.100000e+002                
GRID*               1507                   6.344031e+002   4.935907e+001
*         -1.100000e+002                
GRID*               1508                   6.105497e+002   5.676775e+001
*         -1.100000e+002                
GRID*               1509                   5.866822e+002   6.319054e+001
*         -1.100000e+002                
GRID*               1510                   5.630902e+002   6.904022e+001
*         -1.100000e+002                
GRID*               1511                   5.392422e+002   7.472619e+001
*         -1.100000e+002                
GRID*               1512                   5.152408e+002   8.013665e+001
*         -1.100000e+002                
GRID*               1513                   4.911382e+002   8.517950e+001
*         -1.100000e+002                
GRID*               1514                   4.669427e+002   8.975944e+001
*         -1.100000e+002                
GRID*               1515                   4.426788e+002   9.380824e+001
*         -1.100000e+002                
GRID*               1516                   4.183313e+002   9.735703e+001
*         -1.100000e+002                
GRID*               1517                   3.939133e+002   1.004383e+002
*         -1.100000e+002                
GRID*               1518                   3.694354e+002   1.030811e+002
*         -1.100000e+002                
GRID*               1519                   3.449060e+002   1.053117e+002
*         -1.100000e+002                
GRID*               1520                   3.203320e+002   1.071536e+002
*         -1.100000e+002                
GRID*               1521                   2.957185e+002   1.086276e+002
*         -1.100000e+002                
GRID*               1522                   2.710695e+002   1.097528e+002
*         -1.100000e+002                
GRID*               1523                   2.463875e+002   1.105458e+002
*         -1.100000e+002                
GRID*               1524                   2.216776e+002   1.110221e+002
*         -1.100000e+002                
GRID*               1525                   1.969588e+002   1.112145e+002
*         -1.100000e+002                
GRID*               1526                   1.722433e+002   1.111796e+002
*         -1.100000e+002                
GRID*               1527                   1.475450e+002   1.109807e+002
*         -1.100000e+002                
GRID*               1528                   1.228764e+002   1.106862e+002
*         -1.100000e+002                
GRID*               1529                   9.824887e+001   1.103678e+002
*         -1.100000e+002                
GRID*               1530                   7.367257e+001   1.100998e+002
*         -1.100000e+002                
GRID*               1531                   4.914079e+001   1.099550e+002
*         -1.100000e+002                
GRID*               1532                   2.454903e+001   1.099432e+002
*         -1.100000e+002                
GRID*               1533                   2.400534e+001   7.994435e+001
*         -1.299527e+002                
GRID*               1534                   4.803860e+001   7.995242e+001
*         -1.299527e+002                
GRID*               1535                   7.206673e+001   8.008520e+001
*         -1.299527e+002                
GRID*               1536                   9.607522e+001   8.033924e+001
*         -1.299527e+002                
GRID*               1537                   1.200677e+002   8.064764e+001
*         -1.299527e+002                
GRID*               1538                   1.440484e+002   8.094182e+001
*         -1.299527e+002                
GRID*               1539                   1.680213e+002   8.115523e+001
*         -1.299527e+002                
GRID*               1540                   1.919895e+002   8.122421e+001
*         -1.299527e+002                
GRID*               1541                   2.159552e+002   8.108876e+001
*         -1.299527e+002                
GRID*               1542                   2.399223e+002   8.069329e+001
*         -1.299527e+002                
GRID*               1543                   2.639047e+002   7.999852e+001
*         -1.299527e+002                
GRID*               1544                   2.878915e+002   7.898715e+001
*         -1.299527e+002                
GRID*               1545                   3.118674e+002   7.764277e+001
*         -1.299527e+002                
GRID*               1546                   3.358160e+002   7.594762e+001
*         -1.299527e+002                
GRID*               1547                   3.597204e+002   7.388246e+001
*         -1.299527e+002                
GRID*               1548                   3.835619e+002   7.142648e+001
*         -1.299527e+002                
GRID*               1549                   4.073204e+002   6.855712e+001
*         -1.299527e+002                
GRID*               1550                   4.309736e+002   6.525003e+001
*         -1.299527e+002                
GRID*               1551                   4.544966e+002   6.147887e+001
*         -1.299527e+002                
GRID*               1552                   4.778999e+002   5.721000e+001
*         -1.299527e+002                
GRID*               1553                   5.013179e+002   5.244694e+001
*         -1.299527e+002                
GRID*               1554                   5.247576e+002   4.727715e+001
*         -1.299527e+002                
GRID*               1555                   5.482125e+002   4.177621e+001
*         -1.299527e+002                
GRID*               1556                   5.716681e+002   3.603133e+001
*         -1.299527e+002                
GRID*               1557                   5.949532e+002   3.000403e+001
*         -1.299527e+002                
GRID*               1558                   6.178987e+002   2.312473e+001
*         -1.299527e+002                
GRID*               1559                   6.407684e+002   1.591024e+001
*         -1.299527e+002                
GRID*               1560                   6.637302e+002   8.861477e+000
*         -1.299527e+002                
GRID*               1561                   6.862841e+002   6.177286e-001
*         -1.299527e+002                
GRID*               1562                   7.078723e+002  -1.000379e+001
*         -1.299527e+002                
GRID*               1563                   7.287227e+002  -2.217010e+001
*         -1.299527e+002                
GRID*               1564                   7.489539e+002  -3.523620e+001
*         -1.299527e+002                
GRID*               1565                   7.686516e+002  -4.883923e+001
*         -1.299527e+002                
GRID*               1566                   7.879098e+002  -6.278999e+001
*         -1.299527e+002                
GRID*               1567                   8.068513e+002  -7.703968e+001
*         -1.299527e+002                
GRID*               1568                   8.248791e+002  -9.161784e+001
*         -1.299527e+002                
GRID*               1569                   8.363112e+002  -1.028129e+002
*         -1.299527e+002                
GRID*               1570                   8.777636e+002  -1.128401e+002
*         -8.938553e+001                
GRID*               1571                   8.856116e+002  -1.134303e+002
*         -6.877106e+001                
GRID*               1572                   7.388569e+002   3.411732e+001
*         -4.815659e+001                
GRID*               1573                   7.171885e+002   4.543618e+001
*         -4.815659e+001                
GRID*               1574                   6.942371e+002   5.516146e+001
*         -4.815659e+001                
GRID*               1575                   6.711712e+002   6.263892e+001
*         -4.815659e+001                
GRID*               1576                   6.477900e+002   6.988807e+001
*         -4.815659e+001                
GRID*               1577                   6.241212e+002   7.735091e+001
*         -4.815659e+001                
GRID*               1578                  -1.262427e-001   1.257403e+002
*         -6.877106e+001                
GRID*               1579                  -1.045210e-001   1.178701e+002
*         -8.938553e+001                
GRID*               1580                   7.388569e+002   3.411732e+001
*          0.000000e+000                
GRID*               1581                   7.171885e+002   4.543618e+001
*          0.000000e+000                
GRID*               1582                   6.942371e+002   5.516146e+001
*          0.000000e+000                
GRID*               1583                   6.711712e+002   6.263892e+001
*          0.000000e+000                
GRID*               1584                   6.477900e+002   6.988807e+001
*          0.000000e+000                
GRID*               1585                   6.241212e+002   7.735091e+001
*          0.000000e+000                
GRID*               1586                   7.389388e+002  -2.863692e+001
*          1.940014e+001                
GRID*               1587                   7.174874e+002  -1.542128e+001
*          1.940014e+001                
GRID*               1588                   6.952853e+002  -3.517535e+000
*          1.940014e+001                
GRID*               1589                   6.720377e+002   6.163478e+000
*          1.940014e+001                
GRID*               1590                   6.479869e+002   1.367522e+001
*          1.940014e+001                
GRID*               1591                   6.239406e+002   2.120553e+001
*          1.940014e+001                
GRID*               1592                   7.389612e+002  -2.865137e+001
*          5.693172e+001                
GRID*               1593                   7.174223e+002  -1.538340e+001
*          5.693172e+001                
GRID*               1594                   6.951523e+002  -3.453157e+000
*          5.693172e+001                
GRID*               1595                   6.719109e+002   6.207232e+000
*          5.693172e+001                
GRID*               1596                   6.478510e+002   1.371711e+001
*          5.693172e+001                
GRID*               1597                   6.238672e+002   2.122882e+001
*          5.693172e+001                
GRID*               1598                   7.388574e+002   2.996784e+001
*          7.644807e+001                
GRID*               1599                   7.172168e+002   4.141537e+001
*          7.644807e+001                
GRID*               1600                   6.943455e+002   5.127005e+001
*          7.644807e+001                
GRID*               1601                   6.711906e+002   5.885804e+001
*          7.644807e+001                
GRID*               1602                   6.477855e+002   6.610418e+001
*          7.644807e+001                
GRID*               1603                   6.241510e+002   7.356454e+001
*          7.644807e+001                
GRID*               1604                   7.388574e+002   2.996784e+001
*          1.100000e+002                
GRID*               1605                   7.172168e+002   4.141537e+001
*          1.100000e+002                
GRID*               1606                   6.943455e+002   5.127005e+001
*          1.100000e+002                
GRID*               1607                   6.711906e+002   5.885804e+001
*          1.100000e+002                
GRID*               1608                   6.477855e+002   6.610418e+001
*          1.100000e+002                
GRID*               1609                   6.241510e+002   7.356454e+001
*          1.100000e+002                
GRID*               1610                   8.732394e+002  -1.124998e+002
*          1.266667e+002                
GRID*               1611                   8.566198e+002  -1.112499e+002
*          1.433333e+002                
GRID*               1612                   8.363090e+002  -1.028102e+002
*          1.600000e+002                
GRID*               1613                   8.248594e+002  -9.160073e+001
*          1.600000e+002                
GRID*               1614                   8.068326e+002  -7.702525e+001
*          1.600000e+002                
GRID*               1615                   7.877349e+002  -6.266080e+001
*          1.600000e+002                
GRID*               1616                   7.682906e+002  -4.858339e+001
*          1.600000e+002                
GRID*               1617                   7.485315e+002  -3.495313e+001
*          1.600000e+002                
GRID*               1618                   7.283737e+002  -2.195440e+001
*          1.600000e+002                
GRID*               1619                   7.076605e+002  -9.888650e+000
*          1.600000e+002                
GRID*               1620                   6.861506e+002   6.755630e-001
*          1.600000e+002                
GRID*               1621                   6.636468e+002   8.887173e+000
*          1.600000e+002                
GRID*               1622                   6.407302e+002   1.592211e+001
*          1.600000e+002                
GRID*               1623                   6.178569e+002   2.313801e+001
*          1.600000e+002                
GRID*               1624                   5.948831e+002   3.002327e+001
*          1.600000e+002                
GRID*               1625                   5.716775e+002   3.602899e+001
*          1.600000e+002                
GRID*               1626                   5.483682e+002   4.173878e+001
*          1.600000e+002                
GRID*               1627                   5.250087e+002   4.721989e+001
*          1.600000e+002                
GRID*               1628                   5.015910e+002   5.238887e+001
*          1.600000e+002                
GRID*               1629                   4.781071e+002   5.716988e+001
*          1.600000e+002                
GRID*               1630                   4.545363e+002   6.147209e+001
*          1.600000e+002                
GRID*               1631                   4.308588e+002   6.526722e+001
*          1.600000e+002                
GRID*               1632                   4.071091e+002   6.858459e+001
*          1.600000e+002                
GRID*               1633                   3.833011e+002   7.145558e+001
*          1.600000e+002                
GRID*               1634                   3.594464e+002   7.390833e+001
*          1.600000e+002                
GRID*               1635                   3.355552e+002   7.596806e+001
*          1.600000e+002                
GRID*               1636                   3.116357e+002   7.765742e+001
*          1.600000e+002                
GRID*               1637                   2.876951e+002   7.899676e+001
*          1.600000e+002                
GRID*               1638                   2.637398e+002   8.000436e+001
*          1.600000e+002                
GRID*               1639                   2.397751e+002   8.069661e+001
*          1.600000e+002                
GRID*               1640                   2.158027e+002   8.109039e+001
*          1.600000e+002                
GRID*               1641                   1.918216e+002   8.122437e+001
*          1.600000e+002                
GRID*               1642                   1.678390e+002   8.115407e+001
*          1.600000e+002                
GRID*               1643                   1.438596e+002   8.093973e+001
*          1.600000e+002                
GRID*               1644                   1.198870e+002   8.064529e+001
*          1.600000e+002                
GRID*               1645                   9.592354e+001   8.033739e+001
*          1.600000e+002                
GRID*               1646                   7.196028e+001   8.008430e+001
*          1.600000e+002                
GRID*               1647                   4.798124e+001   7.995227e+001
*          1.600000e+002                
GRID*               1648                   2.398801e+001   7.994438e+001
*          1.600000e+002                
GRID*               1649                  -4.599967e-002   9.666660e+001
*          1.433333e+002                
GRID*               1650                  -9.199934e-002   1.133332e+002
*          1.266667e+002                
GRID*               1651                  -2.471645e+001   1.099434e+002
*         -1.100000e+002                
GRID*               1652                  -4.930981e+001   1.099560e+002
*         -1.100000e+002                
GRID*               1653                  -7.384296e+001   1.101018e+002
*         -1.100000e+002                
GRID*               1654                  -9.842034e+001   1.103704e+002
*         -1.100000e+002                
GRID*               1655                  -1.230486e+002   1.106889e+002
*         -1.100000e+002                
GRID*               1656                  -1.477175e+002   1.109830e+002
*         -1.100000e+002                
GRID*               1657                  -1.724157e+002   1.111809e+002
*         -1.100000e+002                
GRID*               1658                  -1.971304e+002   1.112145e+002
*         -1.100000e+002                
GRID*               1659                  -2.218481e+002   1.110203e+002
*         -1.100000e+002                
GRID*               1660                  -2.465560e+002   1.105419e+002
*         -1.100000e+002                
GRID*               1661                  -2.712358e+002   1.097468e+002
*         -1.100000e+002                
GRID*               1662                  -2.958826e+002   1.086195e+002
*         -1.100000e+002                
GRID*               1663                  -3.204939e+002   1.071431e+002
*         -1.100000e+002                
GRID*               1664                  -3.450661e+002   1.052989e+002
*         -1.100000e+002                
GRID*               1665                  -3.695942e+002   1.030658e+002
*         -1.100000e+002                
GRID*               1666                  -3.940718e+002   1.004202e+002
*         -1.100000e+002                
GRID*               1667                  -4.184907e+002   9.733583e+001
*         -1.100000e+002                
GRID*               1668                  -4.428404e+002   9.378346e+001
*         -1.100000e+002                
GRID*               1669                  -4.671082e+002   8.973042e+001
*         -1.100000e+002                
GRID*               1670                  -4.913094e+002   8.514571e+001
*         -1.100000e+002                
GRID*               1671                  -5.154199e+002   8.009811e+001
*         -1.100000e+002                
GRID*               1672                  -5.394312e+002   7.468272e+001
*         -1.100000e+002                
GRID*               1673                  -5.632918e+002   6.899155e+001
*         -1.100000e+002                
GRID*               1674                  -5.869011e+002   6.313542e+001
*         -1.100000e+002                
GRID*               1675                  -6.107792e+002   5.670119e+001
*         -1.100000e+002                
GRID*               1676                  -6.345900e+002   4.930026e+001
*         -1.100000e+002                
GRID*               1677                  -6.580421e+002   4.196906e+001
*         -1.100000e+002                
GRID*               1678                  -6.814329e+002   3.465713e+001
*         -1.100000e+002                
GRID*               1679                  -7.045988e+002   2.527109e+001
*         -1.100000e+002                
GRID*               1680                  -7.264226e+002   1.402214e+001
*         -1.100000e+002                
GRID*               1681                  -7.474785e+002   1.491467e+000
*         -1.100000e+002                
GRID*               1682                  -7.679670e+002  -1.187079e+001
*         -1.100000e+002                
GRID*               1683                  -7.875902e+002  -2.549360e+001
*         -1.100000e+002                
GRID*               1684                  -8.072960e+002  -3.981470e+001
*         -1.100000e+002                
GRID*               1685                  -8.276672e+002  -5.521355e+001
*         -1.100000e+002                
GRID*               1686                  -8.471249e+002  -7.123782e+001
*         -1.100000e+002                
GRID*               1687                  -8.635331e+002  -8.923422e+001
*         -1.100000e+002                
GRID*               1688                  -8.363081e+002  -1.028092e+002
*         -1.299527e+002                
GRID*               1689                  -8.249180e+002  -9.165168e+001
*         -1.299527e+002                
GRID*               1690                  -8.064983e+002  -7.676801e+001
*         -1.299527e+002                
GRID*               1691                  -7.871860e+002  -6.225563e+001
*         -1.299527e+002                
GRID*               1692                  -7.683958e+002  -4.865789e+001
*         -1.299527e+002                
GRID*               1693                  -7.490492e+002  -3.530010e+001
*         -1.299527e+002                
GRID*               1694                  -7.289356e+002  -2.230183e+001
*         -1.299527e+002                
GRID*               1695                  -7.080343e+002  -1.009201e+001
*         -1.299527e+002                
GRID*               1696                  -6.863787e+002   5.766944e-001
*         -1.299527e+002                
GRID*               1697                  -6.637656e+002   8.850540e+000
*         -1.299527e+002                
GRID*               1698                  -6.407642e+002   1.591154e+001
*         -1.299527e+002                
GRID*               1699                  -6.179095e+002   2.312132e+001
*         -1.299527e+002                
GRID*               1700                  -5.949935e+002   2.999295e+001
*         -1.299527e+002                
GRID*               1701                  -5.716934e+002   3.602504e+001
*         -1.299527e+002                
GRID*               1702                  -5.482230e+002   4.177369e+001
*         -1.299527e+002                
GRID*               1703                  -5.247573e+002   4.727723e+001
*         -1.299527e+002                
GRID*               1704                  -5.013091e+002   5.244880e+001
*         -1.299527e+002                
GRID*               1705                  -4.778848e+002   5.721293e+001
*         -1.299527e+002                
GRID*               1706                  -4.544769e+002   6.148225e+001
*         -1.299527e+002                
GRID*               1707                  -4.309510e+002   6.525342e+001
*         -1.299527e+002                
GRID*               1708                  -4.072965e+002   6.856023e+001
*         -1.299527e+002                
GRID*               1709                  -3.835381e+002   7.142913e+001
*         -1.299527e+002                
GRID*               1710                  -3.596978e+002   7.388460e+001
*         -1.299527e+002                
GRID*               1711                  -3.357955e+002   7.594923e+001
*         -1.299527e+002                
GRID*               1712                  -3.118495e+002   7.764390e+001
*         -1.299527e+002                
GRID*               1713                  -2.878768e+002   7.898787e+001
*         -1.299527e+002                
GRID*               1714                  -2.638932e+002   7.999892e+001
*         -1.299527e+002                
GRID*               1715                  -2.399139e+002   8.069348e+001
*         -1.299527e+002                
GRID*               1716                  -2.159495e+002   8.108882e+001
*         -1.299527e+002                
GRID*               1717                  -1.919861e+002   8.122421e+001
*         -1.299527e+002                
GRID*               1718                  -1.680196e+002   8.115522e+001
*         -1.299527e+002                
GRID*               1719                  -1.440480e+002   8.094181e+001
*         -1.299527e+002                
GRID*               1720                  -1.200681e+002   8.064764e+001
*         -1.299527e+002                
GRID*               1721                  -9.607615e+001   8.033926e+001
*         -1.299527e+002                
GRID*               1722                  -7.206781e+001   8.008521e+001
*         -1.299527e+002                
GRID*               1723                  -4.803953e+001   7.995242e+001
*         -1.299527e+002                
GRID*               1724                  -2.400590e+001   7.994435e+001
*         -1.299527e+002                
GRID*               1725                  -7.834364e+002   6.167433e+000
*         -4.815659e+001                
GRID*               1726                  -8.061988e+002  -9.776403e+000
*         -4.815659e+001                
GRID*               1727                  -8.289980e+002  -2.654595e+001
*         -4.815659e+001                
GRID*               1728                  -8.522032e+002  -4.455964e+001
*         -4.815659e+001                
GRID*               1729                  -8.734089e+002  -6.386692e+001
*         -4.815659e+001                
GRID*               1730                  -8.886411e+002  -8.620170e+001
*         -4.815659e+001                
GRID*               1731                  -8.855920e+002  -1.136820e+002
*         -6.877106e+001                
GRID*               1732                  -8.777473e+002  -1.130485e+002
*         -8.938553e+001                
GRID*               1733                  -7.835370e+002   6.099052e+000
*          0.000000e+000                
GRID*               1734                  -8.064655e+002  -9.968340e+000
*          0.000000e+000                
GRID*               1735                  -8.290010e+002  -2.654814e+001
*          0.000000e+000                
GRID*               1736                  -8.520305e+002  -4.441864e+001
*          0.000000e+000                
GRID*               1737                  -8.733617e+002  -6.381642e+001
*          0.000000e+000                
GRID*               1738                  -8.886299e+002  -8.617614e+001
*          0.000000e+000                
GRID*               1739                  -8.934366e+002  -1.143155e+002
*         -2.407829e+001                
GRID*               1740                  -7.751344e+002  -5.347077e+001
*          1.940014e+001                
GRID*               1741                  -7.902317e+002  -6.450896e+001
*          1.940014e+001                
GRID*               1742                  -8.051760e+002  -7.575340e+001
*          1.940014e+001                
GRID*               1743                  -8.189487e+002  -8.661993e+001
*          1.940014e+001                
GRID*               1744                  -8.301047e+002  -9.633703e+001
*          1.940014e+001                
GRID*               1745                  -8.374186e+002  -1.042123e+002
*          1.940014e+001                
GRID*               1746                  -8.667183e+002  -1.121578e+002
*          9.700071e+000                
GRID*               1747                  -7.747575e+002  -5.319964e+001
*          5.693172e+001                
GRID*               1748                  -7.894327e+002  -6.391666e+001
*          5.693172e+001                
GRID*               1749                  -8.045820e+002  -7.529903e+001
*          5.693172e+001                
GRID*               1750                  -8.188364e+002  -8.652776e+001
*          5.693172e+001                
GRID*               1751                  -8.300626e+002  -9.629722e+001
*          5.693172e+001                
GRID*               1752                  -8.373953e+002  -1.041813e+002
*          5.693172e+001                
GRID*               1753                  -8.400000e+002  -1.100000e+002
*          3.816593e+001                
GRID*               1754                  -7.826284e+002   2.349201e+000
*          7.644807e+001                
GRID*               1755                  -8.046305e+002  -1.309626e+001
*          7.644807e+001                
GRID*               1756                  -8.267284e+002  -2.935693e+001
*          7.644807e+001                
GRID*               1757                  -8.492505e+002  -4.681107e+001
*          7.644807e+001                
GRID*               1758                  -8.698638e+002  -6.537154e+001
*          7.644807e+001                
GRID*               1759                  -8.849977e+002  -8.689169e+001
*          7.644807e+001                
GRID*               1760                  -8.649189e+002  -1.120124e+002
*          6.668990e+001                
GRID*               1761                  -7.827451e+002   2.269555e+000
*          1.100000e+002                
GRID*               1762                  -8.049161e+002  -1.330201e+001
*          1.100000e+002                
GRID*               1763                  -8.267361e+002  -2.936277e+001
*          1.100000e+002                
GRID*               1764                  -8.490628e+002  -4.665844e+001
*          1.100000e+002                
GRID*               1765                  -8.698055e+002  -6.531049e+001
*          1.100000e+002                
GRID*               1766                  -8.849841e+002  -8.686139e+001
*          1.100000e+002                
GRID*               1767                  -8.898378e+002  -1.140249e+002
*          9.322404e+001                
GRID*               1768                  -2.400587e+001   7.994435e+001
*          1.600000e+002                
GRID*               1769                  -4.803949e+001   7.995242e+001
*          1.600000e+002                
GRID*               1770                  -7.206775e+001   8.008521e+001
*          1.600000e+002                
GRID*               1771                  -9.607607e+001   8.033926e+001
*          1.600000e+002                
GRID*               1772                  -1.200680e+002   8.064764e+001
*          1.600000e+002                
GRID*               1773                  -1.440479e+002   8.094181e+001
*          1.600000e+002                
GRID*               1774                  -1.680194e+002   8.115521e+001
*          1.600000e+002                
GRID*               1775                  -1.919859e+002   8.122421e+001
*          1.600000e+002                
GRID*               1776                  -2.159493e+002   8.108883e+001
*          1.600000e+002                
GRID*               1777                  -2.399137e+002   8.069348e+001
*          1.600000e+002                
GRID*               1778                  -2.638929e+002   7.999893e+001
*          1.600000e+002                
GRID*               1779                  -2.878765e+002   7.898788e+001
*          1.600000e+002                
GRID*               1780                  -3.118493e+002   7.764391e+001
*          1.600000e+002                
GRID*               1781                  -3.357952e+002   7.594925e+001
*          1.600000e+002                
GRID*               1782                  -3.596975e+002   7.388463e+001
*          1.600000e+002                
GRID*               1783                  -3.835378e+002   7.142917e+001
*          1.600000e+002                
GRID*               1784                  -4.072962e+002   6.856027e+001
*          1.600000e+002                
GRID*               1785                  -4.309506e+002   6.525347e+001
*          1.600000e+002                
GRID*               1786                  -4.544765e+002   6.148232e+001
*          1.600000e+002                
GRID*               1787                  -4.778843e+002   5.721302e+001
*          1.600000e+002                
GRID*               1788                  -5.013087e+002   5.244889e+001
*          1.600000e+002                
GRID*               1789                  -5.247568e+002   4.727734e+001
*          1.600000e+002                
GRID*               1790                  -5.482225e+002   4.177381e+001
*          1.600000e+002                
GRID*               1791                  -5.716921e+002   3.602533e+001
*          1.600000e+002                
GRID*               1792                  -5.949363e+002   3.000865e+001
*          1.600000e+002                
GRID*               1793                  -6.174576e+002   2.326460e+001
*          1.600000e+002                
GRID*               1794                  -6.403948e+002   1.602652e+001
*          1.600000e+002                
GRID*               1795                  -6.640919e+002   8.749757e+000
*          1.600000e+002                
GRID*               1796                  -6.866241e+002   4.700387e-001
*          1.600000e+002                
GRID*               1797                  -7.080295e+002  -1.008939e+001
*          1.600000e+002                
GRID*               1798                  -7.287650e+002  -2.219625e+001
*          1.600000e+002                
GRID*               1799                  -7.489377e+002  -3.522536e+001
*          1.600000e+002                
GRID*               1800                  -7.686045e+002  -4.880579e+001
*          1.600000e+002                
GRID*               1801                  -7.878453e+002  -6.274236e+001
*          1.600000e+002                
GRID*               1802                  -8.067775e+002  -7.698287e+001
*          1.600000e+002                
GRID*               1803                  -8.248312e+002  -9.157625e+001
*          1.600000e+002                
GRID*               1804                  -8.363381e+002  -1.028454e+002
*          1.600000e+002                
GRID*               1805                  -8.566126e+002  -1.113416e+002
*          1.433333e+002                
GRID*               1806                  -8.732252e+002  -1.126833e+002
*          1.266667e+002                
GRID*               1807                  -7.240902e+002  -7.449982e+001
*         -4.815659e+001                
GRID*               1808                  -6.492065e+002  -5.322395e+001
*         -4.815659e+001                
GRID*               1809                  -6.490774e+002  -7.661198e+001
*         -4.815659e+001                
GRID*               1810                  -6.244052e+002  -1.000000e+002
*         -4.815659e+001                
GRID*               1811                  -5.998620e+002  -7.368832e+001
*         -4.815659e+001                
GRID*               1812                  -5.998620e+002  -4.737664e+001
*         -4.815659e+001                
GRID*               1813                  -5.998620e+002  -2.106497e+001
*         -4.815659e+001                
GRID*               1814                  -5.998620e+002   5.246713e+000
*         -4.815659e+001                
GRID*               1815                  -5.998620e+002   3.155839e+001
*         -4.815659e+001                
GRID*               1816                  -5.998620e+002   5.787007e+001
*         -4.815659e+001                
GRID*               1817                  -7.598620e+002  -2.724139e+000
*         -4.815659e+001                
GRID*               1818                  -7.598620e+002  -2.704310e+001
*         -4.815659e+001                
GRID*               1819                  -7.598620e+002  -5.136207e+001
*         -4.815659e+001                
GRID*               1820                  -7.598620e+002  -7.568104e+001
*         -4.815659e+001                
GRID*               1821                   7.249320e+002  -7.250000e+001
*         -4.815659e+001                
GRID*               1822                   6.499320e+002  -5.083333e+001
*         -4.815659e+001                
GRID*               1823                   6.499320e+002  -7.541666e+001
*         -4.815659e+001                
GRID*               1824                   6.248970e+002  -1.000000e+002
*         -4.815659e+001                
GRID*               1825                   5.998620e+002  -7.368844e+001
*         -4.815659e+001                
GRID*               1826                   5.998620e+002  -4.737687e+001
*         -4.815659e+001                
GRID*               1827                   5.998620e+002  -2.106531e+001
*         -4.815659e+001                
GRID*               1828                   5.998620e+002   5.246258e+000
*         -4.815659e+001                
GRID*               1829                   5.998620e+002   3.155782e+001
*         -4.815659e+001                
GRID*               1830                   5.998620e+002   5.786938e+001
*         -4.815659e+001                
GRID*               1831                   7.598620e+002  -2.724844e+000
*         -4.815659e+001                
GRID*               1832                   7.598620e+002  -2.704363e+001
*         -4.815659e+001                
GRID*               1833                   7.598620e+002  -5.136242e+001
*         -4.815659e+001                
GRID*               1834                   7.598620e+002  -7.568121e+001
*         -4.815659e+001                
GRID*               1835                  -7.240902e+002  -7.449982e+001
*          1.100000e+002                
GRID*               1836                  -7.598620e+002  -7.653409e+001
*          1.100000e+002                
GRID*               1837                  -7.598620e+002  -5.306817e+001
*          1.100000e+002                
GRID*               1838                  -7.598620e+002  -2.960226e+001
*          1.100000e+002                
GRID*               1839                  -7.598620e+002  -6.136344e+000
*          1.100000e+002                
GRID*               1840                  -5.998620e+002   5.467139e+001
*          1.100000e+002                
GRID*               1841                  -5.998620e+002   2.889282e+001
*          1.100000e+002                
GRID*               1842                  -5.998620e+002   3.114259e+000
*          1.100000e+002                
GRID*               1843                  -5.998620e+002  -2.266431e+001
*          1.100000e+002                
GRID*               1844                  -5.998620e+002  -4.844287e+001
*          1.100000e+002                
GRID*               1845                  -5.998620e+002  -7.422144e+001
*          1.100000e+002                
GRID*               1846                  -6.244052e+002  -1.000000e+002
*          1.100000e+002                
GRID*               1847                  -6.490774e+002  -7.661198e+001
*          1.100000e+002                
GRID*               1848                  -6.492065e+002  -5.322395e+001
*          1.100000e+002                
GRID*               1849                  -5.998620e+002  -1.000000e+002
*         -2.179716e+001                
GRID*               1850                  -5.998620e+002  -1.000000e+002
*          4.562274e+000                
GRID*               1851                  -5.998620e+002  -1.000000e+002
*          3.092171e+001                
GRID*               1852                  -5.998620e+002  -1.000000e+002
*          5.728114e+001                
GRID*               1853                  -5.998620e+002  -1.000000e+002
*          8.364057e+001                
GRID*               1854                  -7.598620e+002  -1.000000e+002
*          8.364057e+001                
GRID*               1855                  -7.598620e+002  -1.000000e+002
*          5.728114e+001                
GRID*               1856                  -7.598620e+002  -1.000000e+002
*          3.092171e+001                
GRID*               1857                  -7.598620e+002  -1.000000e+002
*          4.562274e+000                
GRID*               1858                  -7.598620e+002  -1.000000e+002
*         -2.179716e+001                
GRID*               1859                   7.249320e+002  -7.250000e+001
*          1.100000e+002                
GRID*               1860                   7.598620e+002  -7.653426e+001
*          1.100000e+002                
GRID*               1861                   7.598620e+002  -5.306850e+001
*          1.100000e+002                
GRID*               1862                   7.598620e+002  -2.960276e+001
*          1.100000e+002                
GRID*               1863                   7.598620e+002  -6.137009e+000
*          1.100000e+002                
GRID*               1864                   5.998620e+002   5.467075e+001
*          1.100000e+002                
GRID*               1865                   5.998620e+002   2.889229e+001
*          1.100000e+002                
GRID*               1866                   5.998620e+002   3.113834e+000
*          1.100000e+002                
GRID*               1867                   5.998620e+002  -2.266463e+001
*          1.100000e+002                
GRID*               1868                   5.998620e+002  -4.844308e+001
*          1.100000e+002                
GRID*               1869                   5.998620e+002  -7.422154e+001
*          1.100000e+002                
GRID*               1870                   6.248970e+002  -1.000000e+002
*          1.100000e+002                
GRID*               1871                   6.499320e+002  -7.541666e+001
*          1.100000e+002                
GRID*               1872                   6.499320e+002  -5.083333e+001
*          1.100000e+002                
GRID*               1873                   5.998620e+002  -1.000000e+002
*         -2.179716e+001                
GRID*               1874                   5.998620e+002  -1.000000e+002
*          4.562274e+000                
GRID*               1875                   5.998620e+002  -1.000000e+002
*          3.092171e+001                
GRID*               1876                   5.998620e+002  -1.000000e+002
*          5.728114e+001                
GRID*               1877                   5.998620e+002  -1.000000e+002
*          8.364057e+001                
GRID*               1878                   7.598620e+002  -1.000000e+002
*          8.364057e+001                
GRID*               1879                   7.598620e+002  -1.000000e+002
*          5.728114e+001                
GRID*               1880                   7.598620e+002  -1.000000e+002
*          3.092171e+001                
GRID*               1881                   7.598620e+002  -1.000000e+002
*          4.562274e+000                
GRID*               1882                   7.598620e+002  -1.000000e+002
*         -2.179716e+001                
GRID*               1883                  -6.743007e+002  -3.622382e+001
*         -2.179716e+001                
GRID*               1884                  -6.992659e+002  -4.261173e+001
*         -2.179716e+001                
GRID*               1885                  -6.743007e+002  -3.622382e+001
*          4.562274e+000                
GRID*               1886                  -6.992659e+002  -4.261173e+001
*          4.562274e+000                
GRID*               1887                  -6.743007e+002  -3.622382e+001
*          3.092171e+001                
GRID*               1888                  -6.992659e+002  -4.261173e+001
*          3.092171e+001                
GRID*               1889                  -6.743007e+002  -3.622382e+001
*          5.728114e+001                
GRID*               1890                  -6.992659e+002  -4.261173e+001
*          5.728114e+001                
GRID*               1891                  -6.743007e+002  -3.622382e+001
*          8.364057e+001                
GRID*               1892                  -6.992659e+002  -4.261173e+001
*          8.364057e+001                
GRID*               1893                   6.749320e+002  -3.250000e+001
*         -2.179716e+001                
GRID*               1894                   6.999320e+002  -3.875000e+001
*         -2.179716e+001                
GRID*               1895                   6.749320e+002  -3.250000e+001
*          4.562274e+000                
GRID*               1896                   6.999320e+002  -3.875000e+001
*          4.562274e+000                
GRID*               1897                   6.749320e+002  -3.250000e+001
*          3.092171e+001                
GRID*               1898                   6.999320e+002  -3.875000e+001
*          3.092171e+001                
GRID*               1899                   6.749320e+002  -3.250000e+001
*          5.728114e+001                
GRID*               1900                   6.999320e+002  -3.875000e+001
*          5.728114e+001                
GRID*               1901                   6.749320e+002  -3.250000e+001
*          8.364057e+001                
GRID*               1902                   6.999320e+002  -3.875000e+001
*          8.364057e+001                
GRID*               1903                  -5.759904e+002   8.647109e+001
*          9.322404e+001                
GRID*               1904                  -5.518954e+002   9.230107e+001
*          9.322404e+001                
GRID*               1905                  -5.274572e+002   9.792413e+001
*          9.322404e+001                
GRID*               1906                  -5.028231e+002   1.032154e+002
*          9.322404e+001                
GRID*               1907                  -4.780097e+002   1.080776e+002
*          9.322404e+001                
GRID*               1908                  -4.530975e+002   1.124018e+002
*          9.322404e+001                
GRID*               1909                  -4.281438e+002   1.161888e+002
*          9.322404e+001                
GRID*               1910                  -4.031482e+002   1.194779e+002
*          9.322404e+001                
GRID*               1911                  -3.781131e+002   1.223029e+002
*          9.322404e+001                
GRID*               1912                  -3.530389e+002   1.246938e+002
*          9.322404e+001                
GRID*               1913                  -3.279241e+002   1.266766e+002
*          9.322404e+001                
GRID*               1914                  -3.027656e+002   1.282745e+002
*          9.322404e+001                
GRID*               1915                  -2.775584e+002   1.295078e+002
*          9.322404e+001                
GRID*               1916                  -2.522960e+002   1.303940e+002
*          9.322404e+001                
GRID*               1917                  -2.269723e+002   1.309486e+002
*          9.322404e+001                
GRID*               1918                  -2.016214e+002   1.311981e+002
*          9.322404e+001                
GRID*               1919                  -1.762725e+002   1.311988e+002
*          9.322404e+001                
GRID*               1920                  -1.509516e+002   1.310169e+002
*          9.322404e+001                
GRID*               1921                  -1.256836e+002   1.307244e+002
*          9.322404e+001                
GRID*               1922                  -1.004924e+002   1.303979e+002
*          9.322404e+001                
GRID*               1923                  -7.539978e+001   1.301168e+002
*          9.322404e+001                
GRID*               1924                  -5.040453e+001   1.299593e+002
*          9.322404e+001                
GRID*               1925                  -2.531707e+001   1.299426e+002
*          9.322404e+001                
GRID*               1926                  -7.388786e+002   2.995654e+001
*          9.322404e+001                
GRID*               1927                  -7.172240e+002   4.141257e+001
*          9.322404e+001                
GRID*               1928                  -6.942787e+002   5.129565e+001
*          9.322404e+001                
GRID*               1929                  -6.710512e+002   5.890134e+001
*          9.322404e+001                
GRID*               1930                  -6.476551e+002   6.614601e+001
*          9.322404e+001                
GRID*               1931                  -6.240859e+002   7.358533e+001
*          9.322404e+001                
GRID*               1932                  -5.757211e+002   6.077861e+001
*          6.668750e+001                
GRID*               1933                  -5.513512e+002   6.672655e+001
*          6.668765e+001                
GRID*               1934                  -5.268065e+002   7.244162e+001
*          6.668744e+001                
GRID*               1935                  -5.021736e+002   7.781003e+001
*          6.668735e+001                
GRID*               1936                  -4.774641e+002   8.273943e+001
*          6.668724e+001                
GRID*               1937                  -4.527111e+002   8.712571e+001
*          6.668776e+001                
GRID*               1938                  -4.278693e+002   9.097050e+001
*          6.668832e+001                
GRID*               1939                  -4.029375e+002   9.431233e+001
*          6.668878e+001                
GRID*               1940                  -3.779312e+002   9.718325e+001
*          6.668913e+001                
GRID*               1941                  -3.528628e+002   9.961208e+001
*          6.668939e+001                
GRID*               1942                  -3.277430e+002   1.016248e+002
*          6.668958e+001                
GRID*               1943                  -3.025804e+002   1.032447e+002
*          6.668971e+001                
GRID*               1944                  -2.773822e+002   1.044928e+002
*          6.668979e+001                
GRID*               1945                  -2.521543e+002   1.053878e+002
*          6.668983e+001                
GRID*               1946                  -2.269021e+002   1.059466e+002
*          6.668987e+001                
GRID*               1947                  -2.016408e+002   1.061977e+002
*          6.668987e+001                
GRID*               1948                  -1.763791e+002   1.061990e+002
*          6.668987e+001                
GRID*               1949                  -1.511291e+002   1.060174e+002
*          6.668988e+001                
GRID*               1950                  -1.259015e+002   1.057251e+002
*          6.668988e+001                
GRID*               1951                  -1.007062e+002   1.053986e+002
*          6.668988e+001                
GRID*               1952                  -7.555166e+001   1.051171e+002
*          6.668989e+001                
GRID*               1953                  -5.043491e+001   1.049593e+002
*          6.668989e+001                
GRID*               1954                  -2.526768e+001   1.049427e+002
*          6.668989e+001                
GRID*               1955                  -7.390905e+002   5.735041e-001
*          6.661388e+001                
GRID*               1956                  -7.175308e+002   1.293550e+001
*          6.660178e+001                
GRID*               1957                  -6.948705e+002   2.388880e+001
*          6.660029e+001                
GRID*               1958                  -6.715372e+002   3.254418e+001
*          6.666333e+001                
GRID*               1959                  -6.477645e+002   3.992477e+001
*          6.669328e+001                
GRID*               1960                  -6.239720e+002   4.740983e+001
*          6.668414e+001                
GRID*               1961                  -5.754806e+002   3.507764e+001
*          3.816593e+001                
GRID*               1962                  -5.509267e+002   4.112191e+001
*          3.816593e+001                
GRID*               1963                  -5.263405e+002   4.691544e+001
*          3.816593e+001                
GRID*               1964                  -5.017256e+002   5.236023e+001
*          3.816593e+001                
GRID*               1965                  -4.770788e+002   5.736864e+001
*          3.816593e+001                
GRID*               1966                  -4.523871e+002   6.183774e+001
*          3.816593e+001                
GRID*               1967                  -4.275797e+002   6.575350e+001
*          3.816593e+001                
GRID*               1968                  -4.026650e+002   6.915401e+001
*          3.816593e+001                
GRID*               1969                  -3.776645e+002   7.207230e+001
*          3.816593e+001                
GRID*               1970                  -3.525971e+002   7.453828e+001
*          3.816593e+001                
GRID*               1971                  -3.274794e+002   7.657898e+001
*          3.816593e+001                
GRID*               1972                  -3.023262e+002   7.821890e+001
*          3.816593e+001                
GRID*               1973                  -2.771508e+002   7.948019e+001
*          3.816593e+001                
GRID*               1974                  -2.519655e+002   8.038295e+001
*          3.816593e+001                
GRID*               1975                  -2.267817e+002   8.094543e+001
*          3.816593e+001                
GRID*               1976                  -2.015999e+002   8.119768e+001
*          3.816593e+001                
GRID*               1977                  -1.764161e+002   8.119898e+001
*          3.816593e+001                
GRID*               1978                  -1.512302e+002   8.101717e+001
*          3.816593e+001                
GRID*               1979                  -1.260408e+002   8.072486e+001
*          3.816593e+001                
GRID*               1980                  -1.008455e+002   8.039842e+001
*          3.816593e+001                
GRID*               1981                  -7.564140e+001   8.011685e+001
*          3.816593e+001                
GRID*               1982                  -5.042590e+001   7.995914e+001
*          3.816593e+001                
GRID*               1983                  -2.520576e+001   7.994271e+001
*          3.816593e+001                
GRID*               1984                  -7.390701e+002  -2.872184e+001
*          3.816593e+001                
GRID*               1985                  -7.175734e+002  -1.547132e+001
*          3.816593e+001                
GRID*               1986                  -6.952939e+002  -3.521714e+000
*          3.816593e+001                
GRID*               1987                  -6.720082e+002   6.173662e+000
*          3.816593e+001                
GRID*               1988                  -6.479184e+002   1.369632e+001
*          3.816593e+001                
GRID*               1989                  -6.238929e+002   2.122065e+001
*          3.816593e+001                
GRID*               1990                  -5.757782e+002   6.262365e+001
*          9.702609e+000                
GRID*               1991                  -5.515103e+002   6.854348e+001
*          9.702585e+000                
GRID*               1992                  -5.270344e+002   7.423937e+001
*          9.702907e+000                
GRID*               1993                  -5.024158e+002   7.960203e+001
*          9.703053e+000                
GRID*               1994                  -4.776553e+002   8.453879e+001
*          9.703156e+000                
GRID*               1995                  -4.527945e+002   8.894069e+001
*          9.702442e+000                
GRID*               1996                  -4.278688e+002   9.279389e+001
*          9.701743e+000                
GRID*               1997                  -4.028867e+002   9.613747e+001
*          9.701221e+000                
GRID*               1998                  -3.778562e+002   9.900632e+001
*          9.700840e+000                
GRID*               1999                  -3.527831e+002   1.014314e+002
*          9.700564e+000                
GRID*               2000                  -3.276711e+002   1.034399e+002
*          9.700374e+000                
GRID*               2001                  -3.025224e+002   1.050562e+002
*          9.700247e+000                
GRID*               2002                  -2.773374e+002   1.063016e+002
*          9.700167e+000                
GRID*               2003                  -2.521154e+002   1.071949e+002
*          9.700122e+000                
GRID*               2004                  -2.268552e+002   1.077528e+002
*          9.700100e+000                
GRID*               2005                  -2.015776e+002   1.080033e+002
*          9.700090e+000                
GRID*               2006                  -1.763005e+002   1.080040e+002
*          9.700088e+000                
GRID*               2007                  -1.510388e+002   1.078219e+002
*          9.700085e+000                
GRID*               2008                  -1.258063e+002   1.075293e+002
*          9.700084e+000                
GRID*               2009                  -1.006155e+002   1.072030e+002
*          9.700080e+000                
GRID*               2010                  -7.547799e+001   1.069218e+002
*          9.700077e+000                
GRID*               2011                  -5.039294e+001   1.067645e+002
*          9.700076e+000                
GRID*               2012                  -2.525854e+001   1.067480e+002
*          9.700072e+000                
GRID*               2013                  -7.388604e+002   2.789110e+000
*          9.782365e+000                
GRID*               2014                  -7.172610e+002   1.507829e+001
*          9.796720e+000                
GRID*               2015                  -6.946575e+002   2.589475e+001
*          9.798257e+000                
GRID*               2016                  -6.715023e+002   3.444025e+001
*          9.726144e+000                
GRID*               2017                  -6.478033e+002   4.180566e+001
*          9.696195e+000                
GRID*               2018                  -6.239874e+002   4.929348e+001
*          9.707123e+000                
GRID*               2019                  -5.760508e+002   9.017467e+001
*         -2.407829e+001                
GRID*               2020                  -5.519777e+002   9.599185e+001
*         -2.407829e+001                
GRID*               2021                  -5.275468e+002   1.016033e+002
*         -2.407829e+001                
GRID*               2022                  -5.029071e+002   1.068844e+002
*         -2.407829e+001                
GRID*               2023                  -4.780736e+002   1.117376e+002
*         -2.407829e+001                
GRID*               2024                  -4.531414e+002   1.160525e+002
*         -2.407829e+001                
GRID*               2025                  -4.281745e+002   1.198309e+002
*         -2.407829e+001                
GRID*               2026                  -4.031718e+002   1.231124e+002
*         -2.407829e+001                
GRID*               2027                  -3.781339e+002   1.259308e+002
*         -2.407829e+001                
GRID*               2028                  -3.530596e+002   1.283162e+002
*         -2.407829e+001                
GRID*               2029                  -3.279460e+002   1.302948e+002
*         -2.407829e+001                
GRID*               2030                  -3.027881e+002   1.318896e+002
*         -2.407829e+001                
GRID*               2031                  -2.775797e+002   1.331207e+002
*         -2.407829e+001                
GRID*               2032                  -2.523125e+002   1.340057e+002
*         -2.407829e+001                
GRID*               2033                  -2.269789e+002   1.345596e+002
*         -2.407829e+001                
GRID*               2034                  -2.016156e+002   1.348088e+002
*         -2.407829e+001                
GRID*               2035                  -1.762546e+002   1.348094e+002
*         -2.407829e+001                
GRID*               2036                  -1.509238e+002   1.346274e+002
*         -2.407829e+001                
GRID*               2037                  -1.256504e+002   1.343349e+002
*         -2.407829e+001                
GRID*               2038                  -1.004601e+002   1.340085e+002
*         -2.407829e+001                
GRID*               2039                  -7.537669e+001   1.337273e+002
*         -2.407829e+001                
GRID*               2040                  -5.039937e+001   1.335700e+002
*         -2.407829e+001                
GRID*               2041                  -2.532384e+001   1.335533e+002
*         -2.407829e+001                
GRID*               2042                  -7.388754e+002   3.410777e+001
*         -2.407829e+001                
GRID*               2043                  -7.171865e+002   4.543787e+001
*         -2.407829e+001                
GRID*               2044                  -6.941524e+002   5.519325e+001
*         -2.407829e+001                
GRID*               2045                  -6.710075e+002   6.268977e+001
*         -2.407829e+001                
GRID*               2046                  -6.476521e+002   6.993241e+001
*         -2.407829e+001                
GRID*               2047                  -6.240508e+002   7.737323e+001
*         -2.407829e+001                
GRID*               2048                   5.759911e+002   8.647014e+001
*          9.322404e+001                
GRID*               2049                   5.519024e+002   9.229864e+001
*          9.322404e+001                
GRID*               2050                   5.274637e+002   9.792192e+001
*          9.322404e+001                
GRID*               2051                   5.028258e+002   1.032141e+002
*          9.322404e+001                
GRID*               2052                   4.780064e+002   1.080775e+002
*          9.322404e+001                
GRID*               2053                   4.530842e+002   1.124032e+002
*          9.322404e+001                
GRID*               2054                   4.281189e+002   1.161916e+002
*          9.322404e+001                
GRID*               2055                   4.031101e+002   1.194818e+002
*          9.322404e+001                
GRID*               2056                   3.780607e+002   1.223076e+002
*          9.322404e+001                
GRID*               2057                   3.529712e+002   1.246989e+002
*          9.322404e+001                
GRID*               2058                   3.278404e+002   1.266818e+002
*          9.322404e+001                
GRID*               2059                   3.026653e+002   1.282794e+002
*          9.322404e+001                
GRID*               2060                   2.774414e+002   1.295119e+002
*          9.322404e+001                
GRID*               2061                   2.521625e+002   1.303971e+002
*          9.322404e+001                
GRID*               2062                   2.268225e+002   1.309502e+002
*          9.322404e+001                
GRID*               2063                   2.014557e+002   1.311981e+002
*          9.322404e+001                
GRID*               2064                   1.760914e+002   1.311973e+002
*          9.322404e+001                
GRID*               2065                   1.507556e+002   1.310142e+002
*          9.322404e+001                
GRID*               2066                   1.254732e+002   1.307209e+002
*          9.322404e+001                
GRID*               2067                   1.002681e+002   1.303943e+002
*          9.322404e+001                
GRID*               2068                   7.516193e+001   1.301138e+002
*          9.322404e+001                
GRID*               2069                   5.015371e+001   1.299578e+002
*          9.322404e+001                
GRID*               2070                   2.505363e+001   1.299422e+002
*          9.322404e+001                
GRID*               2071                   7.827187e+002   2.286719e+000
*          9.322404e+001                
GRID*               2072                   8.051732e+002  -1.348826e+001
*          9.322404e+001                
GRID*               2073                   8.273293e+002  -2.980906e+001
*          9.322404e+001                
GRID*               2074                   8.494010e+002  -4.693435e+001
*          9.322404e+001                
GRID*               2075                   8.697469e+002  -6.524996e+001
*          9.322404e+001                
GRID*               2076                   8.849191e+002  -8.671847e+001
*          9.322404e+001                
GRID*               2077                   5.757269e+002   6.077677e+001
*          6.668749e+001                
GRID*               2078                   5.513675e+002   6.672225e+001
*          6.668765e+001                
GRID*               2079                   5.268275e+002   7.243645e+001
*          6.668742e+001                
GRID*               2080                   5.021963e+002   7.780485e+001
*          6.668732e+001                
GRID*               2081                   4.774862e+002   8.273479e+001
*          6.668721e+001                
GRID*               2082                   4.527298e+002   8.712215e+001
*          6.668773e+001                
GRID*               2083                   4.278828e+002   9.096809e+001
*          6.668829e+001                
GRID*               2084                   4.029442e+002   9.431104e+001
*          6.668875e+001                
GRID*               2085                   3.779297e+002   9.718295e+001
*          6.668910e+001                
GRID*               2086                   3.528521e+002   9.961259e+001
*          6.668937e+001                
GRID*               2087                   3.277222e+002   1.016259e+002
*          6.668956e+001                
GRID*               2088                   3.025490e+002   1.032461e+002
*          6.668970e+001                
GRID*               2089                   2.773400e+002   1.044941e+002
*          6.668978e+001                
GRID*               2090                   2.521012e+002   1.053889e+002
*          6.668983e+001                
GRID*               2091                   2.268384e+002   1.059472e+002
*          6.668986e+001                
GRID*               2092                   2.015670e+002   1.061977e+002
*          6.668987e+001                
GRID*               2093                   1.762958e+002   1.061983e+002
*          6.668988e+001                
GRID*               2094                   1.510367e+002   1.060161e+002
*          6.668988e+001                
GRID*               2095                   1.258005e+002   1.057234e+002
*          6.668988e+001                
GRID*               2096                   1.005971e+002   1.053969e+002
*          6.668988e+001                
GRID*               2097                   7.543481e+001   1.051156e+002
*          6.668989e+001                
GRID*               2098                   5.031076e+001   1.049585e+002
*          6.668989e+001                
GRID*               2099                   2.513654e+001   1.049424e+002
*          6.668990e+001                
GRID*               2100                   7.789141e+002  -2.557706e+001
*          6.666042e+001                
GRID*               2101                   7.976424e+002  -3.895501e+001
*          6.667778e+001                
GRID*               2102                   8.161419e+002  -5.269934e+001
*          6.668477e+001                
GRID*               2103                   8.340911e+002  -6.671192e+001
*          6.668863e+001                
GRID*               2104                   8.498913e+002  -8.075616e+001
*          6.667564e+001                
GRID*               2105                   8.611745e+002  -9.543225e+001
*          6.662331e+001                
GRID*               2106                   5.754860e+002   3.507628e+001
*          3.816593e+001                
GRID*               2107                   5.509395e+002   4.111882e+001
*          3.816593e+001                
GRID*               2108                   5.263582e+002   4.691138e+001
*          3.816593e+001                
GRID*               2109                   5.017469e+002   5.235569e+001
*          3.816593e+001                
GRID*               2110                   4.771026e+002   5.736405e+001
*          3.816593e+001                
GRID*               2111                   4.524125e+002   6.183345e+001
*          3.816593e+001                
GRID*               2112                   4.276057e+002   6.574969e+001
*          3.816593e+001                
GRID*               2113                   4.026907e+002   6.915076e+001
*          3.816593e+001                
GRID*               2114                   3.776892e+002   7.206965e+001
*          3.816593e+001                
GRID*               2115                   3.526202e+002   7.453620e+001
*          3.816593e+001                
GRID*               2116                   3.275005e+002   7.657744e+001
*          3.816593e+001                
GRID*               2117                   3.023449e+002   7.821782e+001
*          3.816593e+001                
GRID*               2118                   2.771670e+002   7.947950e+001
*          3.816593e+001                
GRID*               2119                   2.519792e+002   8.038255e+001
*          3.816593e+001                
GRID*               2120                   2.267929e+002   8.094525e+001
*          3.816593e+001                
GRID*               2121                   2.016090e+002   8.119763e+001
*          3.816593e+001                
GRID*               2122                   1.764232e+002   8.119901e+001
*          3.816593e+001                
GRID*               2123                   1.512357e+002   8.101723e+001
*          3.816593e+001                
GRID*               2124                   1.260450e+002   8.072491e+001
*          3.816593e+001                
GRID*               2125                   1.008485e+002   8.039846e+001
*          3.816593e+001                
GRID*               2126                   7.564347e+001   8.011687e+001
*          3.816593e+001                
GRID*               2127                   5.042716e+001   7.995914e+001
*          3.816593e+001                
GRID*               2128                   2.520634e+001   7.994271e+001
*          3.816593e+001                
GRID*               2129                   7.751271e+002  -5.346552e+001
*          3.816593e+001                
GRID*               2130                   7.901786e+002  -6.446962e+001
*          3.816593e+001                
GRID*               2131                   8.050717e+002  -7.567355e+001
*          3.816593e+001                
GRID*               2132                   8.188703e+002  -8.655561e+001
*          3.816593e+001                
GRID*               2133                   8.300701e+002  -9.630433e+001
*          3.816593e+001                
GRID*               2134                   8.374034e+002  -1.041920e+002
*          3.816593e+001                
GRID*               2135                   5.757781e+002   6.262326e+001
*          9.702610e+000                
GRID*               2136                   5.515133e+002   6.854236e+001
*          9.702580e+000                
GRID*               2137                   5.270369e+002   7.423842e+001
*          9.702901e+000                
GRID*               2138                   5.024160e+002   7.960159e+001
*          9.703052e+000                
GRID*               2139                   4.776522e+002   8.453898e+001
*          9.703156e+000                
GRID*               2140                   4.527858e+002   8.894171e+001
*          9.702448e+000                
GRID*               2141                   4.278538e+002   9.279562e+001
*          9.701754e+000                
GRID*               2142                   4.028647e+002   9.613976e+001
*          9.701235e+000                
GRID*               2143                   3.778265e+002   9.900902e+001
*          9.700854e+000                
GRID*               2144                   3.527453e+002   1.014343e+002
*          9.700580e+000                
GRID*               2145                   3.276248e+002   1.034428e+002
*          9.700388e+000                
GRID*               2146                   3.024674e+002   1.050589e+002
*          9.700258e+000                
GRID*               2147                   2.772737e+002   1.063038e+002
*          9.700177e+000                
GRID*               2148                   2.520430e+002   1.071966e+002
*          9.700129e+000                
GRID*               2149                   2.267742e+002   1.077537e+002
*          9.700101e+000                
GRID*               2150                   2.014882e+002   1.080033e+002
*          9.700090e+000                
GRID*               2151                   1.762030e+002   1.080032e+002
*          9.700088e+000                
GRID*               2152                   1.509334e+002   1.078204e+002
*          9.700085e+000                
GRID*               2153                   1.256933e+002   1.075275e+002
*          9.700082e+000                
GRID*               2154                   1.004951e+002   1.072010e+002
*          9.700081e+000                
GRID*               2155                   7.535035e+001   1.069202e+002
*          9.700079e+000                
GRID*               2156                   5.025839e+001   1.067636e+002
*          9.700078e+000                
GRID*               2157                   2.511727e+001   1.067478e+002
*          9.700073e+000                
GRID*               2158                   7.793020e+002  -2.365747e+001
*          9.731350e+000                
GRID*               2159                   7.984487e+002  -3.731232e+001
*          9.712533e+000                
GRID*               2160                   8.173698e+002  -5.136557e+001
*          9.705082e+000                
GRID*               2161                   8.356542e+002  -6.565780e+001
*          9.701144e+000                
GRID*               2162                   8.516998e+002  -8.003496e+001
*          9.718649e+000                
GRID*               2163                   8.630103e+002  -9.510381e+001
*          9.769490e+000                
GRID*               2164                   5.760506e+002   9.017388e+001
*         -2.407829e+001                
GRID*               2165                   5.519837e+002   9.598962e+001
*         -2.407829e+001                
GRID*               2166                   5.275517e+002   1.016014e+002
*         -2.407829e+001                
GRID*               2167                   5.029075e+002   1.068836e+002
*         -2.407829e+001                
GRID*               2168                   4.780673e+002   1.117380e+002
*         -2.407829e+001                
GRID*               2169                   4.531239e+002   1.160545e+002
*         -2.407829e+001                
GRID*               2170                   4.281445e+002   1.198344e+002
*         -2.407829e+001                
GRID*               2171                   4.031277e+002   1.231169e+002
*         -2.407829e+001                
GRID*               2172                   3.780745e+002   1.259362e+002
*         -2.407829e+001                
GRID*               2173                   3.529840e+002   1.283220e+002
*         -2.407829e+001                
GRID*               2174                   3.278534e+002   1.303005e+002
*         -2.407829e+001                
GRID*               2175                   3.026782e+002   1.318949e+002
*         -2.407829e+001                
GRID*               2176                   2.774523e+002   1.331252e+002
*         -2.407829e+001                
GRID*               2177                   2.521677e+002   1.340090e+002
*         -2.407829e+001                
GRID*               2178                   2.268169e+002   1.345613e+002
*         -2.407829e+001                
GRID*               2179                   2.014369e+002   1.348088e+002
*         -2.407829e+001                
GRID*               2180                   1.760596e+002   1.348078e+002
*         -2.407829e+001                
GRID*               2181                   1.507130e+002   1.346245e+002
*         -2.407829e+001                
GRID*               2182                   1.254243e+002   1.343312e+002
*         -2.407829e+001                
GRID*               2183                   1.002192e+002   1.340046e+002
*         -2.407829e+001                
GRID*               2184                   7.512141e+001   1.337242e+002
*         -2.407829e+001                
GRID*               2185                   5.013028e+001   1.335683e+002
*         -2.407829e+001                
GRID*               2186                   2.504130e+001   1.335528e+002
*         -2.407829e+001                
GRID*               2187                   7.834803e+002   6.136640e+000
*         -2.407829e+001                
GRID*               2188                   8.066802e+002  -1.012385e+001
*         -2.407829e+001                
GRID*               2189                   8.295769e+002  -2.698158e+001
*         -2.407829e+001                
GRID*               2190                   8.523707e+002  -4.469736e+001
*         -2.407829e+001                
GRID*               2191                   8.732931e+002  -6.374379e+001
*         -2.407829e+001                
GRID*               2192                   8.885615e+002  -8.601985e+001
*         -2.407829e+001                
GRID*               2193                   8.719484e+002  -8.799090e+001
*         -8.944471e+001                
GRID*               2194                   8.803104e+002  -8.698286e+001
*         -6.882341e+001                
GRID*               2195                   8.558206e+002  -6.855856e+001
*         -8.943031e+001                
GRID*               2196                   8.646018e+002  -6.610865e+001
*         -6.881705e+001                
GRID*               2197                   8.360433e+002  -5.178187e+001
*         -8.939661e+001                
GRID*               2198                   8.442169e+002  -4.822741e+001
*         -6.878261e+001                
GRID*               2199                   8.152538e+002  -3.592423e+001
*         -8.938759e+001                
GRID*               2200                   8.224169e+002  -3.145082e+001
*         -6.877309e+001                
GRID*               2201                   7.943544e+002  -2.065271e+001
*         -8.938660e+001                
GRID*               2202                   8.005181e+002  -1.538718e+001
*         -6.877211e+001                
GRID*               2203                   7.731312e+002  -5.862990e+000
*         -8.938586e+001                
GRID*               2204                   7.783060e+002   1.371658e-001
*         -6.877138e+001                
GRID*               2205                   7.514894e+002   8.265204e+000
*         -8.938553e+001                
GRID*               2206                   7.556757e+002   1.492958e+001
*         -6.877106e+001                
GRID*               2207                   7.303727e+002   2.082958e+001
*         -8.938569e+001                
GRID*               2208                   7.346149e+002   2.747363e+001
*         -6.877122e+001                
GRID*               2209                   7.085570e+002   3.210719e+001
*         -8.938686e+001                
GRID*               2210                   7.128735e+002   3.877314e+001
*         -6.877234e+001                
GRID*               2211                   6.855021e+002   4.157290e+001
*         -8.939027e+001                
GRID*               2212                   6.898716e+002   4.837271e+001
*         -6.877568e+001                
GRID*               2213                   6.622874e+002   4.889753e+001
*         -8.938499e+001                
GRID*               2214                   6.667291e+002   5.576756e+001
*         -6.877052e+001                
GRID*               2215                   6.388651e+002   5.620087e+001
*         -8.938505e+001                
GRID*               2216                   6.433273e+002   6.304382e+001
*         -6.877055e+001                
GRID*               2217                   6.150762e+002   6.363790e+001
*         -8.938915e+001                
GRID*               2218                   6.196000e+002   7.049858e+001
*         -6.877454e+001                
GRID*               2219                   5.910766e+002   7.019180e+001
*         -8.938729e+001                
GRID*               2220                   5.954700e+002   7.718880e+001
*         -6.877289e+001                
GRID*               2221                   5.674107e+002   7.608638e+001
*         -8.938616e+001                
GRID*               2222                   5.717308e+002   8.313087e+001
*         -6.877166e+001                
GRID*               2223                   5.434901e+002   8.181661e+001
*         -8.938655e+001                
GRID*               2224                   5.477372e+002   8.890439e+001
*         -6.877207e+001                
GRID*               2225                   5.193452e+002   8.729472e+001
*         -8.938676e+001                
GRID*               2226                   5.234487e+002   9.444962e+001
*         -6.877228e+001                
GRID*               2227                   4.950620e+002   9.241790e+001
*         -8.938697e+001                
GRID*               2228                   4.989851e+002   9.965254e+001
*         -6.877248e+001                
GRID*               2229                   4.706517e+002   9.708987e+001
*         -8.938718e+001                
GRID*               2230                   4.743599e+002   1.044160e+002
*         -6.877270e+001                
GRID*               2231                   4.461611e+002   1.012274e+002
*         -8.938698e+001                
GRID*               2232                   4.496428e+002   1.086428e+002
*         -6.877250e+001                
GRID*               2233                   4.216028e+002   1.048528e+002
*         -8.938680e+001                
GRID*               2234                   4.248739e+002   1.123452e+002
*         -6.877233e+001                
GRID*               2235                   3.969851e+002   1.080008e+002
*         -8.938666e+001                
GRID*               2236                   4.000566e+002   1.155603e+002
*         -6.877218e+001                
GRID*               2237                   3.723153e+002   1.107021e+002
*         -8.938654e+001                
GRID*               2238                   3.751950e+002   1.183204e+002
*         -6.877206e+001                
GRID*               2239                   3.475989e+002   1.129841e+002
*         -8.938642e+001                
GRID*               2240                   3.502915e+002   1.206542e+002
*         -6.877194e+001                
GRID*               2241                   3.228393e+002   1.148713e+002
*         -8.938631e+001                
GRID*               2242                   3.253464e+002   1.225869e+002
*         -6.877184e+001                
GRID*               2243                   2.980385e+002   1.163852e+002
*         -8.938622e+001                
GRID*               2244                   3.003584e+002   1.241410e+002
*         -6.877174e+001                
GRID*               2245                   2.731971e+002   1.175452e+002
*         -8.938613e+001                
GRID*               2246                   2.753247e+002   1.253360e+002
*         -6.877165e+001                
GRID*               2247                   2.483142e+002   1.183682e+002
*         -8.938604e+001                
GRID*               2248                   2.502410e+002   1.261892e+002
*         -6.877157e+001                
GRID*               2249                   2.233907e+002   1.188696e+002
*         -8.938593e+001                
GRID*               2250                   2.251038e+002   1.267160e+002
*         -6.877146e+001                
GRID*               2251                   1.984515e+002   1.190800e+002
*         -8.938580e+001                
GRID*               2252                   1.999442e+002   1.269447e+002
*         -6.877133e+001                
GRID*               2253                   1.735154e+002   1.190561e+002
*         -8.938569e+001                
GRID*               2254                   1.747875e+002   1.269321e+002
*         -6.877122e+001                
GRID*               2255                   1.486010e+002   1.188622e+002
*         -8.938560e+001                
GRID*               2256                   1.496570e+002   1.267434e+002
*         -6.877113e+001                
GRID*               2257                   1.237257e+002   1.185679e+002
*         -8.938554e+001                
GRID*               2258                   1.245750e+002   1.264496e+002
*         -6.877107e+001                
GRID*               2259                   9.890563e+001   1.182467e+002
*         -8.938551e+001                
GRID*               2260                   9.956239e+001   1.261256e+002
*         -6.877104e+001                
GRID*               2261                   7.415552e+001   1.179745e+002
*         -8.938551e+001                
GRID*               2262                   7.463847e+001   1.258493e+002
*         -6.877103e+001                
GRID*               2263                   4.947062e+001   1.178261e+002
*         -8.938552e+001                
GRID*               2264                   4.980045e+001   1.256972e+002
*         -6.877105e+001                
GRID*               2265                   2.471312e+001   1.178130e+002
*         -8.938553e+001                
GRID*               2266                   2.487721e+001   1.256829e+002
*         -6.877106e+001                
GRID*               2267                   7.388569e+002   3.411733e+001
*         -2.407829e+001                
GRID*               2268                   7.171885e+002   4.543618e+001
*         -2.407829e+001                
GRID*               2269                   6.942371e+002   5.516146e+001
*         -2.407829e+001                
GRID*               2270                   6.711712e+002   6.263891e+001
*         -2.407829e+001                
GRID*               2271                   6.477900e+002   6.988807e+001
*         -2.407829e+001                
GRID*               2272                   6.241212e+002   7.735091e+001
*         -2.407829e+001                
GRID*               2273                   7.389019e+002   2.765140e+000
*          9.781850e+000                
GRID*               2274                   7.173452e+002   1.503718e+001
*          9.795435e+000                
GRID*               2275                   6.947684e+002   2.585296e+001
*          9.796453e+000                
GRID*               2276                   6.716033e+002   3.440893e+001
*          9.726069e+000                
GRID*               2277                   6.478849e+002   4.177953e+001
*          9.696290e+000                
GRID*               2278                   6.240292e+002   4.928024e+001
*          9.706989e+000                
GRID*               2279                   7.389500e+002  -2.864414e+001
*          3.816593e+001                
GRID*               2280                   7.174548e+002  -1.540232e+001
*          3.816593e+001                
GRID*               2281                   6.952188e+002  -3.485337e+000
*          3.816593e+001                
GRID*               2282                   6.719744e+002   6.185357e+000
*          3.816593e+001                
GRID*               2283                   6.479189e+002   1.369617e+001
*          3.816593e+001                
GRID*               2284                   6.239039e+002   2.121718e+001
*          3.816593e+001                
GRID*               2285                   7.389133e+002   6.830199e-001
*          6.661448e+001                
GRID*               2286                   7.173267e+002   1.304545e+001
*          6.660219e+001                
GRID*               2287                   6.947561e+002   2.393925e+001
*          6.660102e+001                
GRID*               2288                   6.715498e+002   3.254112e+001
*          6.666377e+001                
GRID*               2289                   6.478146e+002   3.990859e+001
*          6.669323e+001                
GRID*               2290                   6.240074e+002   4.739843e+001
*          6.668420e+001                
GRID*               2291                   7.388574e+002   2.996783e+001
*          9.322404e+001                
GRID*               2292                   7.172168e+002   4.141537e+001
*          9.322404e+001                
GRID*               2293                   6.943455e+002   5.127004e+001
*          9.322404e+001                
GRID*               2294                   6.711906e+002   5.885803e+001
*          9.322404e+001                
GRID*               2295                   6.477855e+002   6.610417e+001
*          9.322404e+001                
GRID*               2296                   6.241510e+002   7.356455e+001
*          9.322404e+001                
GRID*               2297                   8.688340e+002  -9.202256e+001
*          1.267992e+002                
GRID*               2298                   8.526703e+002  -9.734933e+001
*          1.435187e+002                
GRID*               2299                   8.548364e+002  -7.398042e+001
*          1.267410e+002                
GRID*               2300                   8.398727e+002  -8.276186e+001
*          1.434084e+002                
GRID*               2301                   8.352256e+002  -5.694692e+001
*          1.266893e+002                
GRID*               2302                   8.210355e+002  -6.697779e+001
*          1.433551e+002                
GRID*               2303                   8.141345e+002  -4.075532e+001
*          1.266721e+002                
GRID*               2304                   8.009363e+002  -5.170578e+001
*          1.433389e+002                
GRID*               2305                   7.928816e+002  -2.518307e+001
*          1.266711e+002                
GRID*               2306                   7.805875e+002  -3.688135e+001
*          1.433378e+002                
GRID*               2307                   7.713250e+002  -1.012361e+001
*          1.266702e+002                
GRID*               2308                   7.599293e+002  -2.253679e+001
*          1.433370e+002                
GRID*               2309                   7.493676e+002   4.237066e+000
*          1.266699e+002                
GRID*               2310                   7.388716e+002  -8.857203e+000
*          1.433366e+002                
GRID*               2311                   7.284625e+002   1.668966e+001
*          1.266751e+002                
GRID*               2312                   7.180638e+002   3.404620e+000
*          1.433422e+002                
GRID*               2313                   7.068723e+002   2.785853e+001
*          1.266922e+002                
GRID*               2314                   6.965175e+002   1.428076e+001
*          1.433611e+002                
GRID*               2315                   6.841301e+002   3.719224e+001
*          1.267195e+002                
GRID*               2316                   6.738962e+002   2.306553e+001
*          1.433867e+002                
GRID*               2317                   6.610356e+002   4.454117e+001
*          1.266616e+002                
GRID*               2318                   6.508821e+002   3.022909e+001
*          1.433281e+002                
GRID*               2319                   6.378084e+002   5.177942e+001
*          1.266638e+002                
GRID*               2320                   6.278325e+002   3.745829e+001
*          1.433315e+002                
GRID*               2321                   6.144030e+002   5.907730e+001
*          1.266943e+002                
GRID*               2322                   6.046471e+002   4.456484e+001
*          1.433623e+002                
GRID*               2323                   5.904699e+002   6.565322e+001
*          1.266778e+002                
GRID*               2324                   5.810748e+002   5.084549e+001
*          1.433434e+002                
GRID*               2325                   5.667847e+002   7.156430e+001
*          1.266714e+002                
GRID*               2326                   5.575770e+002   5.665417e+001
*          1.433384e+002                
GRID*               2327                   5.429394e+002   7.727927e+001
*          1.266737e+002                
GRID*               2328                   5.339749e+002   6.225321e+001
*          1.433406e+002                
GRID*               2329                   5.188412e+002   8.275238e+001
*          1.266750e+002                
GRID*               2330                   5.102170e+002   6.757492e+001
*          1.433419e+002                
GRID*               2331                   4.945882e+002   8.787567e+001
*          1.266765e+002                
GRID*               2332                   4.863486e+002   7.252788e+001
*          1.433434e+002                
GRID*               2333                   4.701850e+002   9.255334e+001
*          1.266778e+002                
GRID*               2334                   4.623616e+002   7.701833e+001
*          1.433446e+002                
GRID*               2335                   4.456773e+002   9.670114e+001
*          1.266767e+002                
GRID*               2336                   4.382688e+002   8.098923e+001
*          1.433434e+002                
GRID*               2337                   4.211168e+002   1.003315e+002
*          1.266757e+002                
GRID*               2338                   4.141135e+002   8.446259e+001
*          1.433424e+002                
GRID*               2339                   3.965081e+002   1.034811e+002
*          1.266747e+002                
GRID*               2340                   3.899050e+002   8.747239e+001
*          1.433415e+002                
GRID*               2341                   3.718567e+002   1.061817e+002
*          1.266738e+002                
GRID*               2342                   3.656519e+002   9.004864e+001
*          1.433406e+002                
GRID*               2343                   3.471664e+002   1.084616e+002
*          1.266730e+002                
GRID*               2344                   3.413611e+002   9.221806e+001
*          1.433397e+002                
GRID*               2345                   3.224392e+002   1.103459e+002
*          1.266723e+002                
GRID*               2346                   3.170376e+002   9.400451e+001
*          1.433390e+002                
GRID*               2347                   2.976755e+002   1.118567e+002
*          1.266715e+002                
GRID*               2348                   2.926855e+002   9.542921e+001
*          1.433382e+002                
GRID*               2349                   2.728744e+002   1.130136e+002
*          1.266709e+002                
GRID*               2350                   2.683072e+002   9.651112e+001
*          1.433376e+002                
GRID*               2351                   2.480334e+002   1.138338e+002
*          1.266702e+002                
GRID*               2352                   2.439043e+002   9.726703e+001
*          1.433369e+002                
GRID*               2353                   2.231493e+002   1.143330e+002
*          1.266695e+002                
GRID*               2354                   2.194760e+002   9.771311e+001
*          1.433361e+002                
GRID*               2355                   1.982444e+002   1.145421e+002
*          1.266685e+002                
GRID*               2356                   1.950330e+002   9.788414e+001
*          1.433352e+002                
GRID*               2357                   1.733406e+002   1.145173e+002
*          1.266678e+002                
GRID*               2358                   1.705898e+002   9.783623e+001
*          1.433344e+002                
GRID*               2359                   1.484569e+002   1.143232e+002
*          1.266671e+002                
GRID*               2360                   1.461582e+002   9.763168e+001
*          1.433338e+002                
GRID*               2361                   1.236112e+002   1.140291e+002
*          1.266668e+002                
GRID*               2362                   1.217491e+002   9.733725e+001
*          1.433334e+002                
GRID*               2363                   9.881989e+001   1.137086e+002
*          1.266666e+002                
GRID*               2364                   9.737171e+001   9.702293e+001
*          1.433332e+002                
GRID*               2365                   7.409471e+001   1.134371e+002
*          1.266665e+002                
GRID*               2366                   7.302750e+001   9.676064e+001
*          1.433332e+002                
GRID*               2367                   4.942955e+001   1.132892e+002
*          1.266666e+002                
GRID*               2368                   4.870540e+001   9.662070e+001
*          1.433333e+002                
GRID*               2369                   2.469842e+001   1.132762e+002
*          1.266667e+002                
GRID*               2370                   2.434321e+001   9.661031e+001
*          1.433333e+002                
GRID*               2371                  -2.491891e+001   1.178133e+002
*         -8.938553e+001                
GRID*               2372                  -2.512137e+001   1.256833e+002
*         -6.877106e+001                
GRID*               2373                  -4.967300e+001   1.178273e+002
*         -8.938551e+001                
GRID*               2374                  -5.003618e+001   1.256986e+002
*         -6.877105e+001                
GRID*               2375                  -7.435420e+001   1.179769e+002
*         -8.938551e+001                
GRID*               2376                  -7.486545e+001   1.258521e+002
*         -6.877103e+001                
GRID*               2377                  -9.910024e+001   1.182497e+002
*         -8.938551e+001                
GRID*               2378                  -9.978015e+001   1.261291e+002
*         -6.877104e+001                
GRID*               2379                  -1.239158e+002   1.185709e+002
*         -8.938554e+001                
GRID*               2380                  -1.247831e+002   1.264529e+002
*         -6.877107e+001                
GRID*               2381                  -1.487863e+002   1.188646e+002
*         -8.938560e+001                
GRID*               2382                  -1.498551e+002   1.267461e+002
*         -6.877113e+001                
GRID*               2383                  -1.736953e+002   1.190575e+002
*         -8.938569e+001                
GRID*               2384                  -1.749750e+002   1.269337e+002
*         -6.877122e+001                
GRID*               2385                  -1.986255e+002   1.190800e+002
*         -8.938580e+001                
GRID*               2386                  -2.001206e+002   1.269447e+002
*         -6.877133e+001                
GRID*               2387                  -2.235584e+002   1.188678e+002
*         -8.938593e+001                
GRID*               2388                  -2.252686e+002   1.267142e+002
*         -6.877146e+001                
GRID*               2389                  -2.484749e+002   1.183645e+002
*         -8.938603e+001                
GRID*               2390                  -2.503937e+002   1.261857e+002
*         -6.877156e+001                
GRID*               2391                  -2.733505e+002   1.175396e+002
*         -8.938612e+001                
GRID*               2392                  -2.754651e+002   1.253309e+002
*         -6.877164e+001                
GRID*               2393                  -2.981845e+002   1.163779e+002
*         -8.938621e+001                
GRID*               2394                  -3.004864e+002   1.241346e+002
*         -6.877174e+001                
GRID*               2395                  -3.229781e+002   1.148623e+002
*         -8.938630e+001                
GRID*               2396                  -3.254621e+002   1.225796e+002
*         -6.877182e+001                
GRID*               2397                  -3.477308e+002   1.129736e+002
*         -8.938639e+001                
GRID*               2398                  -3.503953e+002   1.206460e+002
*         -6.877192e+001                
GRID*               2399                  -3.724410e+002   1.106900e+002
*         -8.938650e+001                
GRID*               2400                  -3.752876e+002   1.183117e+002
*         -6.877203e+001                
GRID*               2401                  -3.971055e+002   1.079871e+002
*         -8.938662e+001                
GRID*               2402                  -4.001388e+002   1.155511e+002
*         -6.877215e+001                
GRID*               2403                  -4.217191e+002   1.048374e+002
*         -8.938676e+001                
GRID*               2404                  -4.249470e+002   1.123357e+002
*         -6.877228e+001                
GRID*               2405                  -4.462746e+002   1.012101e+002
*         -8.938692e+001                
GRID*               2406                  -4.497083e+002   1.086331e+002
*         -6.877244e+001                
GRID*               2407                  -4.707641e+002   9.707021e+001
*         -8.938710e+001                
GRID*               2408                  -4.744192e+002   1.044059e+002
*         -6.877262e+001                
GRID*               2409                  -4.951760e+002   9.239548e+001
*         -8.938690e+001                
GRID*               2410                  -4.990419e+002   9.964169e+001
*         -6.877242e+001                
GRID*               2411                  -5.194628e+002   8.726950e+001
*         -8.938670e+001                
GRID*               2412                  -5.235052e+002   9.443786e+001
*         -6.877221e+001                
GRID*               2413                  -5.436140e+002   8.178825e+001
*         -8.938650e+001                
GRID*               2414                  -5.477961e+002   8.889126e+001
*         -6.877202e+001                
GRID*               2415                  -5.675452e+002   7.605410e+001
*         -8.938612e+001                
GRID*               2416                  -5.717982e+002   8.311508e+001
*         -6.877163e+001                
GRID*               2417                  -5.912225e+002   7.015510e+001
*         -8.938720e+001                
GRID*               2418                  -5.955428e+002   7.717072e+001
*         -6.877280e+001                
GRID*               2419                  -6.152100e+002   6.359882e+001
*         -8.938884e+001                
GRID*               2420                  -6.196382e+002   7.048780e+001
*         -6.877424e+001                
GRID*               2421                  -6.389521e+002   5.617389e+001
*         -8.938509e+001                
GRID*               2422                  -6.433146e+002   6.304856e+001
*         -6.877060e+001                
GRID*               2423                  -6.623763e+002   4.887082e+001
*         -8.938504e+001                
GRID*               2424                  -6.667109e+002   5.577383e+001
*         -6.877058e+001                
GRID*               2425                  -6.857224e+002   4.149619e+001
*         -8.938981e+001                
GRID*               2426                  -6.900082e+002   4.832437e+001
*         -6.877522e+001                
GRID*               2427                  -7.088516e+002   3.196944e+001
*         -8.938667e+001                
GRID*               2428                  -7.131031e+002   3.866500e+001
*         -6.877216e+001                
GRID*               2429                  -7.306075e+002   2.069854e+001
*         -8.938564e+001                
GRID*               2430                  -7.347922e+002   2.737469e+001
*         -6.877117e+001                
GRID*               2431                  -7.516064e+002   8.192583e+000
*         -8.938553e+001                
GRID*               2432                  -7.557342e+002   1.489371e+001
*         -6.877106e+001                
GRID*               2433                  -7.731239e+002  -5.857380e+000
*         -8.938583e+001                
GRID*               2434                  -7.782804e+002   1.553433e-001
*         -6.877135e+001                
GRID*               2435                  -7.937948e+002  -2.025210e+001
*         -8.938667e+001                
GRID*               2436                  -7.999976e+002  -1.501308e+001
*         -6.877218e+001                
GRID*               2437                  -8.145334e+002  -3.538717e+001
*         -8.938773e+001                
GRID*               2438                  -8.217675e+002  -3.096432e+001
*         -6.877322e+001                
GRID*               2439                  -8.358638e+002  -5.163956e+001
*         -8.939656e+001                
GRID*               2440                  -8.440435e+002  -4.808745e+001
*         -6.878255e+001                
GRID*               2441                  -8.559667e+002  -6.869560e+001
*         -8.943027e+001                
GRID*               2442                  -8.647327e+002  -6.623890e+001
*         -6.881699e+001                
GRID*               2443                  -8.720369e+002  -8.814854e+001
*         -8.944427e+001                
GRID*               2444                  -8.803940e+002  -8.715301e+001
*         -6.882297e+001                
GRID*               2445                  -7.834867e+002   6.133247e+000
*         -2.407829e+001                
GRID*               2446                  -8.063322e+002  -9.872367e+000
*         -2.407829e+001                
GRID*               2447                  -8.289995e+002  -2.654704e+001
*         -2.407829e+001                
GRID*               2448                  -8.521169e+002  -4.448912e+001
*         -2.407829e+001                
GRID*               2449                  -8.733853e+002  -6.384165e+001
*         -2.407829e+001                
GRID*               2450                  -8.886355e+002  -8.618891e+001
*         -2.407829e+001                
GRID*               2451                  -7.793303e+002  -2.367632e+001
*          9.731203e+000                
GRID*               2452                  -7.983414e+002  -3.723447e+001
*          9.712852e+000                
GRID*               2453                  -8.170820e+002  -5.114872e+001
*          9.705529e+000                
GRID*               2454                  -8.354842e+002  -6.551842e+001
*          9.701223e+000                
GRID*               2455                  -8.517342e+002  -8.007116e+001
*          9.719112e+000                
GRID*               2456                  -8.630449e+002  -9.518176e+001
*          9.770948e+000                
GRID*               2457                  -7.749459e+002  -5.333517e+001
*          3.816593e+001                
GRID*               2458                  -7.898323e+002  -6.421274e+001
*          3.816593e+001                
GRID*               2459                  -8.048791e+002  -7.552615e+001
*          3.816593e+001                
GRID*               2460                  -8.188925e+002  -8.657383e+001
*          3.816593e+001                
GRID*               2461                  -8.300837e+002  -9.631712e+001
*          3.816593e+001                
GRID*               2462                  -8.374069e+002  -1.041967e+002
*          3.816593e+001                
GRID*               2463                  -7.786876e+002  -2.541570e+001
*          6.666106e+001                
GRID*               2464                  -7.970245e+002  -3.850226e+001
*          6.667796e+001                
GRID*               2465                  -8.156487e+002  -5.232592e+001
*          6.668473e+001                
GRID*               2466                  -8.340381e+002  -6.666848e+001
*          6.668855e+001                
GRID*               2467                  -8.499634e+002  -8.082961e+001
*          6.667513e+001                
GRID*               2468                  -8.612179e+002  -9.552335e+001
*          6.662192e+001                
GRID*               2469                  -7.826868e+002   2.309379e+000
*          9.322404e+001                
GRID*               2470                  -8.047733e+002  -1.319911e+001
*          9.322404e+001                
GRID*               2471                  -8.267322e+002  -2.935984e+001
*          9.322404e+001                
GRID*               2472                  -8.491567e+002  -4.673474e+001
*          9.322404e+001                
GRID*               2473                  -8.698346e+002  -6.534100e+001
*          9.322404e+001                
GRID*               2474                  -8.849909e+002  -8.687653e+001
*          9.322404e+001                
GRID*               2475                  -2.488000e+001   1.132765e+002
*          1.266667e+002                
GRID*               2476                  -2.444294e+001   9.661043e+001
*          1.433333e+002                
GRID*               2477                  -4.961618e+001   1.132903e+002
*          1.266666e+002                
GRID*               2478                  -4.882784e+001   9.662131e+001
*          1.433333e+002                
GRID*               2479                  -7.428910e+001   1.134394e+002
*          1.266665e+002                
GRID*               2480                  -7.317842e+001   9.676223e+001
*          1.433332e+002                
GRID*               2481                  -9.902029e+001   1.137116e+002
*          1.266666e+002                
GRID*               2482                  -9.754818e+001   9.702537e+001
*          1.433332e+002                
GRID*               2483                  -1.238118e+002   1.140322e+002
*          1.266668e+002                
GRID*               2484                  -1.219399e+002   9.733997e+001
*          1.433334e+002                
GRID*               2485                  -1.486503e+002   1.143257e+002
*          1.266672e+002                
GRID*               2486                  -1.463491e+002   9.763397e+001
*          1.433338e+002                
GRID*               2487                  -1.735215e+002   1.145187e+002
*          1.266678e+002                
GRID*               2488                  -1.707705e+002   9.783749e+001
*          1.433344e+002                
GRID*               2489                  -1.984096e+002   1.145420e+002
*          1.266685e+002                
GRID*               2490                  -1.951978e+002   9.788404e+001
*          1.433352e+002                
GRID*               2491                  -2.232980e+002   1.143315e+002
*          1.266695e+002                
GRID*               2492                  -2.196237e+002   9.771154e+001
*          1.433361e+002                
GRID*               2493                  -2.481686e+002   1.138307e+002
*          1.266702e+002                
GRID*               2494                  -2.440412e+002   9.726392e+001
*          1.433369e+002                
GRID*               2495                  -2.730034e+002   1.130090e+002
*          1.266708e+002                
GRID*               2496                  -2.684482e+002   9.650609e+001
*          1.433375e+002                
GRID*               2497                  -2.978028e+002   1.118504e+002
*          1.266715e+002                
GRID*               2498                  -2.928398e+002   9.542161e+001
*          1.433382e+002                
GRID*               2499                  -3.225662e+002   1.103378e+002
*          1.266722e+002                
GRID*               2500                  -3.172079e+002   9.399365e+001
*          1.433389e+002                
GRID*               2501                  -3.472916e+002   1.084518e+002
*          1.266729e+002                
GRID*               2502                  -3.415436e+002   9.220364e+001
*          1.433396e+002                
GRID*               2503                  -3.719753e+002   1.061704e+002
*          1.266736e+002                
GRID*               2504                  -3.658367e+002   9.003106e+001
*          1.433404e+002                
GRID*               2505                  -3.966123e+002   1.034694e+002
*          1.266745e+002                
GRID*               2506                  -3.900755e+002   8.745325e+001
*          1.433412e+002                
GRID*               2507                  -4.211957e+002   1.003213e+002
*          1.266755e+002                
GRID*               2508                  -4.142466e+002   8.444524e+001
*          1.433422e+002                
GRID*               2509                  -4.457168e+002   9.669550e+001
*          1.266766e+002                
GRID*               2510                  -4.383344e+002   8.097948e+001
*          1.433433e+002                
GRID*               2511                  -4.701673e+002   9.255694e+001
*          1.266779e+002                
GRID*               2512                  -4.623228e+002   7.702528e+001
*          1.433447e+002                
GRID*               2513                  -4.945122e+002   8.789123e+001
*          1.266768e+002                
GRID*               2514                  -4.861993e+002   7.255739e+001
*          1.433438e+002                
GRID*               2515                  -5.187429e+002   8.277419e+001
*          1.266753e+002                
GRID*               2516                  -5.100267e+002   6.761600e+001
*          1.433422e+002                
GRID*               2517                  -5.428508e+002   7.730027e+001
*          1.266740e+002                
GRID*               2518                  -5.338047e+002   6.229256e+001
*          1.433408e+002                
GRID*               2519                  -5.667356e+002   7.157671e+001
*          1.266715e+002                
GRID*               2520                  -5.574797e+002   5.667794e+001
*          1.433385e+002                
GRID*               2521                  -5.904748e+002   6.565249e+001
*          1.266778e+002                
GRID*               2522                  -5.810845e+002   5.084330e+001
*          1.433434e+002                
GRID*               2523                  -6.143664e+002   5.908918e+001
*          1.266939e+002                
GRID*               2524                  -6.046553e+002   4.456322e+001
*          1.433618e+002                
GRID*               2525                  -6.375678e+002   5.185606e+001
*          1.266639e+002                
GRID*               2526                  -6.275126e+002   3.756002e+001
*          1.433316e+002                
GRID*               2527                  -6.607999e+002   4.461417e+001
*          1.266614e+002                
GRID*               2528                  -6.505965e+002   3.031774e+001
*          1.433280e+002                
GRID*               2529                  -6.841359e+002   3.719540e+001
*          1.267150e+002                
GRID*               2530                  -6.741212e+002   2.299645e+001
*          1.433824e+002                
GRID*               2531                  -7.069244e+002   2.783808e+001
*          1.266889e+002                
GRID*               2532                  -6.967795e+002   1.416598e+001
*          1.433575e+002                
GRID*               2533                  -7.285375e+002   1.664939e+001
*          1.266740e+002                
GRID*               2534                  -7.182854e+002   3.283579e+000
*          1.433410e+002                
GRID*               2535                  -7.494977e+002   4.156577e+000
*          1.266694e+002                
GRID*               2536                  -7.391321e+002  -9.018605e+000
*          1.433361e+002                
GRID*               2537                  -7.714778e+002  -1.022615e+001
*          1.266698e+002                
GRID*               2538                  -7.602087e+002  -2.272438e+001
*          1.433366e+002                
GRID*               2539                  -7.928144e+002  -2.513354e+001
*          1.266704e+002                
GRID*               2540                  -7.807106e+002  -3.696804e+001
*          1.433372e+002                
GRID*               2541                  -8.137753e+002  -4.048555e+001
*          1.266713e+002                
GRID*               2542                  -8.008118e+002  -5.161198e+001
*          1.433381e+002                
GRID*               2543                  -8.349810e+002  -5.674985e+001
*          1.266880e+002                
GRID*               2544                  -8.208853e+002  -6.685852e+001
*          1.433539e+002                
GRID*               2545                  -8.548670e+002  -7.401167e+001
*          1.267424e+002                
GRID*               2546                  -8.398743e+002  -8.276476e+001
*          1.434097e+002                
GRID*               2547                  -8.688876e+002  -9.212964e+001
*          1.267997e+002                
GRID*               2548                  -8.527126e+002  -9.742022e+001
*          1.435198e+002                
GRID*               2549                  -6.237847e+002  -5.008247e+001
*         -4.815659e+001                
GRID*               2550                  -6.240812e+002  -2.492415e+001
*         -4.815659e+001                
GRID*               2551                  -7.346373e+002   5.585189e+000
*         -4.815659e+001                
GRID*               2552                  -7.405293e+002  -2.453696e+001
*         -4.815659e+001                
GRID*               2553                  -7.107269e+002   2.192719e+001
*         -4.815659e+001                
GRID*               2554                  -6.664241e+002   4.075282e+001
*         -4.815659e+001                
GRID*               2555                  -6.447117e+002   4.744481e+001
*         -4.815659e+001                
GRID*               2556                  -6.224675e+002   5.278842e+001
*         -4.815659e+001                
GRID*               2557                  -6.885180e+002   3.220825e+001
*         -4.815659e+001                
GRID*               2558                  -7.221381e+002  -2.460320e+001
*         -4.815659e+001                
GRID*               2559                  -6.768931e+002  -1.151667e+001
*         -4.815659e+001                
GRID*               2560                  -7.003635e+002  -1.952571e+001
*         -4.815659e+001                
GRID*               2561                  -6.222694e+002   2.691846e+001
*         -4.815659e+001                
GRID*               2562                  -6.239442e+002   1.447245e+000
*         -4.815659e+001                
GRID*               2563                  -6.824434e+002   1.051761e+001
*         -4.815659e+001                
GRID*               2564                  -7.035193e+002   2.437688e+000
*         -4.815659e+001                
GRID*               2565                  -7.205178e+002  -4.864733e+000
*         -4.815659e+001                
GRID*               2566                  -6.612053e+002   1.948151e+001
*         -4.815659e+001                
GRID*               2567                  -7.444356e+002  -5.122620e+001
*         -4.815659e+001                
GRID*               2568                  -6.501244e+002  -5.476555e-001
*         -4.815659e+001                
GRID*               2569                  -6.429713e+002   2.418794e+001
*         -4.815659e+001                
GRID*               2570                  -6.238578e+002  -7.504333e+001
*         -4.815659e+001                
GRID*               2571                   6.678532e+002   4.070232e+001
*         -4.815659e+001                
GRID*               2572                   7.355969e+002  -1.623318e+001
*         -4.815659e+001                
GRID*               2573                   7.124930e+002   1.571040e+001
*         -4.815659e+001                
GRID*               2574                   7.361425e+002   7.784507e+000
*         -4.815659e+001                
GRID*               2575                   6.457866e+002   4.657983e+001
*         -4.815659e+001                
GRID*               2576                   6.238983e+002  -2.376603e+001
*         -4.815659e+001                
GRID*               2577                   6.242483e+002  -4.907966e+001
*         -4.815659e+001                
GRID*               2578                   6.229290e+002   5.229214e+001
*         -4.815659e+001                
GRID*               2579                   6.889508e+002   3.209201e+001
*         -4.815659e+001                
GRID*               2580                   6.731588e+002  -4.172023e+000
*         -4.815659e+001                
GRID*               2581                   6.981932e+002  -1.327086e+001
*         -4.815659e+001                
GRID*               2582                   7.179391e+002  -1.504821e+001
*         -4.815659e+001                
GRID*               2583                   6.226581e+002   2.658420e+001
*         -4.815659e+001                
GRID*               2584                   6.231943e+002   1.343251e+000
*         -4.815659e+001                
GRID*               2585                   6.821651e+002   1.425829e+001
*         -4.815659e+001                
GRID*               2586                   6.980903e+002   5.904051e+000
*         -4.815659e+001                
GRID*               2587                   6.657081e+002   1.904502e+001
*         -4.815659e+001                
GRID*               2588                   7.429269e+002  -5.290402e+001
*         -4.815659e+001                
GRID*               2589                   6.479158e+002  -2.224899e+000
*         -4.815659e+001                
GRID*               2590                   6.455004e+002   2.180452e+001
*         -4.815659e+001                
GRID*               2591                   6.244729e+002  -7.452710e+001
*         -4.815659e+001                
GRID*               2592                   7.390710e+002  -3.743982e+001
*         -4.815659e+001                
GRID*               2593                  -6.243094e+002  -4.971643e+001
*          1.100000e+002                
GRID*               2594                  -6.258211e+002  -2.047137e+001
*          1.100000e+002                
GRID*               2595                  -7.315724e+002  -1.293473e+001
*          1.100000e+002                
GRID*               2596                  -7.323341e+002   1.335810e+001
*          1.100000e+002                
GRID*               2597                  -6.652800e+002   3.725471e+001
*          1.100000e+002                
GRID*               2598                  -6.424977e+002   4.348624e+001
*          1.100000e+002                
GRID*               2599                  -7.098599e+002   2.293400e+001
*          1.100000e+002                
GRID*               2600                  -6.208149e+002   5.029373e+001
*          1.100000e+002                
GRID*               2601                  -6.881665e+002   3.067904e+001
*          1.100000e+002                
GRID*               2602                  -7.063921e+002  -2.490960e+001
*          1.100000e+002                
GRID*               2603                  -6.583488e+002  -7.783274e+000
*          1.100000e+002                
GRID*               2604                  -6.838083e+002  -1.227493e+001
*          1.100000e+002                
GRID*               2605                  -6.176019e+002   5.737388e+000
*          1.100000e+002                
GRID*               2606                  -6.172166e+002   2.679588e+001
*          1.100000e+002                
GRID*               2607                  -6.833870e+002   1.037943e+001
*          1.100000e+002                
GRID*               2608                  -7.035897e+002   2.809259e+000
*          1.100000e+002                
GRID*               2609                  -7.306531e+002  -2.967547e+001
*          1.100000e+002                
GRID*               2610                  -6.608704e+002   1.465526e+001
*          1.100000e+002                
GRID*               2611                  -6.407681e+002  -3.688839e+000
*          1.100000e+002                
GRID*               2612                  -6.362851e+002   1.776763e+001
*          1.100000e+002                
GRID*               2613                  -7.238915e+002   1.771476e+000
*          1.100000e+002                
GRID*               2614                  -6.240993e+002  -7.517676e+001
*          1.100000e+002                
GRID*               2615                  -7.127867e+002  -1.254939e+001
*          1.100000e+002                
GRID*               2616                  -5.998620e+002   5.335595e+001
*          8.865210e+001                
GRID*               2617                  -5.998620e+002   1.128133e+001
*          2.080963e+001                
GRID*               2618                  -5.998620e+002   1.624251e+000
*          3.611536e+001                
GRID*               2619                  -5.998620e+002  -2.308191e+001
*          8.530302e+001                
GRID*               2620                  -5.998620e+002   2.943423e+000
*          8.518615e+001                
GRID*               2621                  -5.998620e+002  -4.871445e+001
*          8.482567e+001                
GRID*               2622                  -5.998620e+002   2.797816e+001
*          8.559438e+001                
GRID*               2623                  -5.998620e+002   6.195429e+000
*         -2.274691e+001                
GRID*               2624                  -5.998620e+002  -4.701306e+001
*         -2.201137e+001                
GRID*               2625                  -5.998620e+002  -2.174325e+001
*         -2.438952e+001                
GRID*               2626                  -5.998620e+002   2.992853e+001
*         -3.066515e+001                
GRID*               2627                  -5.998620e+002  -7.250132e+001
*          5.623159e+000                
GRID*               2628                  -5.998620e+002  -7.398769e+001
*          5.809971e+001                
GRID*               2629                  -5.998620e+002  -7.301688e+001
*          3.171313e+001                
GRID*               2630                  -5.998620e+002  -2.365167e+001
*          4.002917e+001                
GRID*               2631                  -5.998620e+002   4.438986e+000
*          7.143175e+000                
GRID*               2632                  -5.998620e+002  -7.434516e+001
*          8.415836e+001                
GRID*               2633                  -5.998620e+002   2.495770e+000
*          5.961174e+001                
GRID*               2634                  -5.998620e+002  -2.352363e+001
*          6.108384e+001                
GRID*               2635                  -5.998620e+002  -7.311773e+001
*         -2.144230e+001                
GRID*               2636                  -5.998620e+002  -4.355527e+001
*          6.183298e+000                
GRID*               2637                  -5.998620e+002   2.274512e+001
*         -3.045027e+000                
GRID*               2638                  -5.998620e+002  -2.043517e+001
*         -2.774417e+000                
GRID*               2639                  -5.998620e+002  -4.533985e+001
*          3.286195e+001                
GRID*               2640                  -5.998620e+002  -4.823584e+001
*          5.943958e+001                
GRID*               2641                  -5.998620e+002  -1.149410e+001
*          1.587067e+001                
GRID*               2642                  -5.998620e+002  -2.878499e+001
*          2.306406e+001                
GRID*               2643                  -5.998620e+002   5.013581e+001
*         -1.838064e+001                
GRID*               2644                  -5.998620e+002  -3.105516e+000
*         -5.895197e+000                
GRID*               2645                  -7.598620e+002  -6.368939e+001
*          3.947104e+001                
GRID*               2646                  -7.598620e+002  -6.081711e+001
*          5.872229e+001                
GRID*               2647                  -7.598620e+002  -7.769353e+001
*          8.392628e+001                
GRID*               2648                  -7.598620e+002  -5.243696e+001
*          8.051235e+001                
GRID*               2649                  -7.598620e+002  -2.645990e+001
*          8.794542e+001                
GRID*               2650                  -7.598620e+002  -1.311186e+001
*         -1.849946e+001                
GRID*               2651                  -7.598620e+002  -5.016565e+001
*         -2.681428e+001                
GRID*               2652                  -7.598620e+002  -7.485754e+001
*         -2.388874e+001                
GRID*               2653                  -7.598620e+002  -7.229641e+001
*         -4.935178e-001                
GRID*               2654                  -7.598620e+002  -6.900060e+001
*          2.097870e+001                
GRID*               2655                  -7.598620e+002  -8.047406e+001
*          6.086309e+001                
GRID*               2656                  -7.598620e+002  -8.087157e+001
*          4.412064e+001                
GRID*               2657                  -7.598620e+002  -2.934541e+001
*         -3.157683e+001                
GRID*               2658                  -7.598620e+002  -6.454890e+000
*          9.088102e+001                
GRID*               2659                  -7.598620e+002  -4.508849e+001
*         -5.594164e+000                
GRID*               2660                   7.324714e+002   4.016413e-001
*          1.100000e+002                
GRID*               2661                   6.693068e+002   3.745088e+001
*          1.100000e+002                
GRID*               2662                   7.117011e+002   2.057290e+001
*          1.100000e+002                
GRID*               2663                   6.464720e+002   4.312468e+001
*          1.100000e+002                
GRID*               2664                   6.237584e+002  -2.477617e+001
*          1.100000e+002                
GRID*               2665                   6.242854e+002  -4.968092e+001
*          1.100000e+002                
GRID*               2666                   6.230964e+002   4.899422e+001
*          1.100000e+002                
GRID*               2667                   6.912092e+002   3.087596e+001
*          1.100000e+002                
GRID*               2668                   6.722319e+002  -8.832870e+000
*          1.100000e+002                
GRID*               2669                   6.950136e+002  -1.193043e+001
*          1.100000e+002                
GRID*               2670                   7.145208e+002  -1.068897e+001
*          1.100000e+002                
GRID*               2671                   6.231470e+002  -6.501811e-001
*          1.100000e+002                
GRID*               2672                   6.228750e+002   2.402751e+001
*          1.100000e+002                
GRID*               2673                   6.900573e+002   1.045768e+001
*          1.100000e+002                
GRID*               2674                   6.696309e+002   1.415334e+001
*          1.100000e+002                
GRID*               2675                   6.481578e+002  -4.565001e+000
*          1.100000e+002                
GRID*               2676                   6.467114e+002   1.889830e+001
*          1.100000e+002                
GRID*               2677                   7.430239e+002  -5.277111e+001
*          1.100000e+002                
GRID*               2678                   7.051774e+002   8.166026e+000
*          1.100000e+002                
GRID*               2679                   6.245613e+002  -7.482927e+001
*          1.100000e+002                
GRID*               2680                   7.396908e+002  -3.374254e+001
*          1.100000e+002                
GRID*               2681                   5.998620e+002   5.334116e+001
*          8.862292e+001                
GRID*               2682                   5.998620e+002   1.125507e+001
*          2.072749e+001                
GRID*               2683                   5.998620e+002   1.580482e+000
*          3.603769e+001                
GRID*               2684                   5.998620e+002   2.796531e+001
*          8.555917e+001                
GRID*               2685                   5.998620e+002  -2.310127e+001
*          8.526098e+001                
GRID*               2686                   5.998620e+002  -4.872559e+001
*          8.480406e+001                
GRID*               2687                   5.998620e+002   2.911792e+000
*          8.513686e+001                
GRID*               2688                   5.998620e+002  -4.708501e+001
*         -2.209142e+001                
GRID*               2689                   5.998620e+002  -2.190403e+001
*         -2.448017e+001                
GRID*               2690                   5.998620e+002   6.179768e+000
*         -2.297651e+001                
GRID*               2691                   5.998620e+002   2.991569e+001
*         -3.077514e+001                
GRID*               2692                   5.998620e+002  -7.251831e+001
*          5.582408e+000                
GRID*               2693                   5.998620e+002  -7.399783e+001
*          5.808316e+001                
GRID*               2694                   5.998620e+002  -7.303124e+001
*          3.167922e+001                
GRID*               2695                   5.998620e+002  -2.368208e+001
*          3.994301e+001                
GRID*               2696                   5.998620e+002   4.385559e+000
*          6.959825e+000                
GRID*               2697                   5.998620e+002  -7.434802e+001
*          8.415047e+001                
GRID*               2698                   5.998620e+002   2.459471e+000
*          5.957021e+001                
GRID*               2699                   5.998620e+002  -2.355145e+001
*          6.103153e+001                
GRID*               2700                   5.998620e+002  -7.314274e+001
*         -2.147885e+001                
GRID*               2701                   5.998620e+002   2.272242e+001
*         -3.166881e+000                
GRID*               2702                   5.998620e+002  -4.363189e+001
*          6.081676e+000                
GRID*               2703                   5.998620e+002  -2.053755e+001
*         -2.967004e+000                
GRID*               2704                   5.998620e+002  -4.538628e+001
*          3.278590e+001                
GRID*               2705                   5.998620e+002  -4.826051e+001
*          5.940031e+001                
GRID*               2706                   5.998620e+002  -1.155595e+001
*          1.572083e+001                
GRID*               2707                   5.998620e+002  -2.883769e+001
*          2.295054e+001                
GRID*               2708                   5.998620e+002   5.012323e+001
*         -1.842351e+001                
GRID*               2709                   5.998620e+002  -3.155005e+000
*         -6.096046e+000                
GRID*               2710                   7.598620e+002  -6.368953e+001
*          3.947022e+001                
GRID*               2711                   7.598620e+002  -6.081824e+001
*          5.872025e+001                
GRID*               2712                   7.598620e+002  -2.644949e+001
*          8.795210e+001                
GRID*               2713                   7.598620e+002  -7.769456e+001
*          8.392442e+001                
GRID*               2714                   7.598620e+002  -5.243624e+001
*          8.051299e+001                
GRID*               2715                   7.598620e+002  -1.311236e+001
*         -1.849952e+001                
GRID*               2716                   7.598620e+002  -5.016594e+001
*         -2.681430e+001                
GRID*               2717                   7.598620e+002  -7.485765e+001
*         -2.388874e+001                
GRID*               2718                   7.598620e+002  -7.229646e+001
*         -4.935053e-001                
GRID*               2719                   7.598620e+002  -6.900050e+001
*          2.097853e+001                
GRID*               2720                   7.598620e+002  -8.047476e+001
*          6.086197e+001                
GRID*               2721                   7.598620e+002  -8.087214e+001
*          4.411997e+001                
GRID*               2722                   7.598620e+002  -2.934589e+001
*         -3.157685e+001                
GRID*               2723                   7.598620e+002  -6.453717e+000
*          9.088496e+001                
GRID*               2724                   7.598620e+002  -4.508868e+001
*         -5.594204e+000                
GRID*               2725               6  -4.000000e+001   2.300000e+002
*          4.600000e+002                
GRID*               2726               6  -7.000000e+001   2.000000e+002
*          4.600000e+002                
GRID*               2727               6  -7.000000e+001   2.000000e+002
*          4.000000e+002                
GRID*               2728               6  -4.000000e+001   2.300000e+002
*          4.000000e+002                
GRID*               2729               6  -7.000000e+001   4.000000e+001
*          4.600000e+002                
GRID*               2730               6  -7.000000e+001   4.000000e+001
*          4.000000e+002                
GRID*               2731               6  -4.500000e+001   1.500000e+001
*          4.600000e+002                
GRID*               2732               6  -4.500000e+001   1.500000e+001
*          4.000000e+002                
GRID*               2733               6   6.500000e+001   2.150000e+002
*          4.600000e+002                
GRID*               2734               6   9.000000e+001   2.000000e+002
*          4.600000e+002                
GRID*               2735               6   9.000000e+001   2.000000e+002
*          4.000000e+002                
GRID*               2736               6   6.500000e+001   2.150000e+002
*          4.000000e+002                
GRID*               2737               6   9.000000e+001   4.000000e+001
*          4.600000e+002                
GRID*               2738               6   9.000000e+001   4.000000e+001
*          4.000000e+002                
GRID*               2739               6   6.500000e+001   2.750000e+001
*          4.600000e+002                
GRID*               2740               6   6.500000e+001   2.750000e+001
*          4.000000e+002                
GRID*               2741               6   1.000000e+002   2.200000e+002
*          2.300000e+002                
GRID*               2742               6   1.000000e+002   2.000000e+001
*          2.300000e+002                
GRID*               2743               6   1.000000e+002   2.000000e+001
*          2.100000e+002                
GRID*               2744               6   1.000000e+002   2.200000e+002
*          2.100000e+002                
GRID*               2745               6   1.000000e+002   2.200000e+002
*          1.500000e+002                
GRID*               2746               6   1.000000e+002   2.000000e+001
*          1.500000e+002                
GRID*               2747               6   1.000000e+002   2.000000e+001
*          1.300000e+002                
GRID*               2748               6   1.000000e+002   2.200000e+002
*          1.300000e+002                
GRID*               2749               6   1.200000e+002   2.000000e+002
*          2.300000e+002                
GRID*               2750               6   1.200000e+002   4.000000e+001
*          2.300000e+002                
GRID*               2751               6   1.200000e+002   2.000000e+002
*          1.500000e+002                
GRID*               2752               6   1.200000e+002   4.000000e+001
*          1.500000e+002                
GRID*               2753               6   1.200000e+002   2.000000e+002
*          2.100000e+002                
GRID*               2754               6   1.200000e+002   4.000000e+001
*          2.100000e+002                
GRID*               2755               6   1.200000e+002   2.000000e+002
*          1.300000e+002                
GRID*               2756               6   1.200000e+002   4.000000e+001
*          1.300000e+002                
GRID*               2757               6   1.000000e+002   2.200000e+002
*          7.000000e+001                
GRID*               2758               6   1.000000e+002   2.000000e+001
*          7.000000e+001                
GRID*               2759               6   1.000000e+002   2.000000e+001
*          5.000000e+001                
GRID*               2760               6   1.000000e+002   2.200000e+002
*          5.000000e+001                
GRID*               2761               6   1.200000e+002   2.000000e+002
*          7.000000e+001                
GRID*               2762               6   1.200000e+002   4.000000e+001
*          7.000000e+001                
GRID*               2763               6   1.200000e+002   4.000000e+001
*          5.000000e+001                
GRID*               2764               6   1.200000e+002   2.000000e+002
*          5.000000e+001                
GRID*               2765               6   8.000000e+001   0.000000e+000
*          7.000000e+001                
GRID*               2766               6   8.000000e+001   0.000000e+000
*          5.000000e+001                
GRID*               2767               6   8.000000e+001   0.000000e+000
*          1.500000e+002                
GRID*               2768               6   8.000000e+001   0.000000e+000
*          1.300000e+002                
GRID*               2769               6   8.000000e+001   0.000000e+000
*          2.300000e+002                
GRID*               2770               6   8.000000e+001   0.000000e+000
*          2.100000e+002                
GRID*               2771               6  -6.000000e+001   2.000000e+001
*          1.500000e+002                
GRID*               2772               6  -6.000000e+001   2.200000e+002
*          1.500000e+002                
GRID*               2773               6  -6.000000e+001   2.200000e+002
*          1.300000e+002                
GRID*               2774               6  -6.000000e+001   2.000000e+001
*          1.300000e+002                
GRID*               2775               6  -6.000000e+001   2.000000e+001
*          7.000000e+001                
GRID*               2776               6  -6.000000e+001   2.200000e+002
*          7.000000e+001                
GRID*               2777               6  -6.000000e+001   2.200000e+002
*          5.000000e+001                
GRID*               2778               6  -6.000000e+001   2.000000e+001
*          5.000000e+001                
GRID*               2779               6  -8.000000e+001   4.000000e+001
*          7.000000e+001                
GRID*               2780               6  -8.000000e+001   2.000000e+002
*          7.000000e+001                
GRID*               2781               6  -8.000000e+001   4.000000e+001
*          1.500000e+002                
GRID*               2782               6  -8.000000e+001   2.000000e+002
*          1.500000e+002                
GRID*               2783               6  -8.000000e+001   4.000000e+001
*          1.300000e+002                
GRID*               2784               6  -8.000000e+001   2.000000e+002
*          1.300000e+002                
GRID*               2785               6  -6.000000e+001   2.000000e+001
*          2.300000e+002                
GRID*               2786               6  -6.000000e+001   2.200000e+002
*          2.300000e+002                
GRID*               2787               6  -6.000000e+001   2.200000e+002
*          2.100000e+002                
GRID*               2788               6  -6.000000e+001   2.000000e+001
*          2.100000e+002                
GRID*               2789               6  -8.000000e+001   4.000000e+001
*          2.300000e+002                
GRID*               2790               6  -8.000000e+001   2.000000e+002
*          2.300000e+002                
GRID*               2791               6  -8.000000e+001   4.000000e+001
*          2.100000e+002                
GRID*               2792               6  -8.000000e+001   2.000000e+002
*          2.100000e+002                
GRID*               2793               6  -8.000000e+001   2.000000e+002
*          5.000000e+001                
GRID*               2794               6  -8.000000e+001   4.000000e+001
*          5.000000e+001                
GRID*               2795               6  -4.000000e+001   2.400000e+002
*          7.000000e+001                
GRID*               2796               6  -4.000000e+001   2.400000e+002
*          5.000000e+001                
GRID*               2797               6  -4.000000e+001   2.400000e+002
*          1.500000e+002                
GRID*               2798               6  -4.000000e+001   2.400000e+002
*          1.300000e+002                
GRID*               2799               6  -4.000000e+001   2.400000e+002
*          2.300000e+002                
GRID*               2800               6  -4.000000e+001   2.400000e+002
*          2.100000e+002                
GRID*               2801               6  -4.000000e+001   0.000000e+000
*          5.000000e+001                
GRID*               2802               6  -8.000000e+001   4.000000e+001
*          0.000000e+000                
GRID*               2803               6  -4.000000e+001   0.000000e+000
*          0.000000e+000                
GRID*               2804               6  -4.000000e+001   0.000000e+000
*          7.000000e+001                
GRID*               2805               6  -4.000000e+001   0.000000e+000
*          1.300000e+002                
GRID*               2806               6  -4.000000e+001   0.000000e+000
*          1.500000e+002                
GRID*               2807               6  -4.000000e+001   0.000000e+000
*          2.300000e+002                
GRID*               2808               6  -4.000000e+001   0.000000e+000
*          3.000000e+002                
GRID*               2809               6  -8.000000e+001   4.000000e+001
*          3.000000e+002                
GRID*               2810               6  -4.000000e+001   0.000000e+000
*          2.100000e+002                
GRID*               2811               6   8.000000e+001   0.000000e+000
*          0.000000e+000                
GRID*               2812               6   8.000000e+001   0.000000e+000
*          3.000000e+002                
GRID*               2813               6  -8.000000e+001   2.000000e+002
*          0.000000e+000                
GRID*               2814               6  -8.000000e+001   2.000000e+002
*          3.000000e+002                
GRID*               2815               6   1.200000e+002   4.000000e+001
*          0.000000e+000                
GRID*               2816               6   1.200000e+002   4.000000e+001
*          3.000000e+002                
GRID*               2817               6  -4.000000e+001   2.400000e+002
*          0.000000e+000                
GRID*               2818               6  -4.000000e+001   2.400000e+002
*          3.000000e+002                
GRID*               2819               6   1.200000e+002   2.000000e+002
*          0.000000e+000                
GRID*               2820               6   1.200000e+002   2.000000e+002
*          3.000000e+002                
GRID*               2821               6   8.000000e+001   2.400000e+002
*          5.000000e+001                
GRID*               2822               6   8.000000e+001   2.400000e+002
*          0.000000e+000                
GRID*               2823               6   8.000000e+001   2.400000e+002
*          7.000000e+001                
GRID*               2824               6   8.000000e+001   2.400000e+002
*          1.300000e+002                
GRID*               2825               6   8.000000e+001   2.400000e+002
*          1.500000e+002                
GRID*               2826               6   8.000000e+001   2.400000e+002
*          2.300000e+002                
GRID*               2827               6   8.000000e+001   2.400000e+002
*          3.000000e+002                
GRID*               2828               6   8.000000e+001   2.400000e+002
*          2.100000e+002                
GRID*               2829               6   4.000000e+001   2.300000e+002
*          4.000000e+002                
GRID*               2830               6   4.000000e+001   1.500000e+001
*          4.000000e+002                
GRID*               2831               6  -1.000000e+002   2.082843e+002
*          0.000000e+000                
GRID*               2832               6  -4.828427e+001   2.600000e+002
*          0.000000e+000                
GRID*               2833               6   8.828427e+001   2.600000e+002
*          0.000000e+000                
GRID*               2834               6   1.400000e+002   2.082843e+002
*          0.000000e+000                
GRID*               2835               6   1.400000e+002   3.171573e+001
*          0.000000e+000                
GRID*               2836               6   8.828427e+001  -2.000000e+001
*          0.000000e+000                
GRID*               2837               6  -4.828427e+001  -2.000000e+001
*          0.000000e+000                
GRID*               2838               6  -1.000000e+002   3.171573e+001
*          0.000000e+000                
GRID*               2839               6  -5.500000e+001   2.150000e+002
*          4.600000e+002                
GRID*               2840               6  -7.000000e+001   2.000000e+002
*          4.400000e+002                
GRID*               2841               6  -7.000000e+001   2.000000e+002
*          4.200000e+002                
GRID*               2842               6  -5.500000e+001   2.150000e+002
*          4.000000e+002                
GRID*               2843               6  -4.000000e+001   2.300000e+002
*          4.200000e+002                
GRID*               2844               6  -4.000000e+001   2.300000e+002
*          4.400000e+002                
GRID*               2845               6  -7.000000e+001   1.822222e+002
*          4.600000e+002                
GRID*               2846               6  -7.000000e+001   1.644444e+002
*          4.600000e+002                
GRID*               2847               6  -7.000000e+001   1.466667e+002
*          4.600000e+002                
GRID*               2848               6  -7.000000e+001   1.288889e+002
*          4.600000e+002                
GRID*               2849               6  -7.000000e+001   1.111111e+002
*          4.600000e+002                
GRID*               2850               6  -7.000000e+001   9.333334e+001
*          4.600000e+002                
GRID*               2851               6  -7.000000e+001   7.555556e+001
*          4.600000e+002                
GRID*               2852               6  -7.000000e+001   5.777778e+001
*          4.600000e+002                
GRID*               2853               6  -7.000000e+001   4.000000e+001
*          4.400000e+002                
GRID*               2854               6  -7.000000e+001   4.000000e+001
*          4.200000e+002                
GRID*               2855               6  -7.000000e+001   5.777778e+001
*          4.000000e+002                
GRID*               2856               6  -7.000000e+001   7.555556e+001
*          4.000000e+002                
GRID*               2857               6  -7.000000e+001   9.333334e+001
*          4.000000e+002                
GRID*               2858               6  -7.000000e+001   1.111111e+002
*          4.000000e+002                
GRID*               2859               6  -7.000000e+001   1.288889e+002
*          4.000000e+002                
GRID*               2860               6  -7.000000e+001   1.466667e+002
*          4.000000e+002                
GRID*               2861               6  -7.000000e+001   1.644444e+002
*          4.000000e+002                
GRID*               2862               6  -7.000000e+001   1.822222e+002
*          4.000000e+002                
GRID*               2863               6  -5.750000e+001   2.750000e+001
*          4.600000e+002                
GRID*               2864               6  -4.500000e+001   1.500000e+001
*          4.400000e+002                
GRID*               2865               6  -4.500000e+001   1.500000e+001
*          4.200000e+002                
GRID*               2866               6  -5.750000e+001   2.750000e+001
*          4.000000e+002                
GRID*               2867               6   9.000000e+001   2.000000e+002
*          4.400000e+002                
GRID*               2868               6   9.000000e+001   2.000000e+002
*          4.200000e+002                
GRID*               2869               6   6.500000e+001   2.150000e+002
*          4.200000e+002                
GRID*               2870               6   6.500000e+001   2.150000e+002
*          4.400000e+002                
GRID*               2871               6   9.000000e+001   1.822222e+002
*          4.600000e+002                
GRID*               2872               6   9.000000e+001   1.644444e+002
*          4.600000e+002                
GRID*               2873               6   9.000000e+001   1.466667e+002
*          4.600000e+002                
GRID*               2874               6   9.000000e+001   1.288889e+002
*          4.600000e+002                
GRID*               2875               6   9.000000e+001   1.111111e+002
*          4.600000e+002                
GRID*               2876               6   9.000000e+001   9.333334e+001
*          4.600000e+002                
GRID*               2877               6   9.000000e+001   7.555556e+001
*          4.600000e+002                
GRID*               2878               6   9.000000e+001   5.777778e+001
*          4.600000e+002                
GRID*               2879               6   9.000000e+001   4.000000e+001
*          4.400000e+002                
GRID*               2880               6   9.000000e+001   4.000000e+001
*          4.200000e+002                
GRID*               2881               6   9.000000e+001   5.777778e+001
*          4.000000e+002                
GRID*               2882               6   9.000000e+001   7.555556e+001
*          4.000000e+002                
GRID*               2883               6   9.000000e+001   9.333334e+001
*          4.000000e+002                
GRID*               2884               6   9.000000e+001   1.111111e+002
*          4.000000e+002                
GRID*               2885               6   9.000000e+001   1.288889e+002
*          4.000000e+002                
GRID*               2886               6   9.000000e+001   1.466667e+002
*          4.000000e+002                
GRID*               2887               6   9.000000e+001   1.644444e+002
*          4.000000e+002                
GRID*               2888               6   9.000000e+001   1.822222e+002
*          4.000000e+002                
GRID*               2889               6   6.500000e+001   2.750000e+001
*          4.400000e+002                
GRID*               2890               6   6.500000e+001   2.750000e+001
*          4.200000e+002                
GRID*               2891               6   1.000000e+002   1.977778e+002
*          2.300000e+002                
GRID*               2892               6   1.000000e+002   1.755556e+002
*          2.300000e+002                
GRID*               2893               6   1.000000e+002   1.533333e+002
*          2.300000e+002                
GRID*               2894               6   1.000000e+002   1.311111e+002
*          2.300000e+002                
GRID*               2895               6   1.000000e+002   1.088889e+002
*          2.300000e+002                
GRID*               2896               6   1.000000e+002   8.666666e+001
*          2.300000e+002                
GRID*               2897               6   1.000000e+002   6.444444e+001
*          2.300000e+002                
GRID*               2898               6   1.000000e+002   4.222222e+001
*          2.300000e+002                
GRID*               2899               6   1.000000e+002   4.222222e+001
*          2.100000e+002                
GRID*               2900               6   1.000000e+002   6.444444e+001
*          2.100000e+002                
GRID*               2901               6   1.000000e+002   8.666666e+001
*          2.100000e+002                
GRID*               2902               6   1.000000e+002   1.088889e+002
*          2.100000e+002                
GRID*               2903               6   1.000000e+002   1.311111e+002
*          2.100000e+002                
GRID*               2904               6   1.000000e+002   1.533333e+002
*          2.100000e+002                
GRID*               2905               6   1.000000e+002   1.755556e+002
*          2.100000e+002                
GRID*               2906               6   1.000000e+002   1.977778e+002
*          2.100000e+002                
GRID*               2907               6   1.000000e+002   1.977778e+002
*          1.500000e+002                
GRID*               2908               6   1.000000e+002   1.755556e+002
*          1.500000e+002                
GRID*               2909               6   1.000000e+002   1.533333e+002
*          1.500000e+002                
GRID*               2910               6   1.000000e+002   1.311111e+002
*          1.500000e+002                
GRID*               2911               6   1.000000e+002   1.088889e+002
*          1.500000e+002                
GRID*               2912               6   1.000000e+002   8.666666e+001
*          1.500000e+002                
GRID*               2913               6   1.000000e+002   6.444444e+001
*          1.500000e+002                
GRID*               2914               6   1.000000e+002   4.222222e+001
*          1.500000e+002                
GRID*               2915               6   1.000000e+002   4.222222e+001
*          1.300000e+002                
GRID*               2916               6   1.000000e+002   6.444444e+001
*          1.300000e+002                
GRID*               2917               6   1.000000e+002   8.666666e+001
*          1.300000e+002                
GRID*               2918               6   1.000000e+002   1.088889e+002
*          1.300000e+002                
GRID*               2919               6   1.000000e+002   1.311111e+002
*          1.300000e+002                
GRID*               2920               6   1.000000e+002   1.533333e+002
*          1.300000e+002                
GRID*               2921               6   1.000000e+002   1.755556e+002
*          1.300000e+002                
GRID*               2922               6   1.000000e+002   1.977778e+002
*          1.300000e+002                
GRID*               2923               6   1.200000e+002   1.822222e+002
*          2.300000e+002                
GRID*               2924               6   1.200000e+002   1.644444e+002
*          2.300000e+002                
GRID*               2925               6   1.200000e+002   1.466667e+002
*          2.300000e+002                
GRID*               2926               6   1.200000e+002   1.288889e+002
*          2.300000e+002                
GRID*               2927               6   1.200000e+002   1.111111e+002
*          2.300000e+002                
GRID*               2928               6   1.200000e+002   9.333334e+001
*          2.300000e+002                
GRID*               2929               6   1.200000e+002   7.555556e+001
*          2.300000e+002                
GRID*               2930               6   1.200000e+002   5.777778e+001
*          2.300000e+002                
GRID*               2931               6   1.200000e+002   1.822222e+002
*          1.500000e+002                
GRID*               2932               6   1.200000e+002   1.644444e+002
*          1.500000e+002                
GRID*               2933               6   1.200000e+002   1.466667e+002
*          1.500000e+002                
GRID*               2934               6   1.200000e+002   1.288889e+002
*          1.500000e+002                
GRID*               2935               6   1.200000e+002   1.111111e+002
*          1.500000e+002                
GRID*               2936               6   1.200000e+002   9.333334e+001
*          1.500000e+002                
GRID*               2937               6   1.200000e+002   7.555556e+001
*          1.500000e+002                
GRID*               2938               6   1.200000e+002   5.777778e+001
*          1.500000e+002                
GRID*               2939               6   1.200000e+002   1.822222e+002
*          2.100000e+002                
GRID*               2940               6   1.200000e+002   1.644444e+002
*          2.100000e+002                
GRID*               2941               6   1.200000e+002   1.466667e+002
*          2.100000e+002                
GRID*               2942               6   1.200000e+002   1.288889e+002
*          2.100000e+002                
GRID*               2943               6   1.200000e+002   1.111111e+002
*          2.100000e+002                
GRID*               2944               6   1.200000e+002   9.333334e+001
*          2.100000e+002                
GRID*               2945               6   1.200000e+002   7.555556e+001
*          2.100000e+002                
GRID*               2946               6   1.200000e+002   5.777778e+001
*          2.100000e+002                
GRID*               2947               6   1.200000e+002   1.822222e+002
*          1.300000e+002                
GRID*               2948               6   1.200000e+002   1.644444e+002
*          1.300000e+002                
GRID*               2949               6   1.200000e+002   1.466667e+002
*          1.300000e+002                
GRID*               2950               6   1.200000e+002   1.288889e+002
*          1.300000e+002                
GRID*               2951               6   1.200000e+002   1.111111e+002
*          1.300000e+002                
GRID*               2952               6   1.200000e+002   9.333334e+001
*          1.300000e+002                
GRID*               2953               6   1.200000e+002   7.555556e+001
*          1.300000e+002                
GRID*               2954               6   1.200000e+002   5.777778e+001
*          1.300000e+002                
GRID*               2955               6   1.000000e+002   1.977778e+002
*          7.000000e+001                
GRID*               2956               6   1.000000e+002   1.755556e+002
*          7.000000e+001                
GRID*               2957               6   1.000000e+002   1.533333e+002
*          7.000000e+001                
GRID*               2958               6   1.000000e+002   1.311111e+002
*          7.000000e+001                
GRID*               2959               6   1.000000e+002   1.088889e+002
*          7.000000e+001                
GRID*               2960               6   1.000000e+002   8.666666e+001
*          7.000000e+001                
GRID*               2961               6   1.000000e+002   6.444444e+001
*          7.000000e+001                
GRID*               2962               6   1.000000e+002   4.222222e+001
*          7.000000e+001                
GRID*               2963               6   1.000000e+002   4.222222e+001
*          5.000000e+001                
GRID*               2964               6   1.000000e+002   6.444444e+001
*          5.000000e+001                
GRID*               2965               6   1.000000e+002   8.666666e+001
*          5.000000e+001                
GRID*               2966               6   1.000000e+002   1.088889e+002
*          5.000000e+001                
GRID*               2967               6   1.000000e+002   1.311111e+002
*          5.000000e+001                
GRID*               2968               6   1.000000e+002   1.533333e+002
*          5.000000e+001                
GRID*               2969               6   1.000000e+002   1.755556e+002
*          5.000000e+001                
GRID*               2970               6   1.000000e+002   1.977778e+002
*          5.000000e+001                
GRID*               2971               6   1.200000e+002   1.822222e+002
*          7.000000e+001                
GRID*               2972               6   1.200000e+002   1.644444e+002
*          7.000000e+001                
GRID*               2973               6   1.200000e+002   1.466667e+002
*          7.000000e+001                
GRID*               2974               6   1.200000e+002   1.288889e+002
*          7.000000e+001                
GRID*               2975               6   1.200000e+002   1.111111e+002
*          7.000000e+001                
GRID*               2976               6   1.200000e+002   9.333334e+001
*          7.000000e+001                
GRID*               2977               6   1.200000e+002   7.555556e+001
*          7.000000e+001                
GRID*               2978               6   1.200000e+002   5.777778e+001
*          7.000000e+001                
GRID*               2979               6   1.100000e+002   3.000000e+001
*          5.000000e+001                
GRID*               2980               6   1.200000e+002   5.777778e+001
*          5.000000e+001                
GRID*               2981               6   1.200000e+002   7.555556e+001
*          5.000000e+001                
GRID*               2982               6   1.200000e+002   9.333334e+001
*          5.000000e+001                
GRID*               2983               6   1.200000e+002   1.111111e+002
*          5.000000e+001                
GRID*               2984               6   1.200000e+002   1.288889e+002
*          5.000000e+001                
GRID*               2985               6   1.200000e+002   1.466667e+002
*          5.000000e+001                
GRID*               2986               6   1.200000e+002   1.644444e+002
*          5.000000e+001                
GRID*               2987               6   1.200000e+002   1.822222e+002
*          5.000000e+001                
GRID*               2988               6   1.100000e+002   2.100000e+002
*          5.000000e+001                
GRID*               2989               6  -6.000000e+001   4.222222e+001
*          1.500000e+002                
GRID*               2990               6  -6.000000e+001   6.444444e+001
*          1.500000e+002                
GRID*               2991               6  -6.000000e+001   8.666666e+001
*          1.500000e+002                
GRID*               2992               6  -6.000000e+001   1.088889e+002
*          1.500000e+002                
GRID*               2993               6  -6.000000e+001   1.311111e+002
*          1.500000e+002                
GRID*               2994               6  -6.000000e+001   1.533333e+002
*          1.500000e+002                
GRID*               2995               6  -6.000000e+001   1.755556e+002
*          1.500000e+002                
GRID*               2996               6  -6.000000e+001   1.977778e+002
*          1.500000e+002                
GRID*               2997               6  -6.000000e+001   1.977778e+002
*          1.300000e+002                
GRID*               2998               6  -6.000000e+001   1.755556e+002
*          1.300000e+002                
GRID*               2999               6  -6.000000e+001   1.533333e+002
*          1.300000e+002                
GRID*               3000               6  -6.000000e+001   1.311111e+002
*          1.300000e+002                
GRID*               3001               6  -6.000000e+001   1.088889e+002
*          1.300000e+002                
GRID*               3002               6  -6.000000e+001   8.666666e+001
*          1.300000e+002                
GRID*               3003               6  -6.000000e+001   6.444444e+001
*          1.300000e+002                
GRID*               3004               6  -6.000000e+001   4.222222e+001
*          1.300000e+002                
GRID*               3005               6  -6.000000e+001   4.222222e+001
*          7.000000e+001                
GRID*               3006               6  -6.000000e+001   6.444444e+001
*          7.000000e+001                
GRID*               3007               6  -6.000000e+001   8.666666e+001
*          7.000000e+001                
GRID*               3008               6  -6.000000e+001   1.088889e+002
*          7.000000e+001                
GRID*               3009               6  -6.000000e+001   1.311111e+002
*          7.000000e+001                
GRID*               3010               6  -6.000000e+001   1.533333e+002
*          7.000000e+001                
GRID*               3011               6  -6.000000e+001   1.755556e+002
*          7.000000e+001                
GRID*               3012               6  -6.000000e+001   1.977778e+002
*          7.000000e+001                
GRID*               3013               6  -6.000000e+001   1.977778e+002
*          5.000000e+001                
GRID*               3014               6  -6.000000e+001   1.755556e+002
*          5.000000e+001                
GRID*               3015               6  -6.000000e+001   1.533333e+002
*          5.000000e+001                
GRID*               3016               6  -6.000000e+001   1.311111e+002
*          5.000000e+001                
GRID*               3017               6  -6.000000e+001   1.088889e+002
*          5.000000e+001                
GRID*               3018               6  -6.000000e+001   8.666666e+001
*          5.000000e+001                
GRID*               3019               6  -6.000000e+001   6.444444e+001
*          5.000000e+001                
GRID*               3020               6  -6.000000e+001   4.222222e+001
*          5.000000e+001                
GRID*               3021               6  -8.000000e+001   5.777778e+001
*          7.000000e+001                
GRID*               3022               6  -8.000000e+001   7.555556e+001
*          7.000000e+001                
GRID*               3023               6  -8.000000e+001   9.333334e+001
*          7.000000e+001                
GRID*               3024               6  -8.000000e+001   1.111111e+002
*          7.000000e+001                
GRID*               3025               6  -8.000000e+001   1.288889e+002
*          7.000000e+001                
GRID*               3026               6  -8.000000e+001   1.466667e+002
*          7.000000e+001                
GRID*               3027               6  -8.000000e+001   1.644444e+002
*          7.000000e+001                
GRID*               3028               6  -8.000000e+001   1.822222e+002
*          7.000000e+001                
GRID*               3029               6  -8.000000e+001   5.777778e+001
*          1.500000e+002                
GRID*               3030               6  -8.000000e+001   7.555556e+001
*          1.500000e+002                
GRID*               3031               6  -8.000000e+001   9.333334e+001
*          1.500000e+002                
GRID*               3032               6  -8.000000e+001   1.111111e+002
*          1.500000e+002                
GRID*               3033               6  -8.000000e+001   1.288889e+002
*          1.500000e+002                
GRID*               3034               6  -8.000000e+001   1.466667e+002
*          1.500000e+002                
GRID*               3035               6  -8.000000e+001   1.644444e+002
*          1.500000e+002                
GRID*               3036               6  -8.000000e+001   1.822222e+002
*          1.500000e+002                
GRID*               3037               6  -8.000000e+001   5.777778e+001
*          1.300000e+002                
GRID*               3038               6  -8.000000e+001   7.555556e+001
*          1.300000e+002                
GRID*               3039               6  -8.000000e+001   9.333334e+001
*          1.300000e+002                
GRID*               3040               6  -8.000000e+001   1.111111e+002
*          1.300000e+002                
GRID*               3041               6  -8.000000e+001   1.288889e+002
*          1.300000e+002                
GRID*               3042               6  -8.000000e+001   1.466667e+002
*          1.300000e+002                
GRID*               3043               6  -8.000000e+001   1.644444e+002
*          1.300000e+002                
GRID*               3044               6  -8.000000e+001   1.822222e+002
*          1.300000e+002                
GRID*               3045               6  -6.000000e+001   4.222222e+001
*          2.300000e+002                
GRID*               3046               6  -6.000000e+001   6.444444e+001
*          2.300000e+002                
GRID*               3047               6  -6.000000e+001   8.666666e+001
*          2.300000e+002                
GRID*               3048               6  -6.000000e+001   1.088889e+002
*          2.300000e+002                
GRID*               3049               6  -6.000000e+001   1.311111e+002
*          2.300000e+002                
GRID*               3050               6  -6.000000e+001   1.533333e+002
*          2.300000e+002                
GRID*               3051               6  -6.000000e+001   1.755556e+002
*          2.300000e+002                
GRID*               3052               6  -6.000000e+001   1.977778e+002
*          2.300000e+002                
GRID*               3053               6  -6.000000e+001   1.977778e+002
*          2.100000e+002                
GRID*               3054               6  -6.000000e+001   1.755556e+002
*          2.100000e+002                
GRID*               3055               6  -6.000000e+001   1.533333e+002
*          2.100000e+002                
GRID*               3056               6  -6.000000e+001   1.311111e+002
*          2.100000e+002                
GRID*               3057               6  -6.000000e+001   1.088889e+002
*          2.100000e+002                
GRID*               3058               6  -6.000000e+001   8.666666e+001
*          2.100000e+002                
GRID*               3059               6  -6.000000e+001   6.444444e+001
*          2.100000e+002                
GRID*               3060               6  -6.000000e+001   4.222222e+001
*          2.100000e+002                
GRID*               3061               6  -8.000000e+001   5.777778e+001
*          2.300000e+002                
GRID*               3062               6  -8.000000e+001   7.555556e+001
*          2.300000e+002                
GRID*               3063               6  -8.000000e+001   9.333334e+001
*          2.300000e+002                
GRID*               3064               6  -8.000000e+001   1.111111e+002
*          2.300000e+002                
GRID*               3065               6  -8.000000e+001   1.288889e+002
*          2.300000e+002                
GRID*               3066               6  -8.000000e+001   1.466667e+002
*          2.300000e+002                
GRID*               3067               6  -8.000000e+001   1.644444e+002
*          2.300000e+002                
GRID*               3068               6  -8.000000e+001   1.822222e+002
*          2.300000e+002                
GRID*               3069               6  -8.000000e+001   5.777778e+001
*          2.100000e+002                
GRID*               3070               6  -8.000000e+001   7.555556e+001
*          2.100000e+002                
GRID*               3071               6  -8.000000e+001   9.333334e+001
*          2.100000e+002                
GRID*               3072               6  -8.000000e+001   1.111111e+002
*          2.100000e+002                
GRID*               3073               6  -8.000000e+001   1.288889e+002
*          2.100000e+002                
GRID*               3074               6  -8.000000e+001   1.466667e+002
*          2.100000e+002                
GRID*               3075               6  -8.000000e+001   1.644444e+002
*          2.100000e+002                
GRID*               3076               6  -8.000000e+001   1.822222e+002
*          2.100000e+002                
GRID*               3077               6  -7.000000e+001   2.100000e+002
*          5.000000e+001                
GRID*               3078               6  -8.000000e+001   1.822222e+002
*          5.000000e+001                
GRID*               3079               6  -8.000000e+001   1.644444e+002
*          5.000000e+001                
GRID*               3080               6  -8.000000e+001   1.466667e+002
*          5.000000e+001                
GRID*               3081               6  -8.000000e+001   1.288889e+002
*          5.000000e+001                
GRID*               3082               6  -8.000000e+001   1.111111e+002
*          5.000000e+001                
GRID*               3083               6  -8.000000e+001   9.333334e+001
*          5.000000e+001                
GRID*               3084               6  -8.000000e+001   7.555556e+001
*          5.000000e+001                
GRID*               3085               6  -8.000000e+001   5.777778e+001
*          5.000000e+001                
GRID*               3086               6  -7.000000e+001   3.000000e+001
*          5.000000e+001                
GRID*               3087               6  -8.000000e+001   4.000000e+001
*          2.500000e+001                
GRID*               3088               6  -6.666666e+001   2.666667e+001
*          0.000000e+000                
GRID*               3089               6  -5.333333e+001   1.333333e+001
*          0.000000e+000                
GRID*               3090               6  -4.000000e+001   0.000000e+000
*          2.500000e+001                
GRID*               3091               6  -8.000000e+001   4.000000e+001
*          1.100000e+002                
GRID*               3092               6  -8.000000e+001   4.000000e+001
*          9.000000e+001                
GRID*               3093               6  -4.000000e+001   0.000000e+000
*          9.000000e+001                
GRID*               3094               6  -4.000000e+001   0.000000e+000
*          1.100000e+002                
GRID*               3095               6  -4.000000e+001   0.000000e+000
*          2.475000e+002                
GRID*               3096               6  -4.000000e+001   0.000000e+000
*          2.650000e+002                
GRID*               3097               6  -4.000000e+001   0.000000e+000
*          2.825000e+002                
GRID*               3098               6  -6.000000e+001   2.000000e+001
*          3.000000e+002                
GRID*               3099               6  -8.000000e+001   4.000000e+001
*          2.825000e+002                
GRID*               3100               6  -8.000000e+001   4.000000e+001
*          2.650000e+002                
GRID*               3101               6  -8.000000e+001   4.000000e+001
*          2.475000e+002                
GRID*               3102               6  -8.000000e+001   4.000000e+001
*          1.900000e+002                
GRID*               3103               6  -8.000000e+001   4.000000e+001
*          1.700000e+002                
GRID*               3104               6  -4.000000e+001   0.000000e+000
*          1.700000e+002                
GRID*               3105               6  -4.000000e+001   0.000000e+000
*          1.900000e+002                
GRID*               3106               6   5.600000e+001   0.000000e+000
*          5.000000e+001                
GRID*               3107               6   3.200000e+001   0.000000e+000
*          5.000000e+001                
GRID*               3108               6   8.000000e+000   0.000000e+000
*          5.000000e+001                
GRID*               3109               6  -1.600000e+001   0.000000e+000
*          5.000000e+001                
GRID*               3110               6  -1.600000e+001   0.000000e+000
*          0.000000e+000                
GRID*               3111               6   8.000000e+000   0.000000e+000
*          0.000000e+000                
GRID*               3112               6   3.200000e+001   0.000000e+000
*          0.000000e+000                
GRID*               3113               6   5.600000e+001   0.000000e+000
*          0.000000e+000                
GRID*               3114               6   8.000000e+001   0.000000e+000
*          2.500000e+001                
GRID*               3115               6   5.600000e+001   0.000000e+000
*          7.000000e+001                
GRID*               3116               6   3.200000e+001   0.000000e+000
*          7.000000e+001                
GRID*               3117               6   8.000000e+000   0.000000e+000
*          7.000000e+001                
GRID*               3118               6  -1.600000e+001   0.000000e+000
*          7.000000e+001                
GRID*               3119               6   5.600000e+001   0.000000e+000
*          1.300000e+002                
GRID*               3120               6   3.200000e+001   0.000000e+000
*          1.300000e+002                
GRID*               3121               6   8.000000e+000   0.000000e+000
*          1.300000e+002                
GRID*               3122               6  -1.600000e+001   0.000000e+000
*          1.300000e+002                
GRID*               3123               6   8.000000e+001   0.000000e+000
*          9.000000e+001                
GRID*               3124               6   8.000000e+001   0.000000e+000
*          1.100000e+002                
GRID*               3125               6  -1.600000e+001   0.000000e+000
*          2.300000e+002                
GRID*               3126               6   8.000000e+000   0.000000e+000
*          2.300000e+002                
GRID*               3127               6   3.200000e+001   0.000000e+000
*          2.300000e+002                
GRID*               3128               6   5.600000e+001   0.000000e+000
*          2.300000e+002                
GRID*               3129               6   8.000000e+001   0.000000e+000
*          2.475000e+002                
GRID*               3130               6   8.000000e+001   0.000000e+000
*          2.650000e+002                
GRID*               3131               6   8.000000e+001   0.000000e+000
*          2.825000e+002                
GRID*               3132               6   5.600000e+001   0.000000e+000
*          3.000000e+002                
GRID*               3133               6   3.200000e+001   0.000000e+000
*          3.000000e+002                
GRID*               3134               6   8.000000e+000   0.000000e+000
*          3.000000e+002                
GRID*               3135               6  -1.600000e+001   0.000000e+000
*          3.000000e+002                
GRID*               3136               6   5.600000e+001   0.000000e+000
*          1.500000e+002                
GRID*               3137               6   3.200000e+001   0.000000e+000
*          1.500000e+002                
GRID*               3138               6   8.000000e+000   0.000000e+000
*          1.500000e+002                
GRID*               3139               6  -1.600000e+001   0.000000e+000
*          1.500000e+002                
GRID*               3140               6  -1.600000e+001   0.000000e+000
*          2.100000e+002                
GRID*               3141               6   8.000000e+000   0.000000e+000
*          2.100000e+002                
GRID*               3142               6   3.200000e+001   0.000000e+000
*          2.100000e+002                
GRID*               3143               6   5.600000e+001   0.000000e+000
*          2.100000e+002                
GRID*               3144               6  -8.000000e+001   2.000000e+002
*          2.500000e+001                
GRID*               3145               6  -8.000000e+001   1.822222e+002
*          0.000000e+000                
GRID*               3146               6  -8.000000e+001   1.644444e+002
*          0.000000e+000                
GRID*               3147               6  -8.000000e+001   1.466667e+002
*          0.000000e+000                
GRID*               3148               6  -8.000000e+001   1.288889e+002
*          0.000000e+000                
GRID*               3149               6  -8.000000e+001   1.111111e+002
*          0.000000e+000                
GRID*               3150               6  -8.000000e+001   9.333334e+001
*          0.000000e+000                
GRID*               3151               6  -8.000000e+001   7.555556e+001
*          0.000000e+000                
GRID*               3152               6  -8.000000e+001   5.777778e+001
*          0.000000e+000                
GRID*               3153               6  -8.000000e+001   2.000000e+002
*          1.100000e+002                
GRID*               3154               6  -8.000000e+001   2.000000e+002
*          9.000000e+001                
GRID*               3155               6  -8.000000e+001   5.777778e+001
*          3.000000e+002                
GRID*               3156               6  -8.000000e+001   7.555556e+001
*          3.000000e+002                
GRID*               3157               6  -8.000000e+001   9.333334e+001
*          3.000000e+002                
GRID*               3158               6  -8.000000e+001   1.111111e+002
*          3.000000e+002                
GRID*               3159               6  -8.000000e+001   1.288889e+002
*          3.000000e+002                
GRID*               3160               6  -8.000000e+001   1.466667e+002
*          3.000000e+002                
GRID*               3161               6  -8.000000e+001   1.644444e+002
*          3.000000e+002                
GRID*               3162               6  -8.000000e+001   1.822222e+002
*          3.000000e+002                
GRID*               3163               6  -8.000000e+001   2.000000e+002
*          2.825000e+002                
GRID*               3164               6  -8.000000e+001   2.000000e+002
*          2.650000e+002                
GRID*               3165               6  -8.000000e+001   2.000000e+002
*          2.475000e+002                
GRID*               3166               6  -8.000000e+001   2.000000e+002
*          1.900000e+002                
GRID*               3167               6  -8.000000e+001   2.000000e+002
*          1.700000e+002                
GRID*               3168               6   9.333334e+001   1.333333e+001
*          0.000000e+000                
GRID*               3169               6   1.066667e+002   2.666667e+001
*          0.000000e+000                
GRID*               3170               6   1.200000e+002   4.000000e+001
*          2.500000e+001                
GRID*               3171               6   1.200000e+002   4.000000e+001
*          9.000000e+001                
GRID*               3172               6   1.200000e+002   4.000000e+001
*          1.100000e+002                
GRID*               3173               6   1.200000e+002   4.000000e+001
*          2.475000e+002                
GRID*               3174               6   1.200000e+002   4.000000e+001
*          2.650000e+002                
GRID*               3175               6   1.200000e+002   4.000000e+001
*          2.825000e+002                
GRID*               3176               6   1.000000e+002   2.000000e+001
*          3.000000e+002                
GRID*               3177               6  -4.000000e+001   2.400000e+002
*          2.500000e+001                
GRID*               3178               6  -5.333333e+001   2.266667e+002
*          0.000000e+000                
GRID*               3179               6  -6.666666e+001   2.133333e+002
*          0.000000e+000                
GRID*               3180               6  -4.000000e+001   2.400000e+002
*          1.100000e+002                
GRID*               3181               6  -4.000000e+001   2.400000e+002
*          9.000000e+001                
GRID*               3182               6  -6.000000e+001   2.200000e+002
*          3.000000e+002                
GRID*               3183               6  -4.000000e+001   2.400000e+002
*          2.825000e+002                
GRID*               3184               6  -4.000000e+001   2.400000e+002
*          2.650000e+002                
GRID*               3185               6  -4.000000e+001   2.400000e+002
*          2.475000e+002                
GRID*               3186               6  -4.000000e+001   2.400000e+002
*          1.900000e+002                
GRID*               3187               6  -4.000000e+001   2.400000e+002
*          1.700000e+002                
GRID*               3188               6   1.200000e+002   5.777778e+001
*          0.000000e+000                
GRID*               3189               6   1.200000e+002   7.555556e+001
*          0.000000e+000                
GRID*               3190               6   1.200000e+002   9.333334e+001
*          0.000000e+000                
GRID*               3191               6   1.200000e+002   1.111111e+002
*          0.000000e+000                
GRID*               3192               6   1.200000e+002   1.288889e+002
*          0.000000e+000                
GRID*               3193               6   1.200000e+002   1.466667e+002
*          0.000000e+000                
GRID*               3194               6   1.200000e+002   1.644444e+002
*          0.000000e+000                
GRID*               3195               6   1.200000e+002   1.822222e+002
*          0.000000e+000                
GRID*               3196               6   1.200000e+002   2.000000e+002
*          2.500000e+001                
GRID*               3197               6   1.200000e+002   2.000000e+002
*          9.000000e+001                
GRID*               3198               6   1.200000e+002   2.000000e+002
*          1.100000e+002                
GRID*               3199               6   1.200000e+002   2.000000e+002
*          2.475000e+002                
GRID*               3200               6   1.200000e+002   2.000000e+002
*          2.650000e+002                
GRID*               3201               6   1.200000e+002   2.000000e+002
*          2.825000e+002                
GRID*               3202               6   1.200000e+002   1.822222e+002
*          3.000000e+002                
GRID*               3203               6   1.200000e+002   1.644444e+002
*          3.000000e+002                
GRID*               3204               6   1.200000e+002   1.466667e+002
*          3.000000e+002                
GRID*               3205               6   1.200000e+002   1.288889e+002
*          3.000000e+002                
GRID*               3206               6   1.200000e+002   1.111111e+002
*          3.000000e+002                
GRID*               3207               6   1.200000e+002   9.333334e+001
*          3.000000e+002                
GRID*               3208               6   1.200000e+002   7.555556e+001
*          3.000000e+002                
GRID*               3209               6   1.200000e+002   5.777778e+001
*          3.000000e+002                
GRID*               3210               6  -1.600000e+001   2.400000e+002
*          5.000000e+001                
GRID*               3211               6   8.000000e+000   2.400000e+002
*          5.000000e+001                
GRID*               3212               6   3.200000e+001   2.400000e+002
*          5.000000e+001                
GRID*               3213               6   5.600000e+001   2.400000e+002
*          5.000000e+001                
GRID*               3214               6   8.000000e+001   2.400000e+002
*          2.500000e+001                
GRID*               3215               6   5.600000e+001   2.400000e+002
*          0.000000e+000                
GRID*               3216               6   3.200000e+001   2.400000e+002
*          0.000000e+000                
GRID*               3217               6   8.000000e+000   2.400000e+002
*          0.000000e+000                
GRID*               3218               6  -1.600000e+001   2.400000e+002
*          0.000000e+000                
GRID*               3219               6  -1.600000e+001   2.400000e+002
*          7.000000e+001                
GRID*               3220               6   8.000000e+000   2.400000e+002
*          7.000000e+001                
GRID*               3221               6   3.200000e+001   2.400000e+002
*          7.000000e+001                
GRID*               3222               6   5.600000e+001   2.400000e+002
*          7.000000e+001                
GRID*               3223               6  -1.600000e+001   2.400000e+002
*          1.300000e+002                
GRID*               3224               6   8.000000e+000   2.400000e+002
*          1.300000e+002                
GRID*               3225               6   3.200000e+001   2.400000e+002
*          1.300000e+002                
GRID*               3226               6   5.600000e+001   2.400000e+002
*          1.300000e+002                
GRID*               3227               6   8.000000e+001   2.400000e+002
*          1.100000e+002                
GRID*               3228               6   8.000000e+001   2.400000e+002
*          9.000000e+001                
GRID*               3229               6  -1.600000e+001   2.400000e+002
*          1.500000e+002                
GRID*               3230               6   8.000000e+000   2.400000e+002
*          1.500000e+002                
GRID*               3231               6   3.200000e+001   2.400000e+002
*          1.500000e+002                
GRID*               3232               6   5.600000e+001   2.400000e+002
*          1.500000e+002                
GRID*               3233               6   5.600000e+001   2.400000e+002
*          2.300000e+002                
GRID*               3234               6   3.200000e+001   2.400000e+002
*          2.300000e+002                
GRID*               3235               6   8.000000e+000   2.400000e+002
*          2.300000e+002                
GRID*               3236               6  -1.600000e+001   2.400000e+002
*          2.300000e+002                
GRID*               3237               6  -1.600000e+001   2.400000e+002
*          3.000000e+002                
GRID*               3238               6   8.000000e+000   2.400000e+002
*          3.000000e+002                
GRID*               3239               6   3.200000e+001   2.400000e+002
*          3.000000e+002                
GRID*               3240               6   5.600000e+001   2.400000e+002
*          3.000000e+002                
GRID*               3241               6   8.000000e+001   2.400000e+002
*          2.825000e+002                
GRID*               3242               6   8.000000e+001   2.400000e+002
*          2.650000e+002                
GRID*               3243               6   8.000000e+001   2.400000e+002
*          2.475000e+002                
GRID*               3244               6  -1.600000e+001   2.400000e+002
*          2.100000e+002                
GRID*               3245               6   8.000000e+000   2.400000e+002
*          2.100000e+002                
GRID*               3246               6   3.200000e+001   2.400000e+002
*          2.100000e+002                
GRID*               3247               6   5.600000e+001   2.400000e+002
*          2.100000e+002                
GRID*               3248               6   8.000000e+001   2.400000e+002
*          1.900000e+002                
GRID*               3249               6   8.000000e+001   2.400000e+002
*          1.700000e+002                
GRID*               3250               6   1.066667e+002   2.133333e+002
*          0.000000e+000                
GRID*               3251               6   9.333334e+001   2.266667e+002
*          0.000000e+000                
GRID*               3252               6   1.000000e+002   2.200000e+002
*          3.000000e+002                
GRID*               3253               6   9.600000e+001   2.000000e+002
*          3.800000e+002                
GRID*               3254               6   1.020000e+002   2.000000e+002
*          3.600000e+002                
GRID*               3255               6   1.080000e+002   2.000000e+002
*          3.400000e+002                
GRID*               3256               6   1.140000e+002   2.000000e+002
*          3.200000e+002                
GRID*               3257               6   7.200000e+001   2.380000e+002
*          3.200000e+002                
GRID*               3258               6   6.400000e+001   2.360000e+002
*          3.400000e+002                
GRID*               3259               6   5.600000e+001   2.340000e+002
*          3.600000e+002                
GRID*               3260               6   4.800000e+001   2.320000e+002
*          3.800000e+002                
GRID*               3261               6   9.600000e+001   4.000000e+001
*          3.800000e+002                
GRID*               3262               6   1.020000e+002   4.000000e+001
*          3.600000e+002                
GRID*               3263               6   1.080000e+002   4.000000e+001
*          3.400000e+002                
GRID*               3264               6   1.140000e+002   4.000000e+001
*          3.200000e+002                
GRID*               3265               6   4.800000e+001   1.200000e+001
*          3.800000e+002                
GRID*               3266               6   5.600000e+001   9.000000e+000
*          3.600000e+002                
GRID*               3267               6   6.400000e+001   6.000000e+000
*          3.400000e+002                
GRID*               3268               6   7.200000e+001   3.000000e+000
*          3.200000e+002                
GRID*               3269               6   2.300000e+001   1.500000e+001
*          4.000000e+002                
GRID*               3270               6   6.000000e+000   1.500000e+001
*          4.000000e+002                
GRID*               3271               6  -1.100000e+001   1.500000e+001
*          4.000000e+002                
GRID*               3272               6  -2.800000e+001   1.500000e+001
*          4.000000e+002                
GRID*               3273               6  -4.400000e+001   1.200000e+001
*          3.800000e+002                
GRID*               3274               6  -4.300000e+001   9.000000e+000
*          3.600000e+002                
GRID*               3275               6  -4.200000e+001   6.000000e+000
*          3.400000e+002                
GRID*               3276               6  -4.100000e+001   3.000000e+000
*          3.200000e+002                
GRID*               3277               6  -7.200000e+001   4.000000e+001
*          3.800000e+002                
GRID*               3278               6  -7.400000e+001   4.000000e+001
*          3.600000e+002                
GRID*               3279               6  -7.600000e+001   4.000000e+001
*          3.400000e+002                
GRID*               3280               6  -7.800000e+001   4.000000e+001
*          3.200000e+002                
GRID*               3281               6  -7.200000e+001   2.000000e+002
*          3.800000e+002                
GRID*               3282               6  -7.400000e+001   2.000000e+002
*          3.600000e+002                
GRID*               3283               6  -7.600000e+001   2.000000e+002
*          3.400000e+002                
GRID*               3284               6  -7.800000e+001   2.000000e+002
*          3.200000e+002                
GRID*               3285               6  -4.000000e+001   2.320000e+002
*          3.800000e+002                
GRID*               3286               6  -4.000000e+001   2.340000e+002
*          3.600000e+002                
GRID*               3287               6  -4.000000e+001   2.360000e+002
*          3.400000e+002                
GRID*               3288               6  -4.000000e+001   2.380000e+002
*          3.200000e+002                
GRID*               3289               6  -2.400000e+001   2.300000e+002
*          4.000000e+002                
GRID*               3290               6  -8.000000e+000   2.300000e+002
*          4.000000e+002                
GRID*               3291               6   8.000000e+000   2.300000e+002
*          4.000000e+002                
GRID*               3292               6   2.400000e+001   2.300000e+002
*          4.000000e+002                
GRID*               3293               6   1.200000e+002   2.000000e+002
*          1.900000e+002                
GRID*               3294               6   1.200000e+002   2.000000e+002
*          1.700000e+002                
GRID*               3295               6   1.200000e+002   4.000000e+001
*          1.900000e+002                
GRID*               3296               6   1.200000e+002   4.000000e+001
*          1.700000e+002                
GRID*               3297               6   8.000000e+001   0.000000e+000
*          1.900000e+002                
GRID*               3298               6   8.000000e+001   0.000000e+000
*          1.700000e+002                
GRID*               3299               6  -8.707107e+001   2.212132e+002
*          0.000000e+000                
GRID*               3300               6  -7.414214e+001   2.341421e+002
*          0.000000e+000                
GRID*               3301               6  -6.121320e+001   2.470711e+002
*          0.000000e+000                
GRID*               3302               6  -2.877448e+001   2.600000e+002
*          0.000000e+000                
GRID*               3303               6  -9.264688e+000   2.600000e+002
*          0.000000e+000                
GRID*               3304               6   1.024510e+001   2.600000e+002
*          0.000000e+000                
GRID*               3305               6   2.975490e+001   2.600000e+002
*          0.000000e+000                
GRID*               3306               6   4.926469e+001   2.600000e+002
*          0.000000e+000                
GRID*               3307               6   6.877448e+001   2.600000e+002
*          0.000000e+000                
GRID*               3308               6   1.012132e+002   2.470711e+002
*          0.000000e+000                
GRID*               3309               6   1.141421e+002   2.341421e+002
*          0.000000e+000                
GRID*               3310               6   1.270711e+002   2.212132e+002
*          0.000000e+000                
GRID*               3311               6   1.400000e+002   1.886655e+002
*          0.000000e+000                
GRID*               3312               6   1.400000e+002   1.690468e+002
*          0.000000e+000                
GRID*               3313               6   1.400000e+002   1.494281e+002
*          0.000000e+000                
GRID*               3314               6   1.400000e+002   1.298094e+002
*          0.000000e+000                
GRID*               3315               6   1.400000e+002   1.101906e+002
*          0.000000e+000                
GRID*               3316               6   1.400000e+002   9.057191e+001
*          0.000000e+000                
GRID*               3317               6   1.400000e+002   7.095319e+001
*          0.000000e+000                
GRID*               3318               6   1.400000e+002   5.133446e+001
*          0.000000e+000                
GRID*               3319               6   1.270711e+002   1.878680e+001
*          0.000000e+000                
GRID*               3320               6   1.141421e+002   5.857864e+000
*          0.000000e+000                
GRID*               3321               6   1.012132e+002  -7.071068e+000
*          0.000000e+000                
GRID*               3322               6   6.877448e+001  -2.000000e+001
*          0.000000e+000                
GRID*               3323               6   4.926469e+001  -2.000000e+001
*          0.000000e+000                
GRID*               3324               6   2.975490e+001  -2.000000e+001
*          0.000000e+000                
GRID*               3325               6   1.024510e+001  -2.000000e+001
*          0.000000e+000                
GRID*               3326               6  -9.264688e+000  -2.000000e+001
*          0.000000e+000                
GRID*               3327               6  -2.877448e+001  -2.000000e+001
*          0.000000e+000                
GRID*               3328               6  -6.121320e+001  -7.071068e+000
*          0.000000e+000                
GRID*               3329               6  -7.414214e+001   5.857864e+000
*          0.000000e+000                
GRID*               3330               6  -8.707107e+001   1.878680e+001
*          0.000000e+000                
GRID*               3331               6  -1.000000e+002   5.133446e+001
*          0.000000e+000                
GRID*               3332               6  -1.000000e+002   7.095319e+001
*          0.000000e+000                
GRID*               3333               6  -1.000000e+002   9.057191e+001
*          0.000000e+000                
GRID*               3334               6  -1.000000e+002   1.101906e+002
*          0.000000e+000                
GRID*               3335               6  -1.000000e+002   1.298094e+002
*          0.000000e+000                
GRID*               3336               6  -1.000000e+002   1.494281e+002
*          0.000000e+000                
GRID*               3337               6  -1.000000e+002   1.690468e+002
*          0.000000e+000                
GRID*               3338               6  -1.000000e+002   1.886655e+002
*          0.000000e+000                
GRID*               3339               6  -5.500000e+001   2.150000e+002
*          4.400000e+002                
GRID*               3340               6  -5.500000e+001   2.150000e+002
*          4.200000e+002                
GRID*               3341               6  -7.000000e+001   1.822222e+002
*          4.400000e+002                
GRID*               3342               6  -7.000000e+001   1.644444e+002
*          4.400000e+002                
GRID*               3343               6  -7.000000e+001   1.466667e+002
*          4.400000e+002                
GRID*               3344               6  -7.000000e+001   1.288889e+002
*          4.400000e+002                
GRID*               3345               6  -7.000000e+001   1.111111e+002
*          4.400000e+002                
GRID*               3346               6  -7.000000e+001   9.333334e+001
*          4.400000e+002                
GRID*               3347               6  -7.000000e+001   7.555556e+001
*          4.400000e+002                
GRID*               3348               6  -7.000000e+001   5.777778e+001
*          4.400000e+002                
GRID*               3349               6  -7.000000e+001   1.822222e+002
*          4.200000e+002                
GRID*               3350               6  -7.000000e+001   1.644444e+002
*          4.200000e+002                
GRID*               3351               6  -7.000000e+001   1.466667e+002
*          4.200000e+002                
GRID*               3352               6  -7.000000e+001   1.288889e+002
*          4.200000e+002                
GRID*               3353               6  -7.000000e+001   1.111111e+002
*          4.200000e+002                
GRID*               3354               6  -7.000000e+001   9.333334e+001
*          4.200000e+002                
GRID*               3355               6  -7.000000e+001   7.555556e+001
*          4.200000e+002                
GRID*               3356               6  -7.000000e+001   5.777778e+001
*          4.200000e+002                
GRID*               3357               6  -5.750000e+001   2.750000e+001
*          4.400000e+002                
GRID*               3358               6  -5.750000e+001   2.750000e+001
*          4.200000e+002                
GRID*               3359               6   9.000000e+001   1.822222e+002
*          4.400000e+002                
GRID*               3360               6   9.000000e+001   1.644444e+002
*          4.400000e+002                
GRID*               3361               6   9.000000e+001   1.466667e+002
*          4.400000e+002                
GRID*               3362               6   9.000000e+001   1.288889e+002
*          4.400000e+002                
GRID*               3363               6   9.000000e+001   1.111111e+002
*          4.400000e+002                
GRID*               3364               6   9.000000e+001   9.333334e+001
*          4.400000e+002                
GRID*               3365               6   9.000000e+001   7.555556e+001
*          4.400000e+002                
GRID*               3366               6   9.000000e+001   5.777778e+001
*          4.400000e+002                
GRID*               3367               6   9.000000e+001   1.822222e+002
*          4.200000e+002                
GRID*               3368               6   9.000000e+001   1.644444e+002
*          4.200000e+002                
GRID*               3369               6   9.000000e+001   1.466667e+002
*          4.200000e+002                
GRID*               3370               6   9.000000e+001   1.288889e+002
*          4.200000e+002                
GRID*               3371               6   9.000000e+001   1.111111e+002
*          4.200000e+002                
GRID*               3372               6   9.000000e+001   9.333334e+001
*          4.200000e+002                
GRID*               3373               6   9.000000e+001   7.555556e+001
*          4.200000e+002                
GRID*               3374               6   9.000000e+001   5.777778e+001
*          4.200000e+002                
GRID*               3375               6   1.100000e+002   1.900000e+002
*          5.000000e+001                
GRID*               3376               6   1.100000e+002   1.700000e+002
*          5.000000e+001                
GRID*               3377               6   1.100000e+002   1.500000e+002
*          5.000000e+001                
GRID*               3378               6   1.100000e+002   1.300000e+002
*          5.000000e+001                
GRID*               3379               6   1.100000e+002   1.100000e+002
*          5.000000e+001                
GRID*               3380               6   1.100000e+002   9.000000e+001
*          5.000000e+001                
GRID*               3381               6   1.100000e+002   7.000000e+001
*          5.000000e+001                
GRID*               3382               6   1.100000e+002   5.000000e+001
*          5.000000e+001                
GRID*               3383               6  -7.000000e+001   5.000000e+001
*          5.000000e+001                
GRID*               3384               6  -7.000000e+001   7.000000e+001
*          5.000000e+001                
GRID*               3385               6  -7.000000e+001   9.000000e+001
*          5.000000e+001                
GRID*               3386               6  -7.000000e+001   1.100000e+002
*          5.000000e+001                
GRID*               3387               6  -7.000000e+001   1.300000e+002
*          5.000000e+001                
GRID*               3388               6  -7.000000e+001   1.500000e+002
*          5.000000e+001                
GRID*               3389               6  -7.000000e+001   1.700000e+002
*          5.000000e+001                
GRID*               3390               6  -7.000000e+001   1.900000e+002
*          5.000000e+001                
GRID*               3391               6  -5.666667e+001   1.666667e+001
*          2.500000e+001                
GRID*               3392               6  -6.833334e+001   2.833334e+001
*          2.500000e+001                
GRID*               3393               6  -6.000000e+001   2.000000e+001
*          1.100000e+002                
GRID*               3394               6  -6.000000e+001   2.000000e+001
*          9.000000e+001                
GRID*               3395               6  -6.000000e+001   2.000000e+001
*          2.475000e+002                
GRID*               3396               6  -6.000000e+001   2.000000e+001
*          2.650000e+002                
GRID*               3397               6  -6.000000e+001   2.000000e+001
*          2.825000e+002                
GRID*               3398               6  -6.000000e+001   2.000000e+001
*          1.900000e+002                
GRID*               3399               6  -6.000000e+001   2.000000e+001
*          1.700000e+002                
GRID*               3400               6   5.600000e+001   0.000000e+000
*          2.500000e+001                
GRID*               3401               6   3.200000e+001   0.000000e+000
*          2.500000e+001                
GRID*               3402               6   8.000000e+000   0.000000e+000
*          2.500000e+001                
GRID*               3403               6  -1.600000e+001   0.000000e+000
*          2.500000e+001                
GRID*               3404               6   5.600000e+001   0.000000e+000
*          1.100000e+002                
GRID*               3405               6   3.200000e+001   0.000000e+000
*          1.100000e+002                
GRID*               3406               6   8.000000e+000   0.000000e+000
*          1.100000e+002                
GRID*               3407               6  -1.600000e+001   0.000000e+000
*          1.100000e+002                
GRID*               3408               6   5.600000e+001   0.000000e+000
*          9.000000e+001                
GRID*               3409               6   3.200000e+001   0.000000e+000
*          9.000000e+001                
GRID*               3410               6   8.000000e+000   0.000000e+000
*          9.000000e+001                
GRID*               3411               6  -1.600000e+001   0.000000e+000
*          9.000000e+001                
GRID*               3412               6  -1.600000e+001   0.000000e+000
*          2.475000e+002                
GRID*               3413               6   8.000000e+000   0.000000e+000
*          2.475000e+002                
GRID*               3414               6   3.200000e+001   0.000000e+000
*          2.475000e+002                
GRID*               3415               6   5.600000e+001   0.000000e+000
*          2.475000e+002                
GRID*               3416               6  -1.600000e+001   0.000000e+000
*          2.650000e+002                
GRID*               3417               6   8.000000e+000   0.000000e+000
*          2.650000e+002                
GRID*               3418               6   3.200000e+001   0.000000e+000
*          2.650000e+002                
GRID*               3419               6   5.600000e+001   0.000000e+000
*          2.650000e+002                
GRID*               3420               6  -1.600000e+001   0.000000e+000
*          2.825000e+002                
GRID*               3421               6   8.000000e+000   0.000000e+000
*          2.825000e+002                
GRID*               3422               6   3.200000e+001   0.000000e+000
*          2.825000e+002                
GRID*               3423               6   5.600000e+001   0.000000e+000
*          2.825000e+002                
GRID*               3424               6  -8.000000e+001   5.777778e+001
*          2.500000e+001                
GRID*               3425               6  -8.000000e+001   7.555556e+001
*          2.500000e+001                
GRID*               3426               6  -8.000000e+001   9.333334e+001
*          2.500000e+001                
GRID*               3427               6  -8.000000e+001   1.111111e+002
*          2.500000e+001                
GRID*               3428               6  -8.000000e+001   1.288889e+002
*          2.500000e+001                
GRID*               3429               6  -8.000000e+001   1.466667e+002
*          2.500000e+001                
GRID*               3430               6  -8.000000e+001   1.644444e+002
*          2.500000e+001                
GRID*               3431               6  -8.000000e+001   1.822222e+002
*          2.500000e+001                
GRID*               3432               6  -8.000000e+001   5.777778e+001
*          1.100000e+002                
GRID*               3433               6  -8.000000e+001   7.555556e+001
*          1.100000e+002                
GRID*               3434               6  -8.000000e+001   9.333334e+001
*          1.100000e+002                
GRID*               3435               6  -8.000000e+001   1.111111e+002
*          1.100000e+002                
GRID*               3436               6  -8.000000e+001   1.288889e+002
*          1.100000e+002                
GRID*               3437               6  -8.000000e+001   1.466667e+002
*          1.100000e+002                
GRID*               3438               6  -8.000000e+001   1.644444e+002
*          1.100000e+002                
GRID*               3439               6  -8.000000e+001   1.822222e+002
*          1.100000e+002                
GRID*               3440               6  -8.000000e+001   5.777778e+001
*          9.000000e+001                
GRID*               3441               6  -8.000000e+001   7.555556e+001
*          9.000000e+001                
GRID*               3442               6  -8.000000e+001   9.333334e+001
*          9.000000e+001                
GRID*               3443               6  -8.000000e+001   1.111111e+002
*          9.000000e+001                
GRID*               3444               6  -8.000000e+001   1.288889e+002
*          9.000000e+001                
GRID*               3445               6  -8.000000e+001   1.466667e+002
*          9.000000e+001                
GRID*               3446               6  -8.000000e+001   1.644444e+002
*          9.000000e+001                
GRID*               3447               6  -8.000000e+001   1.822222e+002
*          9.000000e+001                
GRID*               3448               6  -8.000000e+001   1.822222e+002
*          2.475000e+002                
GRID*               3449               6  -8.000000e+001   1.644444e+002
*          2.475000e+002                
GRID*               3450               6  -8.000000e+001   1.466667e+002
*          2.475000e+002                
GRID*               3451               6  -8.000000e+001   1.288889e+002
*          2.475000e+002                
GRID*               3452               6  -8.000000e+001   1.111111e+002
*          2.475000e+002                
GRID*               3453               6  -8.000000e+001   9.333334e+001
*          2.475000e+002                
GRID*               3454               6  -8.000000e+001   7.555556e+001
*          2.475000e+002                
GRID*               3455               6  -8.000000e+001   5.777778e+001
*          2.475000e+002                
GRID*               3456               6  -8.000000e+001   1.822222e+002
*          2.650000e+002                
GRID*               3457               6  -8.000000e+001   1.644444e+002
*          2.650000e+002                
GRID*               3458               6  -8.000000e+001   1.466667e+002
*          2.650000e+002                
GRID*               3459               6  -8.000000e+001   1.288889e+002
*          2.650000e+002                
GRID*               3460               6  -8.000000e+001   1.111111e+002
*          2.650000e+002                
GRID*               3461               6  -8.000000e+001   9.333334e+001
*          2.650000e+002                
GRID*               3462               6  -8.000000e+001   7.555556e+001
*          2.650000e+002                
GRID*               3463               6  -8.000000e+001   5.777778e+001
*          2.650000e+002                
GRID*               3464               6  -8.000000e+001   1.822222e+002
*          2.825000e+002                
GRID*               3465               6  -8.000000e+001   1.644444e+002
*          2.825000e+002                
GRID*               3466               6  -8.000000e+001   1.466667e+002
*          2.825000e+002                
GRID*               3467               6  -8.000000e+001   1.288889e+002
*          2.825000e+002                
GRID*               3468               6  -8.000000e+001   1.111111e+002
*          2.825000e+002                
GRID*               3469               6  -8.000000e+001   9.333334e+001
*          2.825000e+002                
GRID*               3470               6  -8.000000e+001   7.555556e+001
*          2.825000e+002                
GRID*               3471               6  -8.000000e+001   5.777778e+001
*          2.825000e+002                
GRID*               3472               6  -8.000000e+001   5.777778e+001
*          1.900000e+002                
GRID*               3473               6  -8.000000e+001   7.555556e+001
*          1.900000e+002                
GRID*               3474               6  -8.000000e+001   9.333334e+001
*          1.900000e+002                
GRID*               3475               6  -8.000000e+001   1.111111e+002
*          1.900000e+002                
GRID*               3476               6  -8.000000e+001   1.288889e+002
*          1.900000e+002                
GRID*               3477               6  -8.000000e+001   1.466667e+002
*          1.900000e+002                
GRID*               3478               6  -8.000000e+001   1.644444e+002
*          1.900000e+002                
GRID*               3479               6  -8.000000e+001   1.822222e+002
*          1.900000e+002                
GRID*               3480               6  -8.000000e+001   5.777778e+001
*          1.700000e+002                
GRID*               3481               6  -8.000000e+001   7.555556e+001
*          1.700000e+002                
GRID*               3482               6  -8.000000e+001   9.333334e+001
*          1.700000e+002                
GRID*               3483               6  -8.000000e+001   1.111111e+002
*          1.700000e+002                
GRID*               3484               6  -8.000000e+001   1.288889e+002
*          1.700000e+002                
GRID*               3485               6  -8.000000e+001   1.466667e+002
*          1.700000e+002                
GRID*               3486               6  -8.000000e+001   1.644444e+002
*          1.700000e+002                
GRID*               3487               6  -8.000000e+001   1.822222e+002
*          1.700000e+002                
GRID*               3488               6   1.083333e+002   2.833334e+001
*          2.500000e+001                
GRID*               3489               6   9.666666e+001   1.666667e+001
*          2.500000e+001                
GRID*               3490               6   1.000000e+002   2.000000e+001
*          1.100000e+002                
GRID*               3491               6   1.000000e+002   2.000000e+001
*          9.000000e+001                
GRID*               3492               6   1.000000e+002   2.000000e+001
*          2.475000e+002                
GRID*               3493               6   1.000000e+002   2.000000e+001
*          2.650000e+002                
GRID*               3494               6   1.000000e+002   2.000000e+001
*          2.825000e+002                
GRID*               3495               6  -6.833333e+001   2.116667e+002
*          2.500000e+001                
GRID*               3496               6  -5.666667e+001   2.233333e+002
*          2.500000e+001                
GRID*               3497               6  -6.000000e+001   2.200000e+002
*          1.100000e+002                
GRID*               3498               6  -6.000000e+001   2.200000e+002
*          9.000000e+001                
GRID*               3499               6  -6.000000e+001   2.200000e+002
*          2.475000e+002                
GRID*               3500               6  -6.000000e+001   2.200000e+002
*          2.650000e+002                
GRID*               3501               6  -6.000000e+001   2.200000e+002
*          2.825000e+002                
GRID*               3502               6  -6.000000e+001   2.200000e+002
*          1.900000e+002                
GRID*               3503               6  -6.000000e+001   2.200000e+002
*          1.700000e+002                
GRID*               3504               6   1.200000e+002   1.822222e+002
*          2.500000e+001                
GRID*               3505               6   1.200000e+002   1.644444e+002
*          2.500000e+001                
GRID*               3506               6   1.200000e+002   1.466667e+002
*          2.500000e+001                
GRID*               3507               6   1.200000e+002   1.288889e+002
*          2.500000e+001                
GRID*               3508               6   1.200000e+002   1.111111e+002
*          2.500000e+001                
GRID*               3509               6   1.200000e+002   9.333334e+001
*          2.500000e+001                
GRID*               3510               6   1.200000e+002   7.555556e+001
*          2.500000e+001                
GRID*               3511               6   1.200000e+002   5.777778e+001
*          2.500000e+001                
GRID*               3512               6   1.200000e+002   1.822222e+002
*          1.100000e+002                
GRID*               3513               6   1.200000e+002   1.644444e+002
*          1.100000e+002                
GRID*               3514               6   1.200000e+002   1.466667e+002
*          1.100000e+002                
GRID*               3515               6   1.200000e+002   1.288889e+002
*          1.100000e+002                
GRID*               3516               6   1.200000e+002   1.111111e+002
*          1.100000e+002                
GRID*               3517               6   1.200000e+002   9.333334e+001
*          1.100000e+002                
GRID*               3518               6   1.200000e+002   7.555556e+001
*          1.100000e+002                
GRID*               3519               6   1.200000e+002   5.777778e+001
*          1.100000e+002                
GRID*               3520               6   1.200000e+002   1.822222e+002
*          9.000000e+001                
GRID*               3521               6   1.200000e+002   1.644444e+002
*          9.000000e+001                
GRID*               3522               6   1.200000e+002   1.466667e+002
*          9.000000e+001                
GRID*               3523               6   1.200000e+002   1.288889e+002
*          9.000000e+001                
GRID*               3524               6   1.200000e+002   1.111111e+002
*          9.000000e+001                
GRID*               3525               6   1.200000e+002   9.333334e+001
*          9.000000e+001                
GRID*               3526               6   1.200000e+002   7.555556e+001
*          9.000000e+001                
GRID*               3527               6   1.200000e+002   5.777778e+001
*          9.000000e+001                
GRID*               3528               6   1.200000e+002   5.777778e+001
*          2.475000e+002                
GRID*               3529               6   1.200000e+002   7.555556e+001
*          2.475000e+002                
GRID*               3530               6   1.200000e+002   9.333334e+001
*          2.475000e+002                
GRID*               3531               6   1.200000e+002   1.111111e+002
*          2.475000e+002                
GRID*               3532               6   1.200000e+002   1.288889e+002
*          2.475000e+002                
GRID*               3533               6   1.200000e+002   1.466667e+002
*          2.475000e+002                
GRID*               3534               6   1.200000e+002   1.644444e+002
*          2.475000e+002                
GRID*               3535               6   1.200000e+002   1.822222e+002
*          2.475000e+002                
GRID*               3536               6   1.200000e+002   5.777778e+001
*          2.650000e+002                
GRID*               3537               6   1.200000e+002   7.555556e+001
*          2.650000e+002                
GRID*               3538               6   1.200000e+002   9.333334e+001
*          2.650000e+002                
GRID*               3539               6   1.200000e+002   1.111111e+002
*          2.650000e+002                
GRID*               3540               6   1.200000e+002   1.288889e+002
*          2.650000e+002                
GRID*               3541               6   1.200000e+002   1.466667e+002
*          2.650000e+002                
GRID*               3542               6   1.200000e+002   1.644444e+002
*          2.650000e+002                
GRID*               3543               6   1.200000e+002   1.822222e+002
*          2.650000e+002                
GRID*               3544               6   1.200000e+002   5.777778e+001
*          2.825000e+002                
GRID*               3545               6   1.200000e+002   7.555556e+001
*          2.825000e+002                
GRID*               3546               6   1.200000e+002   9.333334e+001
*          2.825000e+002                
GRID*               3547               6   1.200000e+002   1.111111e+002
*          2.825000e+002                
GRID*               3548               6   1.200000e+002   1.288889e+002
*          2.825000e+002                
GRID*               3549               6   1.200000e+002   1.466667e+002
*          2.825000e+002                
GRID*               3550               6   1.200000e+002   1.644444e+002
*          2.825000e+002                
GRID*               3551               6   1.200000e+002   1.822222e+002
*          2.825000e+002                
GRID*               3552               6  -1.600000e+001   2.400000e+002
*          2.500000e+001                
GRID*               3553               6   8.000000e+000   2.400000e+002
*          2.500000e+001                
GRID*               3554               6   3.200000e+001   2.400000e+002
*          2.500000e+001                
GRID*               3555               6   5.600000e+001   2.400000e+002
*          2.500000e+001                
GRID*               3556               6  -1.600000e+001   2.400000e+002
*          1.100000e+002                
GRID*               3557               6   8.000000e+000   2.400000e+002
*          1.100000e+002                
GRID*               3558               6   3.200000e+001   2.400000e+002
*          1.100000e+002                
GRID*               3559               6   5.600000e+001   2.400000e+002
*          1.100000e+002                
GRID*               3560               6  -1.600000e+001   2.400000e+002
*          9.000000e+001                
GRID*               3561               6   8.000000e+000   2.400000e+002
*          9.000000e+001                
GRID*               3562               6   3.200000e+001   2.400000e+002
*          9.000000e+001                
GRID*               3563               6   5.600000e+001   2.400000e+002
*          9.000000e+001                
GRID*               3564               6   5.600000e+001   2.400000e+002
*          2.475000e+002                
GRID*               3565               6   3.200000e+001   2.400000e+002
*          2.475000e+002                
GRID*               3566               6   8.000000e+000   2.400000e+002
*          2.475000e+002                
GRID*               3567               6  -1.600000e+001   2.400000e+002
*          2.475000e+002                
GRID*               3568               6   5.600000e+001   2.400000e+002
*          2.650000e+002                
GRID*               3569               6   3.200000e+001   2.400000e+002
*          2.650000e+002                
GRID*               3570               6   8.000000e+000   2.400000e+002
*          2.650000e+002                
GRID*               3571               6  -1.600000e+001   2.400000e+002
*          2.650000e+002                
GRID*               3572               6   5.600000e+001   2.400000e+002
*          2.825000e+002                
GRID*               3573               6   3.200000e+001   2.400000e+002
*          2.825000e+002                
GRID*               3574               6   8.000000e+000   2.400000e+002
*          2.825000e+002                
GRID*               3575               6  -1.600000e+001   2.400000e+002
*          2.825000e+002                
GRID*               3576               6  -1.600000e+001   2.400000e+002
*          1.900000e+002                
GRID*               3577               6   8.000000e+000   2.400000e+002
*          1.900000e+002                
GRID*               3578               6   3.200000e+001   2.400000e+002
*          1.900000e+002                
GRID*               3579               6   5.600000e+001   2.400000e+002
*          1.900000e+002                
GRID*               3580               6  -1.600000e+001   2.400000e+002
*          1.700000e+002                
GRID*               3581               6   8.000000e+000   2.400000e+002
*          1.700000e+002                
GRID*               3582               6   3.200000e+001   2.400000e+002
*          1.700000e+002                
GRID*               3583               6   5.600000e+001   2.400000e+002
*          1.700000e+002                
GRID*               3584               6   9.666667e+001   2.233333e+002
*          2.500000e+001                
GRID*               3585               6   1.083333e+002   2.116667e+002
*          2.500000e+001                
GRID*               3586               6   1.000000e+002   2.200000e+002
*          1.100000e+002                
GRID*               3587               6   1.000000e+002   2.200000e+002
*          9.000000e+001                
GRID*               3588               6   1.000000e+002   2.200000e+002
*          2.475000e+002                
GRID*               3589               6   1.000000e+002   2.200000e+002
*          2.650000e+002                
GRID*               3590               6   1.000000e+002   2.200000e+002
*          2.825000e+002                
GRID*               3591               6   7.200000e+001   2.160000e+002
*          3.800000e+002                
GRID*               3592               6   7.900000e+001   2.170000e+002
*          3.600000e+002                
GRID*               3593               6   8.600000e+001   2.180000e+002
*          3.400000e+002                
GRID*               3594               6   9.300000e+001   2.190000e+002
*          3.200000e+002                
GRID*               3595               6   9.600000e+001   1.822222e+002
*          3.800000e+002                
GRID*               3596               6   9.600000e+001   1.644444e+002
*          3.800000e+002                
GRID*               3597               6   9.600000e+001   1.466667e+002
*          3.800000e+002                
GRID*               3598               6   9.600000e+001   1.288889e+002
*          3.800000e+002                
GRID*               3599               6   9.600000e+001   1.111111e+002
*          3.800000e+002                
GRID*               3600               6   9.600000e+001   9.333334e+001
*          3.800000e+002                
GRID*               3601               6   9.600000e+001   7.555556e+001
*          3.800000e+002                
GRID*               3602               6   9.600000e+001   5.777778e+001
*          3.800000e+002                
GRID*               3603               6   1.020000e+002   1.822222e+002
*          3.600000e+002                
GRID*               3604               6   1.020000e+002   1.644444e+002
*          3.600000e+002                
GRID*               3605               6   1.020000e+002   1.466667e+002
*          3.600000e+002                
GRID*               3606               6   1.020000e+002   1.288889e+002
*          3.600000e+002                
GRID*               3607               6   1.020000e+002   1.111111e+002
*          3.600000e+002                
GRID*               3608               6   1.020000e+002   9.333334e+001
*          3.600000e+002                
GRID*               3609               6   1.020000e+002   7.555556e+001
*          3.600000e+002                
GRID*               3610               6   1.020000e+002   5.777778e+001
*          3.600000e+002                
GRID*               3611               6   1.080000e+002   1.822222e+002
*          3.400000e+002                
GRID*               3612               6   1.080000e+002   1.644444e+002
*          3.400000e+002                
GRID*               3613               6   1.080000e+002   1.466667e+002
*          3.400000e+002                
GRID*               3614               6   1.080000e+002   1.288889e+002
*          3.400000e+002                
GRID*               3615               6   1.080000e+002   1.111111e+002
*          3.400000e+002                
GRID*               3616               6   1.080000e+002   9.333334e+001
*          3.400000e+002                
GRID*               3617               6   1.080000e+002   7.555556e+001
*          3.400000e+002                
GRID*               3618               6   1.080000e+002   5.777778e+001
*          3.400000e+002                
GRID*               3619               6   1.140000e+002   1.822222e+002
*          3.200000e+002                
GRID*               3620               6   1.140000e+002   1.644444e+002
*          3.200000e+002                
GRID*               3621               6   1.140000e+002   1.466667e+002
*          3.200000e+002                
GRID*               3622               6   1.140000e+002   1.288889e+002
*          3.200000e+002                
GRID*               3623               6   1.140000e+002   1.111111e+002
*          3.200000e+002                
GRID*               3624               6   1.140000e+002   9.333334e+001
*          3.200000e+002                
GRID*               3625               6   1.140000e+002   7.555556e+001
*          3.200000e+002                
GRID*               3626               6   1.140000e+002   5.777778e+001
*          3.200000e+002                
GRID*               3627               6   7.200000e+001   2.600000e+001
*          3.800000e+002                
GRID*               3628               6   7.900000e+001   2.450000e+001
*          3.600000e+002                
GRID*               3629               6   8.600000e+001   2.300000e+001
*          3.400000e+002                
GRID*               3630               6   9.300000e+001   2.150000e+001
*          3.200000e+002                
GRID*               3631               6   2.960000e+001   1.200000e+001
*          3.800000e+002                
GRID*               3632               6   1.120000e+001   1.200000e+001
*          3.800000e+002                
GRID*               3633               6  -7.200000e+000   1.200000e+001
*          3.800000e+002                
GRID*               3634               6  -2.560000e+001   1.200000e+001
*          3.800000e+002                
GRID*               3635               6   3.620000e+001   9.000000e+000
*          3.600000e+002                
GRID*               3636               6   1.640000e+001   9.000000e+000
*          3.600000e+002                
GRID*               3637               6  -3.400000e+000   9.000000e+000
*          3.600000e+002                
GRID*               3638               6  -2.320000e+001   9.000000e+000
*          3.600000e+002                
GRID*               3639               6   4.280000e+001   6.000000e+000
*          3.400000e+002                
GRID*               3640               6   2.160000e+001   6.000000e+000
*          3.400000e+002                
GRID*               3641               6   4.000000e-001   6.000000e+000
*          3.400000e+002                
GRID*               3642               6  -2.080000e+001   6.000000e+000
*          3.400000e+002                
GRID*               3643               6   4.940000e+001   3.000000e+000
*          3.200000e+002                
GRID*               3644               6   2.680000e+001   3.000000e+000
*          3.200000e+002                
GRID*               3645               6   4.200000e+000   3.000000e+000
*          3.200000e+002                
GRID*               3646               6  -1.840000e+001   3.000000e+000
*          3.200000e+002                
GRID*               3647               6  -5.800000e+001   2.600000e+001
*          3.800000e+002                
GRID*               3648               6  -5.850000e+001   2.450000e+001
*          3.600000e+002                
GRID*               3649               6  -5.900000e+001   2.300000e+001
*          3.400000e+002                
GRID*               3650               6  -5.950000e+001   2.150000e+001
*          3.200000e+002                
GRID*               3651               6  -7.200000e+001   5.777778e+001
*          3.800000e+002                
GRID*               3652               6  -7.200000e+001   7.555556e+001
*          3.800000e+002                
GRID*               3653               6  -7.200000e+001   9.333334e+001
*          3.800000e+002                
GRID*               3654               6  -7.200000e+001   1.111111e+002
*          3.800000e+002                
GRID*               3655               6  -7.200000e+001   1.288889e+002
*          3.800000e+002                
GRID*               3656               6  -7.200000e+001   1.466667e+002
*          3.800000e+002                
GRID*               3657               6  -7.200000e+001   1.644444e+002
*          3.800000e+002                
GRID*               3658               6  -7.200000e+001   1.822222e+002
*          3.800000e+002                
GRID*               3659               6  -7.400000e+001   5.777778e+001
*          3.600000e+002                
GRID*               3660               6  -7.400000e+001   7.555556e+001
*          3.600000e+002                
GRID*               3661               6  -7.400000e+001   9.333334e+001
*          3.600000e+002                
GRID*               3662               6  -7.400000e+001   1.111111e+002
*          3.600000e+002                
GRID*               3663               6  -7.400000e+001   1.288889e+002
*          3.600000e+002                
GRID*               3664               6  -7.400000e+001   1.466667e+002
*          3.600000e+002                
GRID*               3665               6  -7.400000e+001   1.644444e+002
*          3.600000e+002                
GRID*               3666               6  -7.400000e+001   1.822222e+002
*          3.600000e+002                
GRID*               3667               6  -7.600000e+001   5.777778e+001
*          3.400000e+002                
GRID*               3668               6  -7.600000e+001   7.555556e+001
*          3.400000e+002                
GRID*               3669               6  -7.600000e+001   9.333334e+001
*          3.400000e+002                
GRID*               3670               6  -7.600000e+001   1.111111e+002
*          3.400000e+002                
GRID*               3671               6  -7.600000e+001   1.288889e+002
*          3.400000e+002                
GRID*               3672               6  -7.600000e+001   1.466667e+002
*          3.400000e+002                
GRID*               3673               6  -7.600000e+001   1.644444e+002
*          3.400000e+002                
GRID*               3674               6  -7.600000e+001   1.822222e+002
*          3.400000e+002                
GRID*               3675               6  -7.800000e+001   5.777778e+001
*          3.200000e+002                
GRID*               3676               6  -7.800000e+001   7.555556e+001
*          3.200000e+002                
GRID*               3677               6  -7.800000e+001   9.333334e+001
*          3.200000e+002                
GRID*               3678               6  -7.800000e+001   1.111111e+002
*          3.200000e+002                
GRID*               3679               6  -7.800000e+001   1.288889e+002
*          3.200000e+002                
GRID*               3680               6  -7.800000e+001   1.466667e+002
*          3.200000e+002                
GRID*               3681               6  -7.800000e+001   1.644444e+002
*          3.200000e+002                
GRID*               3682               6  -7.800000e+001   1.822222e+002
*          3.200000e+002                
GRID*               3683               6  -5.600000e+001   2.160000e+002
*          3.800000e+002                
GRID*               3684               6  -5.700000e+001   2.170000e+002
*          3.600000e+002                
GRID*               3685               6  -5.800000e+001   2.180000e+002
*          3.400000e+002                
GRID*               3686               6  -5.900000e+001   2.190000e+002
*          3.200000e+002                
GRID*               3687               6  -2.240000e+001   2.320000e+002
*          3.800000e+002                
GRID*               3688               6  -4.800000e+000   2.320000e+002
*          3.800000e+002                
GRID*               3689               6   1.280000e+001   2.320000e+002
*          3.800000e+002                
GRID*               3690               6   3.040000e+001   2.320000e+002
*          3.800000e+002                
GRID*               3691               6  -2.080000e+001   2.340000e+002
*          3.600000e+002                
GRID*               3692               6  -1.600000e+000   2.340000e+002
*          3.600000e+002                
GRID*               3693               6   1.760000e+001   2.340000e+002
*          3.600000e+002                
GRID*               3694               6   3.680000e+001   2.340000e+002
*          3.600000e+002                
GRID*               3695               6  -1.920000e+001   2.360000e+002
*          3.400000e+002                
GRID*               3696               6   1.600000e+000   2.360000e+002
*          3.400000e+002                
GRID*               3697               6   2.240000e+001   2.360000e+002
*          3.400000e+002                
GRID*               3698               6   4.320000e+001   2.360000e+002
*          3.400000e+002                
GRID*               3699               6  -1.760000e+001   2.380000e+002
*          3.200000e+002                
GRID*               3700               6   4.800000e+000   2.380000e+002
*          3.200000e+002                
GRID*               3701               6   2.720000e+001   2.380000e+002
*          3.200000e+002                
GRID*               3702               6   4.960000e+001   2.380000e+002
*          3.200000e+002                
GRID*               3703               6   1.000000e+002   2.200000e+002
*          1.900000e+002                
GRID*               3704               6   1.000000e+002   2.200000e+002
*          1.700000e+002                
GRID*               3705               6   1.200000e+002   1.822222e+002
*          1.900000e+002                
GRID*               3706               6   1.200000e+002   1.644444e+002
*          1.900000e+002                
GRID*               3707               6   1.200000e+002   1.466667e+002
*          1.900000e+002                
GRID*               3708               6   1.200000e+002   1.288889e+002
*          1.900000e+002                
GRID*               3709               6   1.200000e+002   1.111111e+002
*          1.900000e+002                
GRID*               3710               6   1.200000e+002   9.333334e+001
*          1.900000e+002                
GRID*               3711               6   1.200000e+002   7.555556e+001
*          1.900000e+002                
GRID*               3712               6   1.200000e+002   5.777778e+001
*          1.900000e+002                
GRID*               3713               6   1.200000e+002   1.822222e+002
*          1.700000e+002                
GRID*               3714               6   1.200000e+002   1.644444e+002
*          1.700000e+002                
GRID*               3715               6   1.200000e+002   1.466667e+002
*          1.700000e+002                
GRID*               3716               6   1.200000e+002   1.288889e+002
*          1.700000e+002                
GRID*               3717               6   1.200000e+002   1.111111e+002
*          1.700000e+002                
GRID*               3718               6   1.200000e+002   9.333334e+001
*          1.700000e+002                
GRID*               3719               6   1.200000e+002   7.555556e+001
*          1.700000e+002                
GRID*               3720               6   1.200000e+002   5.777778e+001
*          1.700000e+002                
GRID*               3721               6   1.000000e+002   2.000000e+001
*          1.900000e+002                
GRID*               3722               6   1.000000e+002   2.000000e+001
*          1.700000e+002                
GRID*               3723               6   5.600000e+001   0.000000e+000
*          1.900000e+002                
GRID*               3724               6   3.200000e+001   0.000000e+000
*          1.900000e+002                
GRID*               3725               6   8.000000e+000   0.000000e+000
*          1.900000e+002                
GRID*               3726               6  -1.600000e+001   0.000000e+000
*          1.900000e+002                
GRID*               3727               6   5.600000e+001   0.000000e+000
*          1.700000e+002                
GRID*               3728               6   3.200000e+001   0.000000e+000
*          1.700000e+002                
GRID*               3729               6   8.000000e+000   0.000000e+000
*          1.700000e+002                
GRID*               3730               6  -1.600000e+001   0.000000e+000
*          1.700000e+002                
GRID*               3731               6  -3.261198e+001  -7.825058e+000
*          0.000000e+000                
GRID*               3732               6  -2.583183e+001  -1.314410e+001
*          0.000000e+000                
GRID*               3733               6  -1.079434e+001  -1.050113e+001
*          0.000000e+000                
GRID*               3734               6   9.342884e+000  -9.844169e+000
*          0.000000e+000                
GRID*               3735               6   3.080537e+001  -1.113989e+001
*          0.000000e+000                
GRID*               3736               6   8.749807e+001  -5.110065e+000
*          0.000000e+000                
GRID*               3737               6   9.722200e+001   3.242841e+000
*          0.000000e+000                
GRID*               3738               6   1.069139e+002   1.147609e+001
*          0.000000e+000                
$
$ -----|-------|-------|-------|-------|-------|-------|-------|-------|
$ 3D shell elements
$ -----|-------|-------|-------|-------|-------|-------|-------|-------|
$
$ PSHELL created from shell section
$        elset = PART-1-COPY-1_SET-1
$     material = MATERIAL-1
PSHELL*                1               1   1.000000e+000               1
*                                                                       
$
CQUAD4*                1               1               1             115
*                    615             120                                
CQUAD4*                2               1             115               2
*                    116             615                                
CQUAD4*                3               1             120             615
*                    616             119                                
CQUAD4*                4               1             615             116
*                    117             616                                
CQUAD4*                5               1             119             616
*                    118               4                                
CQUAD4*                6               1             616             117
*                      3             118                                
CQUAD4*                7               1               2             121
*                    617             116                                
CQUAD4*                8               1             121             122
*                    618             617                                
CQUAD4*                9               1             122             123
*                    619             618                                
CQUAD4*               10               1             123             124
*                    620             619                                
CQUAD4*               11               1             124             125
*                    621             620                                
CQUAD4*               12               1             125             126
*                    622             621                                
CQUAD4*               13               1             126             127
*                    623             622                                
CQUAD4*               14               1             127             128
*                    624             623                                
CQUAD4*               15               1             128               5
*                    129             624                                
CQUAD4*               16               1             116             617
*                    625             117                                
CQUAD4*               17               1             617             618
*                    626             625                                
CQUAD4*               18               1             618             619
*                    627             626                                
CQUAD4*               19               1             619             620
*                    628             627                                
CQUAD4*               20               1             620             621
*                    629             628                                
CQUAD4*               21               1             621             622
*                    630             629                                
CQUAD4*               22               1             622             623
*                    631             630                                
CQUAD4*               23               1             623             624
*                    632             631                                
CQUAD4*               24               1             624             129
*                    130             632                                
CQUAD4*               25               1             117             625
*                    138               3                                
CQUAD4*               26               1             625             626
*                    137             138                                
CQUAD4*               27               1             626             627
*                    136             137                                
CQUAD4*               28               1             627             628
*                    135             136                                
CQUAD4*               29               1             628             629
*                    134             135                                
CQUAD4*               30               1             629             630
*                    133             134                                
CQUAD4*               31               1             630             631
*                    132             133                                
CQUAD4*               32               1             631             632
*                    131             132                                
CQUAD4*               33               1             632             130
*                      6             131                                
CQUAD4*               34               1               5             139
*                    633             129                                
CQUAD4*               35               1             139               7
*                    140             633                                
CQUAD4*               36               1             129             633
*                    634             130                                
CQUAD4*               37               1             633             140
*                    141             634                                
CQUAD4*               38               1             130             634
*                    142               6                                
CQUAD4*               39               1             634             141
*                      8             142                                
CQUAD4*               40               1               9              10
*                    143             146                                
CQUAD4*               41               1             146             143
*                    144             145                                
CQUAD4*               42               1             145             144
*                     11              12                                
CQUAD4*               43               1              10             147
*                    635             143                                
CQUAD4*               44               1             147             148
*                    636             635                                
CQUAD4*               45               1             148             149
*                    637             636                                
CQUAD4*               46               1             149             150
*                    638             637                                
CQUAD4*               47               1             150             151
*                    639             638                                
CQUAD4*               48               1             151             152
*                    640             639                                
CQUAD4*               49               1             152             153
*                    641             640                                
CQUAD4*               50               1             153             154
*                    642             641                                
CQUAD4*               51               1             154              13
*                    155             642                                
CQUAD4*               52               1             143             635
*                    643             144                                
CQUAD4*               53               1             635             636
*                    644             643                                
CQUAD4*               54               1             636             637
*                    645             644                                
CQUAD4*               55               1             637             638
*                    646             645                                
CQUAD4*               56               1             638             639
*                    647             646                                
CQUAD4*               57               1             639             640
*                    648             647                                
CQUAD4*               58               1             640             641
*                    649             648                                
CQUAD4*               59               1             641             642
*                    650             649                                
CQUAD4*               60               1             642             155
*                    156             650                                
CQUAD4*               61               1             144             643
*                    164              11                                
CQUAD4*               62               1             643             644
*                    163             164                                
CQUAD4*               63               1             644             645
*                    162             163                                
CQUAD4*               64               1             645             646
*                    161             162                                
CQUAD4*               65               1             646             647
*                    160             161                                
CQUAD4*               66               1             647             648
*                    159             160                                
CQUAD4*               67               1             648             649
*                    158             159                                
CQUAD4*               68               1             649             650
*                    157             158                                
CQUAD4*               69               1             650             156
*                     14             157                                
CQUAD4*               70               1              13              15
*                    165             155                                
CQUAD4*               71               1             155             165
*                    166             156                                
CQUAD4*               72               1             156             166
*                     16              14                                
CQUAD4*               73               1              17             167
*                    182              20                                
CQUAD4*               74               1             167             168
*                    181             182                                
CQUAD4*               75               1             168             169
*                    180             181                                
CQUAD4*               76               1             169             170
*                    179             180                                
CQUAD4*               77               1             170             171
*                    178             179                                
CQUAD4*               78               1             171             172
*                    177             178                                
CQUAD4*               79               1             172             173
*                    176             177                                
CQUAD4*               80               1             173             174
*                    175             176                                
CQUAD4*               81               1             174              18
*                     19             175                                
CQUAD4*               82               1              21             183
*                    198              24                                
CQUAD4*               83               1             183             184
*                    197             198                                
CQUAD4*               84               1             184             185
*                    196             197                                
CQUAD4*               85               1             185             186
*                    195             196                                
CQUAD4*               86               1             186             187
*                    194             195                                
CQUAD4*               87               1             187             188
*                    193             194                                
CQUAD4*               88               1             188             189
*                    192             193                                
CQUAD4*               89               1             189             190
*                    191             192                                
CQUAD4*               90               1             190              22
*                     23             191                                
CQUAD4*               91               1              18             174
*                    206              26                                
CQUAD4*               92               1             174             173
*                    205             206                                
CQUAD4*               93               1             173             172
*                    204             205                                
CQUAD4*               94               1             172             171
*                    203             204                                
CQUAD4*               95               1             171             170
*                    202             203                                
CQUAD4*               96               1             170             169
*                    201             202                                
CQUAD4*               97               1             169             168
*                    200             201                                
CQUAD4*               98               1             168             167
*                    199             200                                
CQUAD4*               99               1             167              17
*                     25             199                                
CQUAD4*              100               1              22             190
*                    214              28                                
CQUAD4*              101               1             190             189
*                    213             214                                
CQUAD4*              102               1             189             188
*                    212             213                                
CQUAD4*              103               1             188             187
*                    211             212                                
CQUAD4*              104               1             187             186
*                    210             211                                
CQUAD4*              105               1             186             185
*                    209             210                                
CQUAD4*              106               1             185             184
*                    208             209                                
CQUAD4*              107               1             184             183
*                    207             208                                
CQUAD4*              108               1             183              21
*                     27             207                                
CQUAD4*              109               1              19             175
*                    222              30                                
CQUAD4*              110               1             175             176
*                    221             222                                
CQUAD4*              111               1             176             177
*                    220             221                                
CQUAD4*              112               1             177             178
*                    219             220                                
CQUAD4*              113               1             178             179
*                    218             219                                
CQUAD4*              114               1             179             180
*                    217             218                                
CQUAD4*              115               1             180             181
*                    216             217                                
CQUAD4*              116               1             181             182
*                    215             216                                
CQUAD4*              117               1             182              20
*                     29             215                                
CQUAD4*              118               1              23             191
*                    230              32                                
CQUAD4*              119               1             191             192
*                    229             230                                
CQUAD4*              120               1             192             193
*                    228             229                                
CQUAD4*              121               1             193             194
*                    227             228                                
CQUAD4*              122               1             194             195
*                    226             227                                
CQUAD4*              123               1             195             196
*                    225             226                                
CQUAD4*              124               1             196             197
*                    224             225                                
CQUAD4*              125               1             197             198
*                    223             224                                
CQUAD4*              126               1             198              24
*                     31             223                                
CQUAD4*              127               1              33             231
*                    246              36                                
CQUAD4*              128               1             231             232
*                    245             246                                
CQUAD4*              129               1             232             233
*                    244             245                                
CQUAD4*              130               1             233             234
*                    243             244                                
CQUAD4*              131               1             234             235
*                    242             243                                
CQUAD4*              132               1             235             236
*                    241             242                                
CQUAD4*              133               1             236             237
*                    240             241                                
CQUAD4*              134               1             237             238
*                    239             240                                
CQUAD4*              135               1             238              34
*                     35             239                                
CQUAD4*              136               1              34             238
*                    254              38                                
CQUAD4*              137               1             238             237
*                    253             254                                
CQUAD4*              138               1             237             236
*                    252             253                                
CQUAD4*              139               1             236             235
*                    251             252                                
CQUAD4*              140               1             235             234
*                    250             251                                
CQUAD4*              141               1             234             233
*                    249             250                                
CQUAD4*              142               1             233             232
*                    248             249                                
CQUAD4*              143               1             232             231
*                    247             248                                
CQUAD4*              144               1             231              33
*                     37             247                                
CQUAD4*              145               1              36             246
*                    651             264                                
CQUAD4*              146               1             246             245
*                    652             651                                
CQUAD4*              147               1             245             244
*                    653             652                                
CQUAD4*              148               1             244             243
*                    654             653                                
CQUAD4*              149               1             243             242
*                    655             654                                
CQUAD4*              150               1             242             241
*                    656             655                                
CQUAD4*              151               1             241             240
*                    657             656                                
CQUAD4*              152               1             240             239
*                    658             657                                
CQUAD4*              153               1             239              35
*                    255             658                                
CQUAD4*              154               1             264             651
*                    263              40                                
CQUAD4*              155               1             651             652
*                    262             263                                
CQUAD4*              156               1             652             653
*                    261             262                                
CQUAD4*              157               1             653             654
*                    260             261                                
CQUAD4*              158               1             654             655
*                    259             260                                
CQUAD4*              159               1             655             656
*                    258             259                                
CQUAD4*              160               1             656             657
*                    257             258                                
CQUAD4*              161               1             657             658
*                    256             257                                
CQUAD4*              162               1             658             255
*                     39             256                                
CQUAD4*              163               1              35              34
*                     41              42                                
CQUAD4*              164               1              23              22
*                     43              44                                
CQUAD4*              165               1              19              18
*                     45              46                                
CQUAD4*              166               1              47             265
*                    280              50                                
CQUAD4*              167               1             265             266
*                    279             280                                
CQUAD4*              168               1             266             267
*                    278             279                                
CQUAD4*              169               1             267             268
*                    277             278                                
CQUAD4*              170               1             268             269
*                    276             277                                
CQUAD4*              171               1             269             270
*                    275             276                                
CQUAD4*              172               1             270             271
*                    274             275                                
CQUAD4*              173               1             271             272
*                    273             274                                
CQUAD4*              174               1             272              48
*                     49             273                                
CQUAD4*              175               1              51             281
*                    296              54                                
CQUAD4*              176               1             281             282
*                    295             296                                
CQUAD4*              177               1             282             283
*                    294             295                                
CQUAD4*              178               1             283             284
*                    293             294                                
CQUAD4*              179               1             284             285
*                    292             293                                
CQUAD4*              180               1             285             286
*                    291             292                                
CQUAD4*              181               1             286             287
*                    290             291                                
CQUAD4*              182               1             287             288
*                    289             290                                
CQUAD4*              183               1             288              52
*                     53             289                                
CQUAD4*              184               1              52             288
*                    304              56                                
CQUAD4*              185               1             288             287
*                    303             304                                
CQUAD4*              186               1             287             286
*                    302             303                                
CQUAD4*              187               1             286             285
*                    301             302                                
CQUAD4*              188               1             285             284
*                    300             301                                
CQUAD4*              189               1             284             283
*                    299             300                                
CQUAD4*              190               1             283             282
*                    298             299                                
CQUAD4*              191               1             282             281
*                    297             298                                
CQUAD4*              192               1             281              51
*                     55             297                                
CQUAD4*              193               1              48             272
*                    312              58                                
CQUAD4*              194               1             272             271
*                    311             312                                
CQUAD4*              195               1             271             270
*                    310             311                                
CQUAD4*              196               1             270             269
*                    309             310                                
CQUAD4*              197               1             269             268
*                    308             309                                
CQUAD4*              198               1             268             267
*                    307             308                                
CQUAD4*              199               1             267             266
*                    306             307                                
CQUAD4*              200               1             266             265
*                    305             306                                
CQUAD4*              201               1             265              47
*                     57             305                                
CQUAD4*              202               1              49             273
*                    320              60                                
CQUAD4*              203               1             273             274
*                    319             320                                
CQUAD4*              204               1             274             275
*                    318             319                                
CQUAD4*              205               1             275             276
*                    317             318                                
CQUAD4*              206               1             276             277
*                    316             317                                
CQUAD4*              207               1             277             278
*                    315             316                                
CQUAD4*              208               1             278             279
*                    314             315                                
CQUAD4*              209               1             279             280
*                    313             314                                
CQUAD4*              210               1             280              50
*                     59             313                                
CQUAD4*              211               1              61             321
*                    336              64                                
CQUAD4*              212               1             321             322
*                    335             336                                
CQUAD4*              213               1             322             323
*                    334             335                                
CQUAD4*              214               1             323             324
*                    333             334                                
CQUAD4*              215               1             324             325
*                    332             333                                
CQUAD4*              216               1             325             326
*                    331             332                                
CQUAD4*              217               1             326             327
*                    330             331                                
CQUAD4*              218               1             327             328
*                    329             330                                
CQUAD4*              219               1             328              62
*                     63             329                                
CQUAD4*              220               1              62             328
*                    344              66                                
CQUAD4*              221               1             328             327
*                    343             344                                
CQUAD4*              222               1             327             326
*                    342             343                                
CQUAD4*              223               1             326             325
*                    341             342                                
CQUAD4*              224               1             325             324
*                    340             341                                
CQUAD4*              225               1             324             323
*                    339             340                                
CQUAD4*              226               1             323             322
*                    338             339                                
CQUAD4*              227               1             322             321
*                    337             338                                
CQUAD4*              228               1             321              61
*                     65             337                                
CQUAD4*              229               1              63             329
*                    352              68                                
CQUAD4*              230               1             329             330
*                    351             352                                
CQUAD4*              231               1             330             331
*                    350             351                                
CQUAD4*              232               1             331             332
*                    349             350                                
CQUAD4*              233               1             332             333
*                    348             349                                
CQUAD4*              234               1             333             334
*                    347             348                                
CQUAD4*              235               1             334             335
*                    346             347                                
CQUAD4*              236               1             335             336
*                    345             346                                
CQUAD4*              237               1             336              64
*                     67             345                                
CQUAD4*              238               1              54             296
*                    659             362                                
CQUAD4*              239               1             296             295
*                    660             659                                
CQUAD4*              240               1             295             294
*                    661             660                                
CQUAD4*              241               1             294             293
*                    662             661                                
CQUAD4*              242               1             293             292
*                    663             662                                
CQUAD4*              243               1             292             291
*                    664             663                                
CQUAD4*              244               1             291             290
*                    665             664                                
CQUAD4*              245               1             290             289
*                    666             665                                
CQUAD4*              246               1             289              53
*                    353             666                                
CQUAD4*              247               1             362             659
*                    361              70                                
CQUAD4*              248               1             659             660
*                    360             361                                
CQUAD4*              249               1             660             661
*                    359             360                                
CQUAD4*              250               1             661             662
*                    358             359                                
CQUAD4*              251               1             662             663
*                    357             358                                
CQUAD4*              252               1             663             664
*                    356             357                                
CQUAD4*              253               1             664             665
*                    355             356                                
CQUAD4*              254               1             665             666
*                    354             355                                
CQUAD4*              255               1             666             353
*                     69             354                                
CQUAD4*              256               1              53              52
*                     71              72                                
CQUAD4*              257               1              49              48
*                     73              74                                
CQUAD4*              258               1              63              62
*                     75              76                                
CQUAD4*              259               1              77              54
*                    667             366                                
CQUAD4*              260               1              54             362
*                    668             667                                
CQUAD4*              261               1             362              70
*                    363             668                                
CQUAD4*              262               1             366             667
*                    365              79                                
CQUAD4*              263               1             667             668
*                    364             365                                
CQUAD4*              264               1             668             363
*                     78             364                                
CQUAD4*              265               1              51              54
*                     77              80                                
CQUAD4*              266               1              81              50
*                    669             370                                
CQUAD4*              267               1              50              59
*                    367             669                                
CQUAD4*              268               1             370             669
*                    670             369                                
CQUAD4*              269               1             669             367
*                    368             670                                
CQUAD4*              270               1             369             670
*                     51              80                                
CQUAD4*              271               1             670             368
*                     55              51                                
CQUAD4*              272               1              47              50
*                     81              82                                
CQUAD4*              273               1              83             371
*                    671              61                                
CQUAD4*              274               1             371             372
*                    672             671                                
CQUAD4*              275               1             372             373
*                    673             672                                
CQUAD4*              276               1             373              84
*                    374             673                                
CQUAD4*              277               1              61             671
*                    377              65                                
CQUAD4*              278               1             671             672
*                    376             377                                
CQUAD4*              279               1             672             673
*                    375             376                                
CQUAD4*              280               1             673             374
*                     85             375                                
CQUAD4*              281               1              86              64
*                    674             381                                
CQUAD4*              282               1              64              67
*                    378             674                                
CQUAD4*              283               1             381             674
*                    675             380                                
CQUAD4*              284               1             674             378
*                    379             675                                
CQUAD4*              285               1             380             675
*                     47              82                                
CQUAD4*              286               1             675             379
*                     57              47                                
CQUAD4*              287               1              42             382
*                    676             390                                
CQUAD4*              288               1             382             383
*                    677             676                                
CQUAD4*              289               1             383             384
*                    678             677                                
CQUAD4*              290               1             384             385
*                    679             678                                
CQUAD4*              291               1             385              77
*                    366             679                                
CQUAD4*              292               1             390             676
*                    389              87                                
CQUAD4*              293               1             676             677
*                    388             389                                
CQUAD4*              294               1             677             678
*                    387             388                                
CQUAD4*              295               1             678             679
*                    386             387                                
CQUAD4*              296               1             679             366
*                     79             386                                
CQUAD4*              297               1              77             385
*                    394              80                                
CQUAD4*              298               1             385             384
*                    393             394                                
CQUAD4*              299               1             384             383
*                    392             393                                
CQUAD4*              300               1             383             382
*                    391             392                                
CQUAD4*              301               1             382              42
*                     41             391                                
CQUAD4*              302               1              44             395
*                    680             400                                
CQUAD4*              303               1             395             396
*                    681             680                                
CQUAD4*              304               1             396             397
*                    682             681                                
CQUAD4*              305               1             397             398
*                    683             682                                
CQUAD4*              306               1             398              81
*                    370             683                                
CQUAD4*              307               1             400             680
*                    684             399                                
CQUAD4*              308               1             680             681
*                    685             684                                
CQUAD4*              309               1             681             682
*                    686             685                                
CQUAD4*              310               1             682             683
*                    687             686                                
CQUAD4*              311               1             683             370
*                    369             687                                
CQUAD4*              312               1             399             684
*                    391              41                                
CQUAD4*              313               1             684             685
*                    392             391                                
CQUAD4*              314               1             685             686
*                    393             392                                
CQUAD4*              315               1             686             687
*                    394             393                                
CQUAD4*              316               1             687             369
*                     80             394                                
CQUAD4*              317               1              83             401
*                    688             371                                
CQUAD4*              318               1             401             402
*                    689             688                                
CQUAD4*              319               1             402             403
*                    690             689                                
CQUAD4*              320               1             403             404
*                    691             690                                
CQUAD4*              321               1             404              45
*                    405             691                                
CQUAD4*              322               1             371             688
*                    692             372                                
CQUAD4*              323               1             688             689
*                    693             692                                
CQUAD4*              324               1             689             690
*                    694             693                                
CQUAD4*              325               1             690             691
*                    695             694                                
CQUAD4*              326               1             691             405
*                    406             695                                
CQUAD4*              327               1             372             692
*                    696             373                                
CQUAD4*              328               1             692             693
*                    697             696                                
CQUAD4*              329               1             693             694
*                    698             697                                
CQUAD4*              330               1             694             695
*                    699             698                                
CQUAD4*              331               1             695             406
*                    407             699                                
CQUAD4*              332               1             373             696
*                    411              84                                
CQUAD4*              333               1             696             697
*                    410             411                                
CQUAD4*              334               1             697             698
*                    409             410                                
CQUAD4*              335               1             698             699
*                    408             409                                
CQUAD4*              336               1             699             407
*                     88             408                                
CQUAD4*              337               1              81             398
*                    415              82                                
CQUAD4*              338               1             398             397
*                    414             415                                
CQUAD4*              339               1             397             396
*                    413             414                                
CQUAD4*              340               1             396             395
*                    412             413                                
CQUAD4*              341               1             395              44
*                     43             412                                
CQUAD4*              342               1              86             416
*                    401              83                                
CQUAD4*              343               1             416             417
*                    402             401                                
CQUAD4*              344               1             417             418
*                    403             402                                
CQUAD4*              345               1             418             419
*                    404             403                                
CQUAD4*              346               1             419              46
*                     45             404                                
CQUAD4*              347               1              70             361
*                    700             363                                
CQUAD4*              348               1             361             360
*                    701             700                                
CQUAD4*              349               1             360             359
*                    702             701                                
CQUAD4*              350               1             359             358
*                    703             702                                
CQUAD4*              351               1             358             357
*                    704             703                                
CQUAD4*              352               1             357             356
*                    705             704                                
CQUAD4*              353               1             356             355
*                    706             705                                
CQUAD4*              354               1             355             354
*                    707             706                                
CQUAD4*              355               1             354              69
*                    420             707                                
CQUAD4*              356               1             363             700
*                    428              78                                
CQUAD4*              357               1             700             701
*                    427             428                                
CQUAD4*              358               1             701             702
*                    426             427                                
CQUAD4*              359               1             702             703
*                    425             426                                
CQUAD4*              360               1             703             704
*                    424             425                                
CQUAD4*              361               1             704             705
*                    423             424                                
CQUAD4*              362               1             705             706
*                    422             423                                
CQUAD4*              363               1             706             707
*                    421             422                                
CQUAD4*              364               1             707             420
*                     89             421                                
CQUAD4*              365               1              59             313
*                    708             367                                
CQUAD4*              366               1             313             314
*                    709             708                                
CQUAD4*              367               1             314             315
*                    710             709                                
CQUAD4*              368               1             315             316
*                    711             710                                
CQUAD4*              369               1             316             317
*                    712             711                                
CQUAD4*              370               1             317             318
*                    713             712                                
CQUAD4*              371               1             318             319
*                    714             713                                
CQUAD4*              372               1             319             320
*                    715             714                                
CQUAD4*              373               1             320              60
*                    429             715                                
CQUAD4*              374               1             367             708
*                    716             368                                
CQUAD4*              375               1             708             709
*                    717             716                                
CQUAD4*              376               1             709             710
*                    718             717                                
CQUAD4*              377               1             710             711
*                    719             718                                
CQUAD4*              378               1             711             712
*                    720             719                                
CQUAD4*              379               1             712             713
*                    721             720                                
CQUAD4*              380               1             713             714
*                    722             721                                
CQUAD4*              381               1             714             715
*                    723             722                                
CQUAD4*              382               1             715             429
*                    430             723                                
CQUAD4*              383               1             368             716
*                    297              55                                
CQUAD4*              384               1             716             717
*                    298             297                                
CQUAD4*              385               1             717             718
*                    299             298                                
CQUAD4*              386               1             718             719
*                    300             299                                
CQUAD4*              387               1             719             720
*                    301             300                                
CQUAD4*              388               1             720             721
*                    302             301                                
CQUAD4*              389               1             721             722
*                    303             302                                
CQUAD4*              390               1             722             723
*                    304             303                                
CQUAD4*              391               1             723             430
*                     56             304                                
CQUAD4*              392               1              66             344
*                    724             441                                
CQUAD4*              393               1             344             343
*                    725             724                                
CQUAD4*              394               1             343             342
*                    726             725                                
CQUAD4*              395               1             342             341
*                    727             726                                
CQUAD4*              396               1             341             340
*                    728             727                                
CQUAD4*              397               1             340             339
*                    729             728                                
CQUAD4*              398               1             339             338
*                    730             729                                
CQUAD4*              399               1             338             337
*                    731             730                                
CQUAD4*              400               1             337              65
*                    377             731                                
CQUAD4*              401               1             441             724
*                    732             440                                
CQUAD4*              402               1             724             725
*                    733             732                                
CQUAD4*              403               1             725             726
*                    734             733                                
CQUAD4*              404               1             726             727
*                    735             734                                
CQUAD4*              405               1             727             728
*                    736             735                                
CQUAD4*              406               1             728             729
*                    737             736                                
CQUAD4*              407               1             729             730
*                    738             737                                
CQUAD4*              408               1             730             731
*                    739             738                                
CQUAD4*              409               1             731             377
*                    376             739                                
CQUAD4*              410               1             440             732
*                    740             439                                
CQUAD4*              411               1             732             733
*                    741             740                                
CQUAD4*              412               1             733             734
*                    742             741                                
CQUAD4*              413               1             734             735
*                    743             742                                
CQUAD4*              414               1             735             736
*                    744             743                                
CQUAD4*              415               1             736             737
*                    745             744                                
CQUAD4*              416               1             737             738
*                    746             745                                
CQUAD4*              417               1             738             739
*                    747             746                                
CQUAD4*              418               1             739             376
*                    375             747                                
CQUAD4*              419               1             439             740
*                    438              90                                
CQUAD4*              420               1             740             741
*                    437             438                                
CQUAD4*              421               1             741             742
*                    436             437                                
CQUAD4*              422               1             742             743
*                    435             436                                
CQUAD4*              423               1             743             744
*                    434             435                                
CQUAD4*              424               1             744             745
*                    433             434                                
CQUAD4*              425               1             745             746
*                    432             433                                
CQUAD4*              426               1             746             747
*                    431             432                                
CQUAD4*              427               1             747             375
*                     85             431                                
CQUAD4*              428               1              67             345
*                    748             378                                
CQUAD4*              429               1             345             346
*                    749             748                                
CQUAD4*              430               1             346             347
*                    750             749                                
CQUAD4*              431               1             347             348
*                    751             750                                
CQUAD4*              432               1             348             349
*                    752             751                                
CQUAD4*              433               1             349             350
*                    753             752                                
CQUAD4*              434               1             350             351
*                    754             753                                
CQUAD4*              435               1             351             352
*                    755             754                                
CQUAD4*              436               1             352              68
*                    442             755                                
CQUAD4*              437               1             378             748
*                    756             379                                
CQUAD4*              438               1             748             749
*                    757             756                                
CQUAD4*              439               1             749             750
*                    758             757                                
CQUAD4*              440               1             750             751
*                    759             758                                
CQUAD4*              441               1             751             752
*                    760             759                                
CQUAD4*              442               1             752             753
*                    761             760                                
CQUAD4*              443               1             753             754
*                    762             761                                
CQUAD4*              444               1             754             755
*                    763             762                                
CQUAD4*              445               1             755             442
*                    443             763                                
CQUAD4*              446               1             379             756
*                    305              57                                
CQUAD4*              447               1             756             757
*                    306             305                                
CQUAD4*              448               1             757             758
*                    307             306                                
CQUAD4*              449               1             758             759
*                    308             307                                
CQUAD4*              450               1             759             760
*                    309             308                                
CQUAD4*              451               1             760             761
*                    310             309                                
CQUAD4*              452               1             761             762
*                    311             310                                
CQUAD4*              453               1             762             763
*                    312             311                                
CQUAD4*              454               1             763             443
*                     58             312                                
CQUAD4*              455               1              39             255
*                    764             446                                
CQUAD4*              456               1             255              35
*                    765             764                                
CQUAD4*              457               1              35              42
*                    390             765                                
CQUAD4*              458               1             446             764
*                    445              91                                
CQUAD4*              459               1             764             765
*                    444             445                                
CQUAD4*              460               1             765             390
*                     87             444                                
CQUAD4*              461               1              32              23
*                    766             448                                
CQUAD4*              462               1              23              44
*                    400             766                                
CQUAD4*              463               1             448             766
*                    767             447                                
CQUAD4*              464               1             766             400
*                    399             767                                
CQUAD4*              465               1             447             767
*                     34              38                                
CQUAD4*              466               1             767             399
*                     41              34                                
CQUAD4*              467               1              26             449
*                    768              18                                
CQUAD4*              468               1             449             450
*                    769             768                                
CQUAD4*              469               1             450             451
*                    770             769                                
CQUAD4*              470               1             451              92
*                    452             770                                
CQUAD4*              471               1              18             768
*                    405              45                                
CQUAD4*              472               1             768             769
*                    406             405                                
CQUAD4*              473               1             769             770
*                    407             406                                
CQUAD4*              474               1             770             452
*                     88             407                                
CQUAD4*              475               1              69             353
*                    771             420                                
CQUAD4*              476               1             353              53
*                    772             771                                
CQUAD4*              477               1              53              72
*                    453             772                                
CQUAD4*              478               1             420             771
*                    455              89                                
CQUAD4*              479               1             771             772
*                    454             455                                
CQUAD4*              480               1             772             453
*                     93             454                                
CQUAD4*              481               1              60              49
*                    773             429                                
CQUAD4*              482               1              49              74
*                    456             773                                
CQUAD4*              483               1             429             773
*                    774             430                                
CQUAD4*              484               1             773             456
*                    457             774                                
CQUAD4*              485               1             430             774
*                     52              56                                
CQUAD4*              486               1             774             457
*                     71              52                                
CQUAD4*              487               1              66             441
*                    775              62                                
CQUAD4*              488               1             441             440
*                    776             775                                
CQUAD4*              489               1             440             439
*                    777             776                                
CQUAD4*              490               1             439              90
*                    458             777                                
CQUAD4*              491               1              62             775
*                    461              75                                
CQUAD4*              492               1             775             776
*                    460             461                                
CQUAD4*              493               1             776             777
*                    459             460                                
CQUAD4*              494               1             777             458
*                     94             459                                
CQUAD4*              495               1              68              63
*                    778             442                                
CQUAD4*              496               1              63              76
*                    462             778                                
CQUAD4*              497               1             442             778
*                    779             443                                
CQUAD4*              498               1             778             462
*                    463             779                                
CQUAD4*              499               1             443             779
*                     48              58                                
CQUAD4*              500               1             779             463
*                     73              48                                
CQUAD4*              501               1              40             263
*                    780             472                                
CQUAD4*              502               1             263             262
*                    781             780                                
CQUAD4*              503               1             262             261
*                    782             781                                
CQUAD4*              504               1             261             260
*                    783             782                                
CQUAD4*              505               1             260             259
*                    784             783                                
CQUAD4*              506               1             259             258
*                    785             784                                
CQUAD4*              507               1             258             257
*                    786             785                                
CQUAD4*              508               1             257             256
*                    787             786                                
CQUAD4*              509               1             256              39
*                    446             787                                
CQUAD4*              510               1             472             780
*                    471              95                                
CQUAD4*              511               1             780             781
*                    470             471                                
CQUAD4*              512               1             781             782
*                    469             470                                
CQUAD4*              513               1             782             783
*                    468             469                                
CQUAD4*              514               1             783             784
*                    467             468                                
CQUAD4*              515               1             784             785
*                    466             467                                
CQUAD4*              516               1             785             786
*                    465             466                                
CQUAD4*              517               1             786             787
*                    464             465                                
CQUAD4*              518               1             787             446
*                     91             464                                
CQUAD4*              519               1              31             223
*                    788             474                                
CQUAD4*              520               1             223             224
*                    789             788                                
CQUAD4*              521               1             224             225
*                    790             789                                
CQUAD4*              522               1             225             226
*                    791             790                                
CQUAD4*              523               1             226             227
*                    792             791                                
CQUAD4*              524               1             227             228
*                    793             792                                
CQUAD4*              525               1             228             229
*                    794             793                                
CQUAD4*              526               1             229             230
*                    795             794                                
CQUAD4*              527               1             230              32
*                    448             795                                
CQUAD4*              528               1             474             788
*                    796             473                                
CQUAD4*              529               1             788             789
*                    797             796                                
CQUAD4*              530               1             789             790
*                    798             797                                
CQUAD4*              531               1             790             791
*                    799             798                                
CQUAD4*              532               1             791             792
*                    800             799                                
CQUAD4*              533               1             792             793
*                    801             800                                
CQUAD4*              534               1             793             794
*                    802             801                                
CQUAD4*              535               1             794             795
*                    803             802                                
CQUAD4*              536               1             795             448
*                    447             803                                
CQUAD4*              537               1             473             796
*                    247              37                                
CQUAD4*              538               1             796             797
*                    248             247                                
CQUAD4*              539               1             797             798
*                    249             248                                
CQUAD4*              540               1             798             799
*                    250             249                                
CQUAD4*              541               1             799             800
*                    251             250                                
CQUAD4*              542               1             800             801
*                    252             251                                
CQUAD4*              543               1             801             802
*                    253             252                                
CQUAD4*              544               1             802             803
*                    254             253                                
CQUAD4*              545               1             803             447
*                     38             254                                
CQUAD4*              546               1              26             206
*                    804             449                                
CQUAD4*              547               1             206             205
*                    805             804                                
CQUAD4*              548               1             205             204
*                    806             805                                
CQUAD4*              549               1             204             203
*                    807             806                                
CQUAD4*              550               1             203             202
*                    808             807                                
CQUAD4*              551               1             202             201
*                    809             808                                
CQUAD4*              552               1             201             200
*                    810             809                                
CQUAD4*              553               1             200             199
*                    811             810                                
CQUAD4*              554               1             199              25
*                    475             811                                
CQUAD4*              555               1             449             804
*                    812             450                                
CQUAD4*              556               1             804             805
*                    813             812                                
CQUAD4*              557               1             805             806
*                    814             813                                
CQUAD4*              558               1             806             807
*                    815             814                                
CQUAD4*              559               1             807             808
*                    816             815                                
CQUAD4*              560               1             808             809
*                    817             816                                
CQUAD4*              561               1             809             810
*                    818             817                                
CQUAD4*              562               1             810             811
*                    819             818                                
CQUAD4*              563               1             811             475
*                    476             819                                
CQUAD4*              564               1             450             812
*                    820             451                                
CQUAD4*              565               1             812             813
*                    821             820                                
CQUAD4*              566               1             813             814
*                    822             821                                
CQUAD4*              567               1             814             815
*                    823             822                                
CQUAD4*              568               1             815             816
*                    824             823                                
CQUAD4*              569               1             816             817
*                    825             824                                
CQUAD4*              570               1             817             818
*                    826             825                                
CQUAD4*              571               1             818             819
*                    827             826                                
CQUAD4*              572               1             819             476
*                    477             827                                
CQUAD4*              573               1             451             820
*                    485              92                                
CQUAD4*              574               1             820             821
*                    484             485                                
CQUAD4*              575               1             821             822
*                    483             484                                
CQUAD4*              576               1             822             823
*                    482             483                                
CQUAD4*              577               1             823             824
*                    481             482                                
CQUAD4*              578               1             824             825
*                    480             481                                
CQUAD4*              579               1             825             826
*                    479             480                                
CQUAD4*              580               1             826             827
*                    478             479                                
CQUAD4*              581               1             827             477
*                     96             478                                
CQUAD4*              582               1              72             486
*                    828             453                                
CQUAD4*              583               1             486             487
*                    829             828                                
CQUAD4*              584               1             487             488
*                    830             829                                
CQUAD4*              585               1             488             489
*                    831             830                                
CQUAD4*              586               1             489              97
*                    490             831                                
CQUAD4*              587               1             453             828
*                    494              93                                
CQUAD4*              588               1             828             829
*                    493             494                                
CQUAD4*              589               1             829             830
*                    492             493                                
CQUAD4*              590               1             830             831
*                    491             492                                
CQUAD4*              591               1             831             490
*                     98             491                                
CQUAD4*              592               1              97             489
*                    498              99                                
CQUAD4*              593               1             489             488
*                    497             498                                
CQUAD4*              594               1             488             487
*                    496             497                                
CQUAD4*              595               1             487             486
*                    495             496                                
CQUAD4*              596               1             486              72
*                     71             495                                
CQUAD4*              597               1              74             499
*                    832             456                                
CQUAD4*              598               1             499             500
*                    833             832                                
CQUAD4*              599               1             500             501
*                    834             833                                
CQUAD4*              600               1             501             502
*                    835             834                                
CQUAD4*              601               1             502             100
*                    503             835                                
CQUAD4*              602               1             456             832
*                    836             457                                
CQUAD4*              603               1             832             833
*                    837             836                                
CQUAD4*              604               1             833             834
*                    838             837                                
CQUAD4*              605               1             834             835
*                    839             838                                
CQUAD4*              606               1             835             503
*                    504             839                                
CQUAD4*              607               1             457             836
*                    495              71                                
CQUAD4*              608               1             836             837
*                    496             495                                
CQUAD4*              609               1             837             838
*                    497             496                                
CQUAD4*              610               1             838             839
*                    498             497                                
CQUAD4*              611               1             839             504
*                     99             498                                
CQUAD4*              612               1             100             502
*                    508             101                                
CQUAD4*              613               1             502             501
*                    507             508                                
CQUAD4*              614               1             501             500
*                    506             507                                
CQUAD4*              615               1             500             499
*                    505             506                                
CQUAD4*              616               1             499              74
*                     73             505                                
CQUAD4*              617               1             102             509
*                    840             519                                
CQUAD4*              618               1             509             510
*                    841             840                                
CQUAD4*              619               1             510             511
*                    842             841                                
CQUAD4*              620               1             511             512
*                    843             842                                
CQUAD4*              621               1             512              75
*                    461             843                                
CQUAD4*              622               1             519             840
*                    844             518                                
CQUAD4*              623               1             840             841
*                    845             844                                
CQUAD4*              624               1             841             842
*                    846             845                                
CQUAD4*              625               1             842             843
*                    847             846                                
CQUAD4*              626               1             843             461
*                    460             847                                
CQUAD4*              627               1             518             844
*                    848             517                                
CQUAD4*              628               1             844             845
*                    849             848                                
CQUAD4*              629               1             845             846
*                    850             849                                
CQUAD4*              630               1             846             847
*                    851             850                                
CQUAD4*              631               1             847             460
*                    459             851                                
CQUAD4*              632               1             517             848
*                    516             103                                
CQUAD4*              633               1             848             849
*                    515             516                                
CQUAD4*              634               1             849             850
*                    514             515                                
CQUAD4*              635               1             850             851
*                    513             514                                
CQUAD4*              636               1             851             459
*                     94             513                                
CQUAD4*              637               1              76             520
*                    852             462                                
CQUAD4*              638               1             520             521
*                    853             852                                
CQUAD4*              639               1             521             522
*                    854             853                                
CQUAD4*              640               1             522             523
*                    855             854                                
CQUAD4*              641               1             523             104
*                    524             855                                
CQUAD4*              642               1             462             852
*                    856             463                                
CQUAD4*              643               1             852             853
*                    857             856                                
CQUAD4*              644               1             853             854
*                    858             857                                
CQUAD4*              645               1             854             855
*                    859             858                                
CQUAD4*              646               1             855             524
*                    525             859                                
CQUAD4*              647               1             463             856
*                    505              73                                
CQUAD4*              648               1             856             857
*                    506             505                                
CQUAD4*              649               1             857             858
*                    507             506                                
CQUAD4*              650               1             858             859
*                    508             507                                
CQUAD4*              651               1             859             525
*                    101             508                                
CQUAD4*              652               1              97              36
*                    860             490                                
CQUAD4*              653               1              36             264
*                    861             860                                
CQUAD4*              654               1             264              40
*                    472             861                                
CQUAD4*              655               1             490             860
*                    527              98                                
CQUAD4*              656               1             860             861
*                    526             527                                
CQUAD4*              657               1             861             472
*                     95             526                                
CQUAD4*              658               1              33              36
*                     97              99                                
CQUAD4*              659               1             100              24
*                    862             503                                
CQUAD4*              660               1              24              31
*                    474             862                                
CQUAD4*              661               1             503             862
*                    863             504                                
CQUAD4*              662               1             862             474
*                    473             863                                
CQUAD4*              663               1             504             863
*                     33              99                                
CQUAD4*              664               1             863             473
*                     37              33                                
CQUAD4*              665               1             102             519
*                    864              17                                
CQUAD4*              666               1             519             518
*                    865             864                                
CQUAD4*              667               1             518             517
*                    866             865                                
CQUAD4*              668               1             517             103
*                    528             866                                
CQUAD4*              669               1              17             864
*                    475              25                                
CQUAD4*              670               1             864             865
*                    476             475                                
CQUAD4*              671               1             865             866
*                    477             476                                
CQUAD4*              672               1             866             528
*                     96             477                                
CQUAD4*              673               1              21              24
*                    100             101                                
CQUAD4*              674               1              17              20
*                    104             102                                
CQUAD4*              675               1              11             529
*                    867              12                                
CQUAD4*              676               1             529             530
*                    868             867                                
CQUAD4*              677               1             530             531
*                    869             868                                
CQUAD4*              678               1             531             532
*                    870             869                                
CQUAD4*              679               1             532              96
*                    528             870                                
CQUAD4*              680               1              12             867
*                    536             105                                
CQUAD4*              681               1             867             868
*                    535             536                                
CQUAD4*              682               1             868             869
*                    534             535                                
CQUAD4*              683               1             869             870
*                    533             534                                
CQUAD4*              684               1             870             528
*                    103             533                                
CQUAD4*              685               1              11             164
*                    871             529                                
CQUAD4*              686               1             164             163
*                    872             871                                
CQUAD4*              687               1             163             162
*                    873             872                                
CQUAD4*              688               1             162             161
*                    874             873                                
CQUAD4*              689               1             161             160
*                    875             874                                
CQUAD4*              690               1             160             159
*                    876             875                                
CQUAD4*              691               1             159             158
*                    877             876                                
CQUAD4*              692               1             158             157
*                    878             877                                
CQUAD4*              693               1             157              14
*                    537             878                                
CQUAD4*              694               1             529             871
*                    879             530                                
CQUAD4*              695               1             871             872
*                    880             879                                
CQUAD4*              696               1             872             873
*                    881             880                                
CQUAD4*              697               1             873             874
*                    882             881                                
CQUAD4*              698               1             874             875
*                    883             882                                
CQUAD4*              699               1             875             876
*                    884             883                                
CQUAD4*              700               1             876             877
*                    885             884                                
CQUAD4*              701               1             877             878
*                    886             885                                
CQUAD4*              702               1             878             537
*                    538             886                                
CQUAD4*              703               1             530             879
*                    887             531                                
CQUAD4*              704               1             879             880
*                    888             887                                
CQUAD4*              705               1             880             881
*                    889             888                                
CQUAD4*              706               1             881             882
*                    890             889                                
CQUAD4*              707               1             882             883
*                    891             890                                
CQUAD4*              708               1             883             884
*                    892             891                                
CQUAD4*              709               1             884             885
*                    893             892                                
CQUAD4*              710               1             885             886
*                    894             893                                
CQUAD4*              711               1             886             538
*                    539             894                                
CQUAD4*              712               1             531             887
*                    895             532                                
CQUAD4*              713               1             887             888
*                    896             895                                
CQUAD4*              714               1             888             889
*                    897             896                                
CQUAD4*              715               1             889             890
*                    898             897                                
CQUAD4*              716               1             890             891
*                    899             898                                
CQUAD4*              717               1             891             892
*                    900             899                                
CQUAD4*              718               1             892             893
*                    901             900                                
CQUAD4*              719               1             893             894
*                    902             901                                
CQUAD4*              720               1             894             539
*                    540             902                                
CQUAD4*              721               1             532             895
*                    478              96                                
CQUAD4*              722               1             895             896
*                    479             478                                
CQUAD4*              723               1             896             897
*                    480             479                                
CQUAD4*              724               1             897             898
*                    481             480                                
CQUAD4*              725               1             898             899
*                    482             481                                
CQUAD4*              726               1             899             900
*                    483             482                                
CQUAD4*              727               1             900             901
*                    484             483                                
CQUAD4*              728               1             901             902
*                    485             484                                
CQUAD4*              729               1             902             540
*                     92             485                                
CQUAD4*              730               1             106             541
*                    903              16                                
CQUAD4*              731               1             541             542
*                    904             903                                
CQUAD4*              732               1             542             543
*                    905             904                                
CQUAD4*              733               1             543             544
*                    906             905                                
CQUAD4*              734               1             544              88
*                    452             906                                
CQUAD4*              735               1              16             903
*                    537              14                                
CQUAD4*              736               1             903             904
*                    538             537                                
CQUAD4*              737               1             904             905
*                    539             538                                
CQUAD4*              738               1             905             906
*                    540             539                                
CQUAD4*              739               1             906             452
*                     92             540                                
CQUAD4*              740               1             106             545
*                    907             541                                
CQUAD4*              741               1             545             546
*                    908             907                                
CQUAD4*              742               1             546             547
*                    909             908                                
CQUAD4*              743               1             547             548
*                    910             909                                
CQUAD4*              744               1             548               8
*                    549             910                                
CQUAD4*              745               1             541             907
*                    911             542                                
CQUAD4*              746               1             907             908
*                    912             911                                
CQUAD4*              747               1             908             909
*                    913             912                                
CQUAD4*              748               1             909             910
*                    914             913                                
CQUAD4*              749               1             910             549
*                    550             914                                
CQUAD4*              750               1             542             911
*                    915             543                                
CQUAD4*              751               1             911             912
*                    916             915                                
CQUAD4*              752               1             912             913
*                    917             916                                
CQUAD4*              753               1             913             914
*                    918             917                                
CQUAD4*              754               1             914             550
*                    551             918                                
CQUAD4*              755               1             543             915
*                    919             544                                
CQUAD4*              756               1             915             916
*                    920             919                                
CQUAD4*              757               1             916             917
*                    921             920                                
CQUAD4*              758               1             917             918
*                    922             921                                
CQUAD4*              759               1             918             551
*                    552             922                                
CQUAD4*              760               1             544             919
*                    408              88                                
CQUAD4*              761               1             919             920
*                    409             408                                
CQUAD4*              762               1             920             921
*                    410             409                                
CQUAD4*              763               1             921             922
*                    411             410                                
CQUAD4*              764               1             922             552
*                     84             411                                
CQUAD4*              765               1               8             142
*                    923             549                                
CQUAD4*              766               1             142               6
*                    553             923                                
CQUAD4*              767               1             549             923
*                    924             550                                
CQUAD4*              768               1             923             553
*                    554             924                                
CQUAD4*              769               1             550             924
*                    925             551                                
CQUAD4*              770               1             924             554
*                    555             925                                
CQUAD4*              771               1             551             925
*                    926             552                                
CQUAD4*              772               1             925             555
*                    556             926                                
CQUAD4*              773               1             552             926
*                    374              84                                
CQUAD4*              774               1             926             556
*                     85             374                                
CQUAD4*              775               1               6             131
*                    927             553                                
CQUAD4*              776               1             131             132
*                    928             927                                
CQUAD4*              777               1             132             133
*                    929             928                                
CQUAD4*              778               1             133             134
*                    930             929                                
CQUAD4*              779               1             134             135
*                    931             930                                
CQUAD4*              780               1             135             136
*                    932             931                                
CQUAD4*              781               1             136             137
*                    933             932                                
CQUAD4*              782               1             137             138
*                    934             933                                
CQUAD4*              783               1             138               3
*                    557             934                                
CQUAD4*              784               1             553             927
*                    935             554                                
CQUAD4*              785               1             927             928
*                    936             935                                
CQUAD4*              786               1             928             929
*                    937             936                                
CQUAD4*              787               1             929             930
*                    938             937                                
CQUAD4*              788               1             930             931
*                    939             938                                
CQUAD4*              789               1             931             932
*                    940             939                                
CQUAD4*              790               1             932             933
*                    941             940                                
CQUAD4*              791               1             933             934
*                    942             941                                
CQUAD4*              792               1             934             557
*                    558             942                                
CQUAD4*              793               1             554             935
*                    943             555                                
CQUAD4*              794               1             935             936
*                    944             943                                
CQUAD4*              795               1             936             937
*                    945             944                                
CQUAD4*              796               1             937             938
*                    946             945                                
CQUAD4*              797               1             938             939
*                    947             946                                
CQUAD4*              798               1             939             940
*                    948             947                                
CQUAD4*              799               1             940             941
*                    949             948                                
CQUAD4*              800               1             941             942
*                    950             949                                
CQUAD4*              801               1             942             558
*                    559             950                                
CQUAD4*              802               1             555             943
*                    951             556                                
CQUAD4*              803               1             943             944
*                    952             951                                
CQUAD4*              804               1             944             945
*                    953             952                                
CQUAD4*              805               1             945             946
*                    954             953                                
CQUAD4*              806               1             946             947
*                    955             954                                
CQUAD4*              807               1             947             948
*                    956             955                                
CQUAD4*              808               1             948             949
*                    957             956                                
CQUAD4*              809               1             949             950
*                    958             957                                
CQUAD4*              810               1             950             559
*                    560             958                                
CQUAD4*              811               1             556             951
*                    431              85                                
CQUAD4*              812               1             951             952
*                    432             431                                
CQUAD4*              813               1             952             953
*                    433             432                                
CQUAD4*              814               1             953             954
*                    434             433                                
CQUAD4*              815               1             954             955
*                    435             434                                
CQUAD4*              816               1             955             956
*                    436             435                                
CQUAD4*              817               1             956             957
*                    437             436                                
CQUAD4*              818               1             957             958
*                    438             437                                
CQUAD4*              819               1             958             560
*                     90             438                                
CQUAD4*              820               1               3             118
*                    959             557                                
CQUAD4*              821               1             118               4
*                    561             959                                
CQUAD4*              822               1             557             959
*                    960             558                                
CQUAD4*              823               1             959             561
*                    562             960                                
CQUAD4*              824               1             558             960
*                    961             559                                
CQUAD4*              825               1             960             562
*                    563             961                                
CQUAD4*              826               1             559             961
*                    962             560                                
CQUAD4*              827               1             961             563
*                    564             962                                
CQUAD4*              828               1             560             962
*                    458              90                                
CQUAD4*              829               1             962             564
*                     94             458                                
CQUAD4*              830               1               4             565
*                    963             561                                
CQUAD4*              831               1             565             566
*                    964             963                                
CQUAD4*              832               1             566             567
*                    965             964                                
CQUAD4*              833               1             567             568
*                    966             965                                
CQUAD4*              834               1             568             105
*                    536             966                                
CQUAD4*              835               1             561             963
*                    967             562                                
CQUAD4*              836               1             963             964
*                    968             967                                
CQUAD4*              837               1             964             965
*                    969             968                                
CQUAD4*              838               1             965             966
*                    970             969                                
CQUAD4*              839               1             966             536
*                    535             970                                
CQUAD4*              840               1             562             967
*                    971             563                                
CQUAD4*              841               1             967             968
*                    972             971                                
CQUAD4*              842               1             968             969
*                    973             972                                
CQUAD4*              843               1             969             970
*                    974             973                                
CQUAD4*              844               1             970             535
*                    534             974                                
CQUAD4*              845               1             563             971
*                    975             564                                
CQUAD4*              846               1             971             972
*                    976             975                                
CQUAD4*              847               1             972             973
*                    977             976                                
CQUAD4*              848               1             973             974
*                    978             977                                
CQUAD4*              849               1             974             534
*                    533             978                                
CQUAD4*              850               1             564             975
*                    513              94                                
CQUAD4*              851               1             975             976
*                    514             513                                
CQUAD4*              852               1             976             977
*                    515             514                                
CQUAD4*              853               1             977             978
*                    516             515                                
CQUAD4*              854               1             978             533
*                    103             516                                
CQUAD4*              855               1             104              20
*                    979             524                                
CQUAD4*              856               1              20              29
*                    569             979                                
CQUAD4*              857               1             524             979
*                    980             525                                
CQUAD4*              858               1             979             569
*                    570             980                                
CQUAD4*              859               1             525             980
*                     21             101                                
CQUAD4*              860               1             980             570
*                     27              21                                
CQUAD4*              861               1              29             215
*                    981             569                                
CQUAD4*              862               1             215             216
*                    982             981                                
CQUAD4*              863               1             216             217
*                    983             982                                
CQUAD4*              864               1             217             218
*                    984             983                                
CQUAD4*              865               1             218             219
*                    985             984                                
CQUAD4*              866               1             219             220
*                    986             985                                
CQUAD4*              867               1             220             221
*                    987             986                                
CQUAD4*              868               1             221             222
*                    988             987                                
CQUAD4*              869               1             222              30
*                    571             988                                
CQUAD4*              870               1             569             981
*                    989             570                                
CQUAD4*              871               1             981             982
*                    990             989                                
CQUAD4*              872               1             982             983
*                    991             990                                
CQUAD4*              873               1             983             984
*                    992             991                                
CQUAD4*              874               1             984             985
*                    993             992                                
CQUAD4*              875               1             985             986
*                    994             993                                
CQUAD4*              876               1             986             987
*                    995             994                                
CQUAD4*              877               1             987             988
*                    996             995                                
CQUAD4*              878               1             988             571
*                    572             996                                
CQUAD4*              879               1             570             989
*                    207              27                                
CQUAD4*              880               1             989             990
*                    208             207                                
CQUAD4*              881               1             990             991
*                    209             208                                
CQUAD4*              882               1             991             992
*                    210             209                                
CQUAD4*              883               1             992             993
*                    211             210                                
CQUAD4*              884               1             993             994
*                    212             211                                
CQUAD4*              885               1             994             995
*                    213             212                                
CQUAD4*              886               1             995             996
*                    214             213                                
CQUAD4*              887               1             996             572
*                     28             214                                
CQUAD4*              888               1              30              19
*                    997             571                                
CQUAD4*              889               1              19              46
*                    573             997                                
CQUAD4*              890               1             571             997
*                    998             572                                
CQUAD4*              891               1             997             573
*                    574             998                                
CQUAD4*              892               1             572             998
*                     22              28                                
CQUAD4*              893               1             998             574
*                     43              22                                
CQUAD4*              894               1              46             419
*                    999             573                                
CQUAD4*              895               1             419             418
*                   1000             999                                
CQUAD4*              896               1             418             417
*                   1001            1000                                
CQUAD4*              897               1             417             416
*                   1002            1001                                
CQUAD4*              898               1             416              86
*                    381            1002                                
CQUAD4*              899               1             573             999
*                   1003             574                                
CQUAD4*              900               1             999            1000
*                   1004            1003                                
CQUAD4*              901               1            1000            1001
*                   1005            1004                                
CQUAD4*              902               1            1001            1002
*                   1006            1005                                
CQUAD4*              903               1            1002             381
*                    380            1006                                
CQUAD4*              904               1             574            1003
*                    412              43                                
CQUAD4*              905               1            1003            1004
*                    413             412                                
CQUAD4*              906               1            1004            1005
*                    414             413                                
CQUAD4*              907               1            1005            1006
*                    415             414                                
CQUAD4*              908               1            1006             380
*                     82             415                                
CQUAD4*              909               1              61              64
*                     86              83                                
CQUAD4*              910               1             104             523
*                    509             102                                
CQUAD4*              911               1             523             522
*                    510             509                                
CQUAD4*              912               1             522             521
*                    511             510                                
CQUAD4*              913               1             521             520
*                    512             511                                
CQUAD4*              914               1             520              76
*                     75             512                                
CQUAD4*              921               1              93             454
*                    577             108                                
CQUAD4*              922               1              89             421
*                    614             107                                
CQUAD4*              923               1             612             613
*                    422             423                                
CQUAD4*              924               1              78             364
*                    606             114                                
CQUAD4*              925               1            1008            1009
*                    602             603                                
CQUAD4*              926               1            1009            1010
*                    601             602                                
CQUAD4*              927               1             595             445
*                     91             111                                
CQUAD4*              928               1              91             464
*                    594             111                                
CQUAD4*              929               1             592             593
*                    465             466                                
CQUAD4*              930               1              95             526
*                    586             110                                
CQUAD4*              931               1             491             582
*                    583              98                                
CQUAD4*              932               1             580             581
*                    492             493                                
CQUAD4*              933               1             604             605
*                    365              79                                
CQUAD4*              934               1             493             494
*                    579             580                                
CQUAD4*              935               1             578             579
*                    494              93                                
CQUAD4*              936               1             575             455
*                     89             107                                
CQUAD4*              937               1             423             424
*                    611             612                                
CQUAD4*              938               1             610             425
*                    426             609                                
CQUAD4*              939               1             609             426
*                    427             608                                
CQUAD4*              940               1             608             427
*                    428             607                                
CQUAD4*              941               1             607             428
*                     78             114                                
CQUAD4*              942               1             113             604
*                     79            1007                                
CQUAD4*              943               1             389             599
*                   1011             388                                
CQUAD4*              944               1             598             599
*                    389              87                                
CQUAD4*              945               1             112             598
*                     87            1012                                
CQUAD4*              946               1             596            1014
*                    445             595                                
CQUAD4*              947               1             466             467
*                    591             592                                
CQUAD4*              948               1             590             468
*                    469             589                                
CQUAD4*              949               1             589             469
*                    470             588                                
CQUAD4*              950               1             588             470
*                    471             587                                
CQUAD4*              951               1             584             527
*                     98             109                                
CQUAD4*              952               1             527             584
*                    585             526                                
CQUAD4*              953               1             454             455
*                    576             577                                
CQUAD4*              954               1             492             581
*                    582             491                                
CQUAD4*              955               1             467             468
*                    590             591                                
CQUAD4*              956               1             464             465
*                    593             594                                
CQUAD4*              957               1            1014            1013
*                    444             445                                
CQUAD4*              958               1             597            1013
*                   1014             596                                
CQUAD4*              959               1             597             112
*                   1012            1013                                
CQUAD4*              960               1            1010            1011
*                    600             601                                
CQUAD4*              961               1            1010             387
*                    388            1011                                
CQUAD4*              962               1             387            1010
*                   1009             386                                
CQUAD4*              963               1             364             365
*                    605             606                                
CQUAD4*              964               1             424             425
*                    610             611                                
CQUAD4*              965               1             421             422
*                    613             614                                
CQUAD4*              966               1             603             113
*                   1007            1008                                
CQUAD4*              967               1             386            1009
*                   1008            1007                                
CQUAD4*              968               1             444            1013
*                   1012              87                                
CQUAD4*              969               1              95             110
*                    587             471                                
CTRIA3*              915               1             576             455
*                    575                                
CTRIA3*              916               1             583             109
*                     98                                
CTRIA3*              917               1             585             586
*                    526                                
CTRIA3*              918               1             578              93
*                    108                                
CTRIA3*              919               1             386            1007
*                     79                                
CTRIA3*              920               1            1011             599
*                    600                                
$
$ PSHELL created from shell section
$        elset = PART-2-COPY-1_SET-1
$     material = MATERIAL-1
PSHELL*                2               1   1.000000e+000               1
*                                                                       
$
CQUAD4*              970               2            1015            1090
*                   1883            1103                                
CQUAD4*              971               2            1090            1091
*                   1884            1883                                
CQUAD4*              972               2            1091            1016
*                   1092            1884                                
CQUAD4*              973               2            1103            1883
*                   1885            1102                                
CQUAD4*              974               2            1883            1884
*                   1886            1885                                
CQUAD4*              975               2            1884            1092
*                   1093            1886                                
CQUAD4*              976               2            1102            1885
*                   1887            1101                                
CQUAD4*              977               2            1885            1886
*                   1888            1887                                
CQUAD4*              978               2            1886            1093
*                   1094            1888                                
CQUAD4*              979               2            1101            1887
*                   1889            1100                                
CQUAD4*              980               2            1887            1888
*                   1890            1889                                
CQUAD4*              981               2            1888            1094
*                   1095            1890                                
CQUAD4*              982               2            1100            1889
*                   1891            1099                                
CQUAD4*              983               2            1889            1890
*                   1892            1891                                
CQUAD4*              984               2            1890            1095
*                   1096            1892                                
CQUAD4*              985               2            1099            1891
*                   1098            1018                                
CQUAD4*              986               2            1891            1892
*                   1097            1098                                
CQUAD4*              987               2            1892            1096
*                   1017            1097                                
CQUAD4*              988               2            1019            1104
*                   1893            1117                                
CQUAD4*              989               2            1104            1105
*                   1894            1893                                
CQUAD4*              990               2            1105            1020
*                   1106            1894                                
CQUAD4*              991               2            1117            1893
*                   1895            1116                                
CQUAD4*              992               2            1893            1894
*                   1896            1895                                
CQUAD4*              993               2            1894            1106
*                   1107            1896                                
CQUAD4*              994               2            1116            1895
*                   1897            1115                                
CQUAD4*              995               2            1895            1896
*                   1898            1897                                
CQUAD4*              996               2            1896            1107
*                   1108            1898                                
CQUAD4*              997               2            1115            1897
*                   1899            1114                                
CQUAD4*              998               2            1897            1898
*                   1900            1899                                
CQUAD4*              999               2            1898            1108
*                   1109            1900                                
CQUAD4*             1000               2            1114            1899
*                   1901            1113                                
CQUAD4*             1001               2            1899            1900
*                   1902            1901                                
CQUAD4*             1002               2            1900            1109
*                   1110            1902                                
CQUAD4*             1003               2            1113            1901
*                   1112            1022                                
CQUAD4*             1004               2            1901            1902
*                   1111            1112                                
CQUAD4*             1005               2            1902            1110
*                   1021            1111                                
CQUAD4*             1006               2            1023            1118
*                   1903            1165                                
CQUAD4*             1007               2            1118            1024
*                   1119            1903                                
CQUAD4*             1008               2            1165            1903
*                   1904            1164                                
CQUAD4*             1009               2            1903            1119
*                   1120            1904                                
CQUAD4*             1010               2            1164            1904
*                   1905            1163                                
CQUAD4*             1011               2            1904            1120
*                   1121            1905                                
CQUAD4*             1012               2            1163            1905
*                   1906            1162                                
CQUAD4*             1013               2            1905            1121
*                   1122            1906                                
CQUAD4*             1014               2            1162            1906
*                   1907            1161                                
CQUAD4*             1015               2            1906            1122
*                   1123            1907                                
CQUAD4*             1016               2            1161            1907
*                   1908            1160                                
CQUAD4*             1017               2            1907            1123
*                   1124            1908                                
CQUAD4*             1018               2            1160            1908
*                   1909            1159                                
CQUAD4*             1019               2            1908            1124
*                   1125            1909                                
CQUAD4*             1020               2            1159            1909
*                   1910            1158                                
CQUAD4*             1021               2            1909            1125
*                   1126            1910                                
CQUAD4*             1022               2            1158            1910
*                   1911            1157                                
CQUAD4*             1023               2            1910            1126
*                   1127            1911                                
CQUAD4*             1024               2            1157            1911
*                   1912            1156                                
CQUAD4*             1025               2            1911            1127
*                   1128            1912                                
CQUAD4*             1026               2            1156            1912
*                   1913            1155                                
CQUAD4*             1027               2            1912            1128
*                   1129            1913                                
CQUAD4*             1028               2            1155            1913
*                   1914            1154                                
CQUAD4*             1029               2            1913            1129
*                   1130            1914                                
CQUAD4*             1030               2            1154            1914
*                   1915            1153                                
CQUAD4*             1031               2            1914            1130
*                   1131            1915                                
CQUAD4*             1032               2            1153            1915
*                   1916            1152                                
CQUAD4*             1033               2            1915            1131
*                   1132            1916                                
CQUAD4*             1034               2            1152            1916
*                   1917            1151                                
CQUAD4*             1035               2            1916            1132
*                   1133            1917                                
CQUAD4*             1036               2            1151            1917
*                   1918            1150                                
CQUAD4*             1037               2            1917            1133
*                   1134            1918                                
CQUAD4*             1038               2            1150            1918
*                   1919            1149                                
CQUAD4*             1039               2            1918            1134
*                   1135            1919                                
CQUAD4*             1040               2            1149            1919
*                   1920            1148                                
CQUAD4*             1041               2            1919            1135
*                   1136            1920                                
CQUAD4*             1042               2            1148            1920
*                   1921            1147                                
CQUAD4*             1043               2            1920            1136
*                   1137            1921                                
CQUAD4*             1044               2            1147            1921
*                   1922            1146                                
CQUAD4*             1045               2            1921            1137
*                   1138            1922                                
CQUAD4*             1046               2            1146            1922
*                   1923            1145                                
CQUAD4*             1047               2            1922            1138
*                   1139            1923                                
CQUAD4*             1048               2            1145            1923
*                   1924            1144                                
CQUAD4*             1049               2            1923            1139
*                   1140            1924                                
CQUAD4*             1050               2            1144            1924
*                   1925            1143                                
CQUAD4*             1051               2            1924            1140
*                   1141            1925                                
CQUAD4*             1052               2            1143            1925
*                   1142            1026                                
CQUAD4*             1053               2            1925            1141
*                   1025            1142                                
CQUAD4*             1054               2            1027            1166
*                   1926            1178                                
CQUAD4*             1055               2            1166            1028
*                   1167            1926                                
CQUAD4*             1056               2            1178            1926
*                   1927            1177                                
CQUAD4*             1057               2            1926            1167
*                   1168            1927                                
CQUAD4*             1058               2            1177            1927
*                   1928            1176                                
CQUAD4*             1059               2            1927            1168
*                   1169            1928                                
CQUAD4*             1060               2            1176            1928
*                   1929            1175                                
CQUAD4*             1061               2            1928            1169
*                   1170            1929                                
CQUAD4*             1062               2            1175            1929
*                   1930            1174                                
CQUAD4*             1063               2            1929            1170
*                   1171            1930                                
CQUAD4*             1064               2            1174            1930
*                   1931            1173                                
CQUAD4*             1065               2            1930            1171
*                   1172            1931                                
CQUAD4*             1066               2            1173            1931
*                   1118            1023                                
CQUAD4*             1067               2            1931            1172
*                   1024            1118                                
CQUAD4*             1068               2            1024            1179
*                   1932            1119                                
CQUAD4*             1069               2            1179            1029
*                   1180            1932                                
CQUAD4*             1070               2            1119            1932
*                   1933            1120                                
CQUAD4*             1071               2            1932            1180
*                   1181            1933                                
CQUAD4*             1072               2            1120            1933
*                   1934            1121                                
CQUAD4*             1073               2            1933            1181
*                   1182            1934                                
CQUAD4*             1074               2            1121            1934
*                   1935            1122                                
CQUAD4*             1075               2            1934            1182
*                   1183            1935                                
CQUAD4*             1076               2            1122            1935
*                   1936            1123                                
CQUAD4*             1077               2            1935            1183
*                   1184            1936                                
CQUAD4*             1078               2            1123            1936
*                   1937            1124                                
CQUAD4*             1079               2            1936            1184
*                   1185            1937                                
CQUAD4*             1080               2            1124            1937
*                   1938            1125                                
CQUAD4*             1081               2            1937            1185
*                   1186            1938                                
CQUAD4*             1082               2            1125            1938
*                   1939            1126                                
CQUAD4*             1083               2            1938            1186
*                   1187            1939                                
CQUAD4*             1084               2            1126            1939
*                   1940            1127                                
CQUAD4*             1085               2            1939            1187
*                   1188            1940                                
CQUAD4*             1086               2            1127            1940
*                   1941            1128                                
CQUAD4*             1087               2            1940            1188
*                   1189            1941                                
CQUAD4*             1088               2            1128            1941
*                   1942            1129                                
CQUAD4*             1089               2            1941            1189
*                   1190            1942                                
CQUAD4*             1090               2            1129            1942
*                   1943            1130                                
CQUAD4*             1091               2            1942            1190
*                   1191            1943                                
CQUAD4*             1092               2            1130            1943
*                   1944            1131                                
CQUAD4*             1093               2            1943            1191
*                   1192            1944                                
CQUAD4*             1094               2            1131            1944
*                   1945            1132                                
CQUAD4*             1095               2            1944            1192
*                   1193            1945                                
CQUAD4*             1096               2            1132            1945
*                   1946            1133                                
CQUAD4*             1097               2            1945            1193
*                   1194            1946                                
CQUAD4*             1098               2            1133            1946
*                   1947            1134                                
CQUAD4*             1099               2            1946            1194
*                   1195            1947                                
CQUAD4*             1100               2            1134            1947
*                   1948            1135                                
CQUAD4*             1101               2            1947            1195
*                   1196            1948                                
CQUAD4*             1102               2            1135            1948
*                   1949            1136                                
CQUAD4*             1103               2            1948            1196
*                   1197            1949                                
CQUAD4*             1104               2            1136            1949
*                   1950            1137                                
CQUAD4*             1105               2            1949            1197
*                   1198            1950                                
CQUAD4*             1106               2            1137            1950
*                   1951            1138                                
CQUAD4*             1107               2            1950            1198
*                   1199            1951                                
CQUAD4*             1108               2            1138            1951
*                   1952            1139                                
CQUAD4*             1109               2            1951            1199
*                   1200            1952                                
CQUAD4*             1110               2            1139            1952
*                   1953            1140                                
CQUAD4*             1111               2            1952            1200
*                   1201            1953                                
CQUAD4*             1112               2            1140            1953
*                   1954            1141                                
CQUAD4*             1113               2            1953            1201
*                   1202            1954                                
CQUAD4*             1114               2            1141            1954
*                   1203            1025                                
CQUAD4*             1115               2            1954            1202
*                   1030            1203                                
CQUAD4*             1116               2            1028            1204
*                   1955            1167                                
CQUAD4*             1117               2            1204            1031
*                   1205            1955                                
CQUAD4*             1118               2            1167            1955
*                   1956            1168                                
CQUAD4*             1119               2            1955            1205
*                   1206            1956                                
CQUAD4*             1120               2            1168            1956
*                   1957            1169                                
CQUAD4*             1121               2            1956            1206
*                   1207            1957                                
CQUAD4*             1122               2            1169            1957
*                   1958            1170                                
CQUAD4*             1123               2            1957            1207
*                   1208            1958                                
CQUAD4*             1124               2            1170            1958
*                   1959            1171                                
CQUAD4*             1125               2            1958            1208
*                   1209            1959                                
CQUAD4*             1126               2            1171            1959
*                   1960            1172                                
CQUAD4*             1127               2            1959            1209
*                   1210            1960                                
CQUAD4*             1128               2            1172            1960
*                   1179            1024                                
CQUAD4*             1129               2            1960            1210
*                   1029            1179                                
CQUAD4*             1130               2            1029            1211
*                   1961            1180                                
CQUAD4*             1131               2            1211            1032
*                   1212            1961                                
CQUAD4*             1132               2            1180            1961
*                   1962            1181                                
CQUAD4*             1133               2            1961            1212
*                   1213            1962                                
CQUAD4*             1134               2            1181            1962
*                   1963            1182                                
CQUAD4*             1135               2            1962            1213
*                   1214            1963                                
CQUAD4*             1136               2            1182            1963
*                   1964            1183                                
CQUAD4*             1137               2            1963            1214
*                   1215            1964                                
CQUAD4*             1138               2            1183            1964
*                   1965            1184                                
CQUAD4*             1139               2            1964            1215
*                   1216            1965                                
CQUAD4*             1140               2            1184            1965
*                   1966            1185                                
CQUAD4*             1141               2            1965            1216
*                   1217            1966                                
CQUAD4*             1142               2            1185            1966
*                   1967            1186                                
CQUAD4*             1143               2            1966            1217
*                   1218            1967                                
CQUAD4*             1144               2            1186            1967
*                   1968            1187                                
CQUAD4*             1145               2            1967            1218
*                   1219            1968                                
CQUAD4*             1146               2            1187            1968
*                   1969            1188                                
CQUAD4*             1147               2            1968            1219
*                   1220            1969                                
CQUAD4*             1148               2            1188            1969
*                   1970            1189                                
CQUAD4*             1149               2            1969            1220
*                   1221            1970                                
CQUAD4*             1150               2            1189            1970
*                   1971            1190                                
CQUAD4*             1151               2            1970            1221
*                   1222            1971                                
CQUAD4*             1152               2            1190            1971
*                   1972            1191                                
CQUAD4*             1153               2            1971            1222
*                   1223            1972                                
CQUAD4*             1154               2            1191            1972
*                   1973            1192                                
CQUAD4*             1155               2            1972            1223
*                   1224            1973                                
CQUAD4*             1156               2            1192            1973
*                   1974            1193                                
CQUAD4*             1157               2            1973            1224
*                   1225            1974                                
CQUAD4*             1158               2            1193            1974
*                   1975            1194                                
CQUAD4*             1159               2            1974            1225
*                   1226            1975                                
CQUAD4*             1160               2            1194            1975
*                   1976            1195                                
CQUAD4*             1161               2            1975            1226
*                   1227            1976                                
CQUAD4*             1162               2            1195            1976
*                   1977            1196                                
CQUAD4*             1163               2            1976            1227
*                   1228            1977                                
CQUAD4*             1164               2            1196            1977
*                   1978            1197                                
CQUAD4*             1165               2            1977            1228
*                   1229            1978                                
CQUAD4*             1166               2            1197            1978
*                   1979            1198                                
CQUAD4*             1167               2            1978            1229
*                   1230            1979                                
CQUAD4*             1168               2            1198            1979
*                   1980            1199                                
CQUAD4*             1169               2            1979            1230
*                   1231            1980                                
CQUAD4*             1170               2            1199            1980
*                   1981            1200                                
CQUAD4*             1171               2            1980            1231
*                   1232            1981                                
CQUAD4*             1172               2            1200            1981
*                   1982            1201                                
CQUAD4*             1173               2            1981            1232
*                   1233            1982                                
CQUAD4*             1174               2            1201            1982
*                   1983            1202                                
CQUAD4*             1175               2            1982            1233
*                   1234            1983                                
CQUAD4*             1176               2            1202            1983
*                   1235            1030                                
CQUAD4*             1177               2            1983            1234
*                   1033            1235                                
CQUAD4*             1178               2            1031            1236
*                   1984            1205                                
CQUAD4*             1179               2            1236            1034
*                   1237            1984                                
CQUAD4*             1180               2            1205            1984
*                   1985            1206                                
CQUAD4*             1181               2            1984            1237
*                   1238            1985                                
CQUAD4*             1182               2            1206            1985
*                   1986            1207                                
CQUAD4*             1183               2            1985            1238
*                   1239            1986                                
CQUAD4*             1184               2            1207            1986
*                   1987            1208                                
CQUAD4*             1185               2            1986            1239
*                   1240            1987                                
CQUAD4*             1186               2            1208            1987
*                   1988            1209                                
CQUAD4*             1187               2            1987            1240
*                   1241            1988                                
CQUAD4*             1188               2            1209            1988
*                   1989            1210                                
CQUAD4*             1189               2            1988            1241
*                   1242            1989                                
CQUAD4*             1190               2            1210            1989
*                   1211            1029                                
CQUAD4*             1191               2            1989            1242
*                   1032            1211                                
CQUAD4*             1192               2            1032            1243
*                   1990            1212                                
CQUAD4*             1193               2            1243            1035
*                   1244            1990                                
CQUAD4*             1194               2            1212            1990
*                   1991            1213                                
CQUAD4*             1195               2            1990            1244
*                   1245            1991                                
CQUAD4*             1196               2            1213            1991
*                   1992            1214                                
CQUAD4*             1197               2            1991            1245
*                   1246            1992                                
CQUAD4*             1198               2            1214            1992
*                   1993            1215                                
CQUAD4*             1199               2            1992            1246
*                   1247            1993                                
CQUAD4*             1200               2            1215            1993
*                   1994            1216                                
CQUAD4*             1201               2            1993            1247
*                   1248            1994                                
CQUAD4*             1202               2            1216            1994
*                   1995            1217                                
CQUAD4*             1203               2            1994            1248
*                   1249            1995                                
CQUAD4*             1204               2            1217            1995
*                   1996            1218                                
CQUAD4*             1205               2            1995            1249
*                   1250            1996                                
CQUAD4*             1206               2            1218            1996
*                   1997            1219                                
CQUAD4*             1207               2            1996            1250
*                   1251            1997                                
CQUAD4*             1208               2            1219            1997
*                   1998            1220                                
CQUAD4*             1209               2            1997            1251
*                   1252            1998                                
CQUAD4*             1210               2            1220            1998
*                   1999            1221                                
CQUAD4*             1211               2            1998            1252
*                   1253            1999                                
CQUAD4*             1212               2            1221            1999
*                   2000            1222                                
CQUAD4*             1213               2            1999            1253
*                   1254            2000                                
CQUAD4*             1214               2            1222            2000
*                   2001            1223                                
CQUAD4*             1215               2            2000            1254
*                   1255            2001                                
CQUAD4*             1216               2            1223            2001
*                   2002            1224                                
CQUAD4*             1217               2            2001            1255
*                   1256            2002                                
CQUAD4*             1218               2            1224            2002
*                   2003            1225                                
CQUAD4*             1219               2            2002            1256
*                   1257            2003                                
CQUAD4*             1220               2            1225            2003
*                   2004            1226                                
CQUAD4*             1221               2            2003            1257
*                   1258            2004                                
CQUAD4*             1222               2            1226            2004
*                   2005            1227                                
CQUAD4*             1223               2            2004            1258
*                   1259            2005                                
CQUAD4*             1224               2            1227            2005
*                   2006            1228                                
CQUAD4*             1225               2            2005            1259
*                   1260            2006                                
CQUAD4*             1226               2            1228            2006
*                   2007            1229                                
CQUAD4*             1227               2            2006            1260
*                   1261            2007                                
CQUAD4*             1228               2            1229            2007
*                   2008            1230                                
CQUAD4*             1229               2            2007            1261
*                   1262            2008                                
CQUAD4*             1230               2            1230            2008
*                   2009            1231                                
CQUAD4*             1231               2            2008            1262
*                   1263            2009                                
CQUAD4*             1232               2            1231            2009
*                   2010            1232                                
CQUAD4*             1233               2            2009            1263
*                   1264            2010                                
CQUAD4*             1234               2            1232            2010
*                   2011            1233                                
CQUAD4*             1235               2            2010            1264
*                   1265            2011                                
CQUAD4*             1236               2            1233            2011
*                   2012            1234                                
CQUAD4*             1237               2            2011            1265
*                   1266            2012                                
CQUAD4*             1238               2            1234            2012
*                   1267            1033                                
CQUAD4*             1239               2            2012            1266
*                   1036            1267                                
CQUAD4*             1240               2            1034            1268
*                   2013            1237                                
CQUAD4*             1241               2            1268            1037
*                   1269            2013                                
CQUAD4*             1242               2            1237            2013
*                   2014            1238                                
CQUAD4*             1243               2            2013            1269
*                   1270            2014                                
CQUAD4*             1244               2            1238            2014
*                   2015            1239                                
CQUAD4*             1245               2            2014            1270
*                   1271            2015                                
CQUAD4*             1246               2            1239            2015
*                   2016            1240                                
CQUAD4*             1247               2            2015            1271
*                   1272            2016                                
CQUAD4*             1248               2            1240            2016
*                   2017            1241                                
CQUAD4*             1249               2            2016            1272
*                   1273            2017                                
CQUAD4*             1250               2            1241            2017
*                   2018            1242                                
CQUAD4*             1251               2            2017            1273
*                   1274            2018                                
CQUAD4*             1252               2            1242            2018
*                   1243            1032                                
CQUAD4*             1253               2            2018            1274
*                   1035            1243                                
CQUAD4*             1254               2            1035            1275
*                   2019            1244                                
CQUAD4*             1255               2            1275            1038
*                   1276            2019                                
CQUAD4*             1256               2            1244            2019
*                   2020            1245                                
CQUAD4*             1257               2            2019            1276
*                   1277            2020                                
CQUAD4*             1258               2            1245            2020
*                   2021            1246                                
CQUAD4*             1259               2            2020            1277
*                   1278            2021                                
CQUAD4*             1260               2            1246            2021
*                   2022            1247                                
CQUAD4*             1261               2            2021            1278
*                   1279            2022                                
CQUAD4*             1262               2            1247            2022
*                   2023            1248                                
CQUAD4*             1263               2            2022            1279
*                   1280            2023                                
CQUAD4*             1264               2            1248            2023
*                   2024            1249                                
CQUAD4*             1265               2            2023            1280
*                   1281            2024                                
CQUAD4*             1266               2            1249            2024
*                   2025            1250                                
CQUAD4*             1267               2            2024            1281
*                   1282            2025                                
CQUAD4*             1268               2            1250            2025
*                   2026            1251                                
CQUAD4*             1269               2            2025            1282
*                   1283            2026                                
CQUAD4*             1270               2            1251            2026
*                   2027            1252                                
CQUAD4*             1271               2            2026            1283
*                   1284            2027                                
CQUAD4*             1272               2            1252            2027
*                   2028            1253                                
CQUAD4*             1273               2            2027            1284
*                   1285            2028                                
CQUAD4*             1274               2            1253            2028
*                   2029            1254                                
CQUAD4*             1275               2            2028            1285
*                   1286            2029                                
CQUAD4*             1276               2            1254            2029
*                   2030            1255                                
CQUAD4*             1277               2            2029            1286
*                   1287            2030                                
CQUAD4*             1278               2            1255            2030
*                   2031            1256                                
CQUAD4*             1279               2            2030            1287
*                   1288            2031                                
CQUAD4*             1280               2            1256            2031
*                   2032            1257                                
CQUAD4*             1281               2            2031            1288
*                   1289            2032                                
CQUAD4*             1282               2            1257            2032
*                   2033            1258                                
CQUAD4*             1283               2            2032            1289
*                   1290            2033                                
CQUAD4*             1284               2            1258            2033
*                   2034            1259                                
CQUAD4*             1285               2            2033            1290
*                   1291            2034                                
CQUAD4*             1286               2            1259            2034
*                   2035            1260                                
CQUAD4*             1287               2            2034            1291
*                   1292            2035                                
CQUAD4*             1288               2            1260            2035
*                   2036            1261                                
CQUAD4*             1289               2            2035            1292
*                   1293            2036                                
CQUAD4*             1290               2            1261            2036
*                   2037            1262                                
CQUAD4*             1291               2            2036            1293
*                   1294            2037                                
CQUAD4*             1292               2            1262            2037
*                   2038            1263                                
CQUAD4*             1293               2            2037            1294
*                   1295            2038                                
CQUAD4*             1294               2            1263            2038
*                   2039            1264                                
CQUAD4*             1295               2            2038            1295
*                   1296            2039                                
CQUAD4*             1296               2            1264            2039
*                   2040            1265                                
CQUAD4*             1297               2            2039            1296
*                   1297            2040                                
CQUAD4*             1298               2            1265            2040
*                   2041            1266                                
CQUAD4*             1299               2            2040            1297
*                   1298            2041                                
CQUAD4*             1300               2            1266            2041
*                   1299            1036                                
CQUAD4*             1301               2            2041            1298
*                   1039            1299                                
CQUAD4*             1302               2            1037            1300
*                   2042            1269                                
CQUAD4*             1303               2            1300            1040
*                   1301            2042                                
CQUAD4*             1304               2            1269            2042
*                   2043            1270                                
CQUAD4*             1305               2            2042            1301
*                   1302            2043                                
CQUAD4*             1306               2            1270            2043
*                   2044            1271                                
CQUAD4*             1307               2            2043            1302
*                   1303            2044                                
CQUAD4*             1308               2            1271            2044
*                   2045            1272                                
CQUAD4*             1309               2            2044            1303
*                   1304            2045                                
CQUAD4*             1310               2            1272            2045
*                   2046            1273                                
CQUAD4*             1311               2            2045            1304
*                   1305            2046                                
CQUAD4*             1312               2            1273            2046
*                   2047            1274                                
CQUAD4*             1313               2            2046            1305
*                   1306            2047                                
CQUAD4*             1314               2            1274            2047
*                   1275            1035                                
CQUAD4*             1315               2            2047            1306
*                   1038            1275                                
CQUAD4*             1316               2            1041            1307
*                   2048            1353                                
CQUAD4*             1317               2            1307            1042
*                   1308            2048                                
CQUAD4*             1318               2            1353            2048
*                   2049            1352                                
CQUAD4*             1319               2            2048            1308
*                   1309            2049                                
CQUAD4*             1320               2            1352            2049
*                   2050            1351                                
CQUAD4*             1321               2            2049            1309
*                   1310            2050                                
CQUAD4*             1322               2            1351            2050
*                   2051            1350                                
CQUAD4*             1323               2            2050            1310
*                   1311            2051                                
CQUAD4*             1324               2            1350            2051
*                   2052            1349                                
CQUAD4*             1325               2            2051            1311
*                   1312            2052                                
CQUAD4*             1326               2            1349            2052
*                   2053            1348                                
CQUAD4*             1327               2            2052            1312
*                   1313            2053                                
CQUAD4*             1328               2            1348            2053
*                   2054            1347                                
CQUAD4*             1329               2            2053            1313
*                   1314            2054                                
CQUAD4*             1330               2            1347            2054
*                   2055            1346                                
CQUAD4*             1331               2            2054            1314
*                   1315            2055                                
CQUAD4*             1332               2            1346            2055
*                   2056            1345                                
CQUAD4*             1333               2            2055            1315
*                   1316            2056                                
CQUAD4*             1334               2            1345            2056
*                   2057            1344                                
CQUAD4*             1335               2            2056            1316
*                   1317            2057                                
CQUAD4*             1336               2            1344            2057
*                   2058            1343                                
CQUAD4*             1337               2            2057            1317
*                   1318            2058                                
CQUAD4*             1338               2            1343            2058
*                   2059            1342                                
CQUAD4*             1339               2            2058            1318
*                   1319            2059                                
CQUAD4*             1340               2            1342            2059
*                   2060            1341                                
CQUAD4*             1341               2            2059            1319
*                   1320            2060                                
CQUAD4*             1342               2            1341            2060
*                   2061            1340                                
CQUAD4*             1343               2            2060            1320
*                   1321            2061                                
CQUAD4*             1344               2            1340            2061
*                   2062            1339                                
CQUAD4*             1345               2            2061            1321
*                   1322            2062                                
CQUAD4*             1346               2            1339            2062
*                   2063            1338                                
CQUAD4*             1347               2            2062            1322
*                   1323            2063                                
CQUAD4*             1348               2            1338            2063
*                   2064            1337                                
CQUAD4*             1349               2            2063            1323
*                   1324            2064                                
CQUAD4*             1350               2            1337            2064
*                   2065            1336                                
CQUAD4*             1351               2            2064            1324
*                   1325            2065                                
CQUAD4*             1352               2            1336            2065
*                   2066            1335                                
CQUAD4*             1353               2            2065            1325
*                   1326            2066                                
CQUAD4*             1354               2            1335            2066
*                   2067            1334                                
CQUAD4*             1355               2            2066            1326
*                   1327            2067                                
CQUAD4*             1356               2            1334            2067
*                   2068            1333                                
CQUAD4*             1357               2            2067            1327
*                   1328            2068                                
CQUAD4*             1358               2            1333            2068
*                   2069            1332                                
CQUAD4*             1359               2            2068            1328
*                   1329            2069                                
CQUAD4*             1360               2            1332            2069
*                   2070            1331                                
CQUAD4*             1361               2            2069            1329
*                   1330            2070                                
CQUAD4*             1362               2            1331            2070
*                   1142            1025                                
CQUAD4*             1363               2            2070            1330
*                   1026            1142                                
CQUAD4*             1364               2            1043            1354
*                   2071            1367                                
CQUAD4*             1365               2            1354            1044
*                   1355            2071                                
CQUAD4*             1366               2            1367            2071
*                   2072            1366                                
CQUAD4*             1367               2            2071            1355
*                   1356            2072                                
CQUAD4*             1368               2            1366            2072
*                   2073            1365                                
CQUAD4*             1369               2            2072            1356
*                   1357            2073                                
CQUAD4*             1370               2            1365            2073
*                   2074            1364                                
CQUAD4*             1371               2            2073            1357
*                   1358            2074                                
CQUAD4*             1372               2            1364            2074
*                   2075            1363                                
CQUAD4*             1373               2            2074            1358
*                   1359            2075                                
CQUAD4*             1374               2            1363            2075
*                   2076            1362                                
CQUAD4*             1375               2            2075            1359
*                   1360            2076                                
CQUAD4*             1376               2            1362            2076
*                   1361            1046                                
CQUAD4*             1377               2            2076            1360
*                   1045            1361                                
CQUAD4*             1378               2            1047            1368
*                   2077            1391                                
CQUAD4*             1379               2            1368            1041
*                   1353            2077                                
CQUAD4*             1380               2            1391            2077
*                   2078            1390                                
CQUAD4*             1381               2            2077            1353
*                   1352            2078                                
CQUAD4*             1382               2            1390            2078
*                   2079            1389                                
CQUAD4*             1383               2            2078            1352
*                   1351            2079                                
CQUAD4*             1384               2            1389            2079
*                   2080            1388                                
CQUAD4*             1385               2            2079            1351
*                   1350            2080                                
CQUAD4*             1386               2            1388            2080
*                   2081            1387                                
CQUAD4*             1387               2            2080            1350
*                   1349            2081                                
CQUAD4*             1388               2            1387            2081
*                   2082            1386                                
CQUAD4*             1389               2            2081            1349
*                   1348            2082                                
CQUAD4*             1390               2            1386            2082
*                   2083            1385                                
CQUAD4*             1391               2            2082            1348
*                   1347            2083                                
CQUAD4*             1392               2            1385            2083
*                   2084            1384                                
CQUAD4*             1393               2            2083            1347
*                   1346            2084                                
CQUAD4*             1394               2            1384            2084
*                   2085            1383                                
CQUAD4*             1395               2            2084            1346
*                   1345            2085                                
CQUAD4*             1396               2            1383            2085
*                   2086            1382                                
CQUAD4*             1397               2            2085            1345
*                   1344            2086                                
CQUAD4*             1398               2            1382            2086
*                   2087            1381                                
CQUAD4*             1399               2            2086            1344
*                   1343            2087                                
CQUAD4*             1400               2            1381            2087
*                   2088            1380                                
CQUAD4*             1401               2            2087            1343
*                   1342            2088                                
CQUAD4*             1402               2            1380            2088
*                   2089            1379                                
CQUAD4*             1403               2            2088            1342
*                   1341            2089                                
CQUAD4*             1404               2            1379            2089
*                   2090            1378                                
CQUAD4*             1405               2            2089            1341
*                   1340            2090                                
CQUAD4*             1406               2            1378            2090
*                   2091            1377                                
CQUAD4*             1407               2            2090            1340
*                   1339            2091                                
CQUAD4*             1408               2            1377            2091
*                   2092            1376                                
CQUAD4*             1409               2            2091            1339
*                   1338            2092                                
CQUAD4*             1410               2            1376            2092
*                   2093            1375                                
CQUAD4*             1411               2            2092            1338
*                   1337            2093                                
CQUAD4*             1412               2            1375            2093
*                   2094            1374                                
CQUAD4*             1413               2            2093            1337
*                   1336            2094                                
CQUAD4*             1414               2            1374            2094
*                   2095            1373                                
CQUAD4*             1415               2            2094            1336
*                   1335            2095                                
CQUAD4*             1416               2            1373            2095
*                   2096            1372                                
CQUAD4*             1417               2            2095            1335
*                   1334            2096                                
CQUAD4*             1418               2            1372            2096
*                   2097            1371                                
CQUAD4*             1419               2            2096            1334
*                   1333            2097                                
CQUAD4*             1420               2            1371            2097
*                   2098            1370                                
CQUAD4*             1421               2            2097            1333
*                   1332            2098                                
CQUAD4*             1422               2            1370            2098
*                   2099            1369                                
CQUAD4*             1423               2            2098            1332
*                   1331            2099                                
CQUAD4*             1424               2            1369            2099
*                   1203            1030                                
CQUAD4*             1425               2            2099            1331
*                   1025            1203                                
CQUAD4*             1426               2            1044            1392
*                   2100            1355                                
CQUAD4*             1427               2            1392            1048
*                   1393            2100                                
CQUAD4*             1428               2            1355            2100
*                   2101            1356                                
CQUAD4*             1429               2            2100            1393
*                   1394            2101                                
CQUAD4*             1430               2            1356            2101
*                   2102            1357                                
CQUAD4*             1431               2            2101            1394
*                   1395            2102                                
CQUAD4*             1432               2            1357            2102
*                   2103            1358                                
CQUAD4*             1433               2            2102            1395
*                   1396            2103                                
CQUAD4*             1434               2            1358            2103
*                   2104            1359                                
CQUAD4*             1435               2            2103            1396
*                   1397            2104                                
CQUAD4*             1436               2            1359            2104
*                   2105            1360                                
CQUAD4*             1437               2            2104            1397
*                   1398            2105                                
CQUAD4*             1438               2            1360            2105
*                   1399            1045                                
CQUAD4*             1439               2            2105            1398
*                   1049            1399                                
CQUAD4*             1440               2            1050            1400
*                   2106            1423                                
CQUAD4*             1441               2            1400            1047
*                   1391            2106                                
CQUAD4*             1442               2            1423            2106
*                   2107            1422                                
CQUAD4*             1443               2            2106            1391
*                   1390            2107                                
CQUAD4*             1444               2            1422            2107
*                   2108            1421                                
CQUAD4*             1445               2            2107            1390
*                   1389            2108                                
CQUAD4*             1446               2            1421            2108
*                   2109            1420                                
CQUAD4*             1447               2            2108            1389
*                   1388            2109                                
CQUAD4*             1448               2            1420            2109
*                   2110            1419                                
CQUAD4*             1449               2            2109            1388
*                   1387            2110                                
CQUAD4*             1450               2            1419            2110
*                   2111            1418                                
CQUAD4*             1451               2            2110            1387
*                   1386            2111                                
CQUAD4*             1452               2            1418            2111
*                   2112            1417                                
CQUAD4*             1453               2            2111            1386
*                   1385            2112                                
CQUAD4*             1454               2            1417            2112
*                   2113            1416                                
CQUAD4*             1455               2            2112            1385
*                   1384            2113                                
CQUAD4*             1456               2            1416            2113
*                   2114            1415                                
CQUAD4*             1457               2            2113            1384
*                   1383            2114                                
CQUAD4*             1458               2            1415            2114
*                   2115            1414                                
CQUAD4*             1459               2            2114            1383
*                   1382            2115                                
CQUAD4*             1460               2            1414            2115
*                   2116            1413                                
CQUAD4*             1461               2            2115            1382
*                   1381            2116                                
CQUAD4*             1462               2            1413            2116
*                   2117            1412                                
CQUAD4*             1463               2            2116            1381
*                   1380            2117                                
CQUAD4*             1464               2            1412            2117
*                   2118            1411                                
CQUAD4*             1465               2            2117            1380
*                   1379            2118                                
CQUAD4*             1466               2            1411            2118
*                   2119            1410                                
CQUAD4*             1467               2            2118            1379
*                   1378            2119                                
CQUAD4*             1468               2            1410            2119
*                   2120            1409                                
CQUAD4*             1469               2            2119            1378
*                   1377            2120                                
CQUAD4*             1470               2            1409            2120
*                   2121            1408                                
CQUAD4*             1471               2            2120            1377
*                   1376            2121                                
CQUAD4*             1472               2            1408            2121
*                   2122            1407                                
CQUAD4*             1473               2            2121            1376
*                   1375            2122                                
CQUAD4*             1474               2            1407            2122
*                   2123            1406                                
CQUAD4*             1475               2            2122            1375
*                   1374            2123                                
CQUAD4*             1476               2            1406            2123
*                   2124            1405                                
CQUAD4*             1477               2            2123            1374
*                   1373            2124                                
CQUAD4*             1478               2            1405            2124
*                   2125            1404                                
CQUAD4*             1479               2            2124            1373
*                   1372            2125                                
CQUAD4*             1480               2            1404            2125
*                   2126            1403                                
CQUAD4*             1481               2            2125            1372
*                   1371            2126                                
CQUAD4*             1482               2            1403            2126
*                   2127            1402                                
CQUAD4*             1483               2            2126            1371
*                   1370            2127                                
CQUAD4*             1484               2            1402            2127
*                   2128            1401                                
CQUAD4*             1485               2            2127            1370
*                   1369            2128                                
CQUAD4*             1486               2            1401            2128
*                   1235            1033                                
CQUAD4*             1487               2            2128            1369
*                   1030            1235                                
CQUAD4*             1488               2            1048            1424
*                   2129            1393                                
CQUAD4*             1489               2            1424            1051
*                   1425            2129                                
CQUAD4*             1490               2            1393            2129
*                   2130            1394                                
CQUAD4*             1491               2            2129            1425
*                   1426            2130                                
CQUAD4*             1492               2            1394            2130
*                   2131            1395                                
CQUAD4*             1493               2            2130            1426
*                   1427            2131                                
CQUAD4*             1494               2            1395            2131
*                   2132            1396                                
CQUAD4*             1495               2            2131            1427
*                   1428            2132                                
CQUAD4*             1496               2            1396            2132
*                   2133            1397                                
CQUAD4*             1497               2            2132            1428
*                   1429            2133                                
CQUAD4*             1498               2            1397            2133
*                   2134            1398                                
CQUAD4*             1499               2            2133            1429
*                   1430            2134                                
CQUAD4*             1500               2            1398            2134
*                   1431            1049                                
CQUAD4*             1501               2            2134            1430
*                   1052            1431                                
CQUAD4*             1502               2            1053            1432
*                   2135            1455                                
CQUAD4*             1503               2            1432            1050
*                   1423            2135                                
CQUAD4*             1504               2            1455            2135
*                   2136            1454                                
CQUAD4*             1505               2            2135            1423
*                   1422            2136                                
CQUAD4*             1506               2            1454            2136
*                   2137            1453                                
CQUAD4*             1507               2            2136            1422
*                   1421            2137                                
CQUAD4*             1508               2            1453            2137
*                   2138            1452                                
CQUAD4*             1509               2            2137            1421
*                   1420            2138                                
CQUAD4*             1510               2            1452            2138
*                   2139            1451                                
CQUAD4*             1511               2            2138            1420
*                   1419            2139                                
CQUAD4*             1512               2            1451            2139
*                   2140            1450                                
CQUAD4*             1513               2            2139            1419
*                   1418            2140                                
CQUAD4*             1514               2            1450            2140
*                   2141            1449                                
CQUAD4*             1515               2            2140            1418
*                   1417            2141                                
CQUAD4*             1516               2            1449            2141
*                   2142            1448                                
CQUAD4*             1517               2            2141            1417
*                   1416            2142                                
CQUAD4*             1518               2            1448            2142
*                   2143            1447                                
CQUAD4*             1519               2            2142            1416
*                   1415            2143                                
CQUAD4*             1520               2            1447            2143
*                   2144            1446                                
CQUAD4*             1521               2            2143            1415
*                   1414            2144                                
CQUAD4*             1522               2            1446            2144
*                   2145            1445                                
CQUAD4*             1523               2            2144            1414
*                   1413            2145                                
CQUAD4*             1524               2            1445            2145
*                   2146            1444                                
CQUAD4*             1525               2            2145            1413
*                   1412            2146                                
CQUAD4*             1526               2            1444            2146
*                   2147            1443                                
CQUAD4*             1527               2            2146            1412
*                   1411            2147                                
CQUAD4*             1528               2            1443            2147
*                   2148            1442                                
CQUAD4*             1529               2            2147            1411
*                   1410            2148                                
CQUAD4*             1530               2            1442            2148
*                   2149            1441                                
CQUAD4*             1531               2            2148            1410
*                   1409            2149                                
CQUAD4*             1532               2            1441            2149
*                   2150            1440                                
CQUAD4*             1533               2            2149            1409
*                   1408            2150                                
CQUAD4*             1534               2            1440            2150
*                   2151            1439                                
CQUAD4*             1535               2            2150            1408
*                   1407            2151                                
CQUAD4*             1536               2            1439            2151
*                   2152            1438                                
CQUAD4*             1537               2            2151            1407
*                   1406            2152                                
CQUAD4*             1538               2            1438            2152
*                   2153            1437                                
CQUAD4*             1539               2            2152            1406
*                   1405            2153                                
CQUAD4*             1540               2            1437            2153
*                   2154            1436                                
CQUAD4*             1541               2            2153            1405
*                   1404            2154                                
CQUAD4*             1542               2            1436            2154
*                   2155            1435                                
CQUAD4*             1543               2            2154            1404
*                   1403            2155                                
CQUAD4*             1544               2            1435            2155
*                   2156            1434                                
CQUAD4*             1545               2            2155            1403
*                   1402            2156                                
CQUAD4*             1546               2            1434            2156
*                   2157            1433                                
CQUAD4*             1547               2            2156            1402
*                   1401            2157                                
CQUAD4*             1548               2            1433            2157
*                   1267            1036                                
CQUAD4*             1549               2            2157            1401
*                   1033            1267                                
CQUAD4*             1550               2            1051            1456
*                   2158            1425                                
CQUAD4*             1551               2            1456            1054
*                   1457            2158                                
CQUAD4*             1552               2            1425            2158
*                   2159            1426                                
CQUAD4*             1553               2            2158            1457
*                   1458            2159                                
CQUAD4*             1554               2            1426            2159
*                   2160            1427                                
CQUAD4*             1555               2            2159            1458
*                   1459            2160                                
CQUAD4*             1556               2            1427            2160
*                   2161            1428                                
CQUAD4*             1557               2            2160            1459
*                   1460            2161                                
CQUAD4*             1558               2            1428            2161
*                   2162            1429                                
CQUAD4*             1559               2            2161            1460
*                   1461            2162                                
CQUAD4*             1560               2            1429            2162
*                   2163            1430                                
CQUAD4*             1561               2            2162            1461
*                   1462            2163                                
CQUAD4*             1562               2            1430            2163
*                   1463            1052                                
CQUAD4*             1563               2            2163            1462
*                   1055            1463                                
CQUAD4*             1564               2            1056            1464
*                   2164            1487                                
CQUAD4*             1565               2            1464            1053
*                   1455            2164                                
CQUAD4*             1566               2            1487            2164
*                   2165            1486                                
CQUAD4*             1567               2            2164            1455
*                   1454            2165                                
CQUAD4*             1568               2            1486            2165
*                   2166            1485                                
CQUAD4*             1569               2            2165            1454
*                   1453            2166                                
CQUAD4*             1570               2            1485            2166
*                   2167            1484                                
CQUAD4*             1571               2            2166            1453
*                   1452            2167                                
CQUAD4*             1572               2            1484            2167
*                   2168            1483                                
CQUAD4*             1573               2            2167            1452
*                   1451            2168                                
CQUAD4*             1574               2            1483            2168
*                   2169            1482                                
CQUAD4*             1575               2            2168            1451
*                   1450            2169                                
CQUAD4*             1576               2            1482            2169
*                   2170            1481                                
CQUAD4*             1577               2            2169            1450
*                   1449            2170                                
CQUAD4*             1578               2            1481            2170
*                   2171            1480                                
CQUAD4*             1579               2            2170            1449
*                   1448            2171                                
CQUAD4*             1580               2            1480            2171
*                   2172            1479                                
CQUAD4*             1581               2            2171            1448
*                   1447            2172                                
CQUAD4*             1582               2            1479            2172
*                   2173            1478                                
CQUAD4*             1583               2            2172            1447
*                   1446            2173                                
CQUAD4*             1584               2            1478            2173
*                   2174            1477                                
CQUAD4*             1585               2            2173            1446
*                   1445            2174                                
CQUAD4*             1586               2            1477            2174
*                   2175            1476                                
CQUAD4*             1587               2            2174            1445
*                   1444            2175                                
CQUAD4*             1588               2            1476            2175
*                   2176            1475                                
CQUAD4*             1589               2            2175            1444
*                   1443            2176                                
CQUAD4*             1590               2            1475            2176
*                   2177            1474                                
CQUAD4*             1591               2            2176            1443
*                   1442            2177                                
CQUAD4*             1592               2            1474            2177
*                   2178            1473                                
CQUAD4*             1593               2            2177            1442
*                   1441            2178                                
CQUAD4*             1594               2            1473            2178
*                   2179            1472                                
CQUAD4*             1595               2            2178            1441
*                   1440            2179                                
CQUAD4*             1596               2            1472            2179
*                   2180            1471                                
CQUAD4*             1597               2            2179            1440
*                   1439            2180                                
CQUAD4*             1598               2            1471            2180
*                   2181            1470                                
CQUAD4*             1599               2            2180            1439
*                   1438            2181                                
CQUAD4*             1600               2            1470            2181
*                   2182            1469                                
CQUAD4*             1601               2            2181            1438
*                   1437            2182                                
CQUAD4*             1602               2            1469            2182
*                   2183            1468                                
CQUAD4*             1603               2            2182            1437
*                   1436            2183                                
CQUAD4*             1604               2            1468            2183
*                   2184            1467                                
CQUAD4*             1605               2            2183            1436
*                   1435            2184                                
CQUAD4*             1606               2            1467            2184
*                   2185            1466                                
CQUAD4*             1607               2            2184            1435
*                   1434            2185                                
CQUAD4*             1608               2            1466            2185
*                   2186            1465                                
CQUAD4*             1609               2            2185            1434
*                   1433            2186                                
CQUAD4*             1610               2            1465            2186
*                   1299            1039                                
CQUAD4*             1611               2            2186            1433
*                   1036            1299                                
CQUAD4*             1612               2            1054            1488
*                   2187            1457                                
CQUAD4*             1613               2            1488            1057
*                   1489            2187                                
CQUAD4*             1614               2            1457            2187
*                   2188            1458                                
CQUAD4*             1615               2            2187            1489
*                   1490            2188                                
CQUAD4*             1616               2            1458            2188
*                   2189            1459                                
CQUAD4*             1617               2            2188            1490
*                   1491            2189                                
CQUAD4*             1618               2            1459            2189
*                   2190            1460                                
CQUAD4*             1619               2            2189            1491
*                   1492            2190                                
CQUAD4*             1620               2            1460            2190
*                   2191            1461                                
CQUAD4*             1621               2            2190            1492
*                   1493            2191                                
CQUAD4*             1622               2            1461            2191
*                   2192            1462                                
CQUAD4*             1623               2            2191            1493
*                   1494            2192                                
CQUAD4*             1624               2            1462            2192
*                   1495            1055                                
CQUAD4*             1625               2            2192            1494
*                   1058            1495                                
CQUAD4*             1626               2            1059            1060
*                   1496            1569                                
CQUAD4*             1627               2            1569            1496
*                   1497            1568                                
CQUAD4*             1628               2            1568            1497
*                   1498            1567                                
CQUAD4*             1629               2            1567            1498
*                   1499            1566                                
CQUAD4*             1630               2            1566            1499
*                   1500            1565                                
CQUAD4*             1631               2            1565            1500
*                   1501            1564                                
CQUAD4*             1632               2            1564            1501
*                   1502            1563                                
CQUAD4*             1633               2            1563            1502
*                   1503            1562                                
CQUAD4*             1634               2            1562            1503
*                   1504            1561                                
CQUAD4*             1635               2            1561            1504
*                   1505            1560                                
CQUAD4*             1636               2            1560            1505
*                   1506            1559                                
CQUAD4*             1637               2            1559            1506
*                   1507            1558                                
CQUAD4*             1638               2            1558            1507
*                   1508            1557                                
CQUAD4*             1639               2            1557            1508
*                   1509            1556                                
CQUAD4*             1640               2            1556            1509
*                   1510            1555                                
CQUAD4*             1641               2            1555            1510
*                   1511            1554                                
CQUAD4*             1642               2            1554            1511
*                   1512            1553                                
CQUAD4*             1643               2            1553            1512
*                   1513            1552                                
CQUAD4*             1644               2            1552            1513
*                   1514            1551                                
CQUAD4*             1645               2            1551            1514
*                   1515            1550                                
CQUAD4*             1646               2            1550            1515
*                   1516            1549                                
CQUAD4*             1647               2            1549            1516
*                   1517            1548                                
CQUAD4*             1648               2            1548            1517
*                   1518            1547                                
CQUAD4*             1649               2            1547            1518
*                   1519            1546                                
CQUAD4*             1650               2            1546            1519
*                   1520            1545                                
CQUAD4*             1651               2            1545            1520
*                   1521            1544                                
CQUAD4*             1652               2            1544            1521
*                   1522            1543                                
CQUAD4*             1653               2            1543            1522
*                   1523            1542                                
CQUAD4*             1654               2            1542            1523
*                   1524            1541                                
CQUAD4*             1655               2            1541            1524
*                   1525            1540                                
CQUAD4*             1656               2            1540            1525
*                   1526            1539                                
CQUAD4*             1657               2            1539            1526
*                   1527            1538                                
CQUAD4*             1658               2            1538            1527
*                   1528            1537                                
CQUAD4*             1659               2            1537            1528
*                   1529            1536                                
CQUAD4*             1660               2            1536            1529
*                   1530            1535                                
CQUAD4*             1661               2            1535            1530
*                   1531            1534                                
CQUAD4*             1662               2            1534            1531
*                   1532            1533                                
CQUAD4*             1663               2            1533            1532
*                   1061            1062                                
CQUAD4*             1664               2            1060            1570
*                   2193            1496                                
CQUAD4*             1665               2            1570            1571
*                   2194            2193                                
CQUAD4*             1666               2            1571            1058
*                   1494            2194                                
CQUAD4*             1667               2            1496            2193
*                   2195            1497                                
CQUAD4*             1668               2            2193            2194
*                   2196            2195                                
CQUAD4*             1669               2            2194            1494
*                   1493            2196                                
CQUAD4*             1670               2            1497            2195
*                   2197            1498                                
CQUAD4*             1671               2            2195            2196
*                   2198            2197                                
CQUAD4*             1672               2            2196            1493
*                   1492            2198                                
CQUAD4*             1673               2            1498            2197
*                   2199            1499                                
CQUAD4*             1674               2            2197            2198
*                   2200            2199                                
CQUAD4*             1675               2            2198            1492
*                   1491            2200                                
CQUAD4*             1676               2            1499            2199
*                   2201            1500                                
CQUAD4*             1677               2            2199            2200
*                   2202            2201                                
CQUAD4*             1678               2            2200            1491
*                   1490            2202                                
CQUAD4*             1679               2            1500            2201
*                   2203            1501                                
CQUAD4*             1680               2            2201            2202
*                   2204            2203                                
CQUAD4*             1681               2            2202            1490
*                   1489            2204                                
CQUAD4*             1682               2            1501            2203
*                   2205            1502                                
CQUAD4*             1683               2            2203            2204
*                   2206            2205                                
CQUAD4*             1684               2            2204            1489
*                   1057            2206                                
CQUAD4*             1685               2            1502            2205
*                   2207            1503                                
CQUAD4*             1686               2            2205            2206
*                   2208            2207                                
CQUAD4*             1687               2            2206            1057
*                   1572            2208                                
CQUAD4*             1688               2            1503            2207
*                   2209            1504                                
CQUAD4*             1689               2            2207            2208
*                   2210            2209                                
CQUAD4*             1690               2            2208            1572
*                   1573            2210                                
CQUAD4*             1691               2            1504            2209
*                   2211            1505                                
CQUAD4*             1692               2            2209            2210
*                   2212            2211                                
CQUAD4*             1693               2            2210            1573
*                   1574            2212                                
CQUAD4*             1694               2            1505            2211
*                   2213            1506                                
CQUAD4*             1695               2            2211            2212
*                   2214            2213                                
CQUAD4*             1696               2            2212            1574
*                   1575            2214                                
CQUAD4*             1697               2            1506            2213
*                   2215            1507                                
CQUAD4*             1698               2            2213            2214
*                   2216            2215                                
CQUAD4*             1699               2            2214            1575
*                   1576            2216                                
CQUAD4*             1700               2            1507            2215
*                   2217            1508                                
CQUAD4*             1701               2            2215            2216
*                   2218            2217                                
CQUAD4*             1702               2            2216            1576
*                   1577            2218                                
CQUAD4*             1703               2            1508            2217
*                   2219            1509                                
CQUAD4*             1704               2            2217            2218
*                   2220            2219                                
CQUAD4*             1705               2            2218            1577
*                   1056            2220                                
CQUAD4*             1706               2            1509            2219
*                   2221            1510                                
CQUAD4*             1707               2            2219            2220
*                   2222            2221                                
CQUAD4*             1708               2            2220            1056
*                   1487            2222                                
CQUAD4*             1709               2            1510            2221
*                   2223            1511                                
CQUAD4*             1710               2            2221            2222
*                   2224            2223                                
CQUAD4*             1711               2            2222            1487
*                   1486            2224                                
CQUAD4*             1712               2            1511            2223
*                   2225            1512                                
CQUAD4*             1713               2            2223            2224
*                   2226            2225                                
CQUAD4*             1714               2            2224            1486
*                   1485            2226                                
CQUAD4*             1715               2            1512            2225
*                   2227            1513                                
CQUAD4*             1716               2            2225            2226
*                   2228            2227                                
CQUAD4*             1717               2            2226            1485
*                   1484            2228                                
CQUAD4*             1718               2            1513            2227
*                   2229            1514                                
CQUAD4*             1719               2            2227            2228
*                   2230            2229                                
CQUAD4*             1720               2            2228            1484
*                   1483            2230                                
CQUAD4*             1721               2            1514            2229
*                   2231            1515                                
CQUAD4*             1722               2            2229            2230
*                   2232            2231                                
CQUAD4*             1723               2            2230            1483
*                   1482            2232                                
CQUAD4*             1724               2            1515            2231
*                   2233            1516                                
CQUAD4*             1725               2            2231            2232
*                   2234            2233                                
CQUAD4*             1726               2            2232            1482
*                   1481            2234                                
CQUAD4*             1727               2            1516            2233
*                   2235            1517                                
CQUAD4*             1728               2            2233            2234
*                   2236            2235                                
CQUAD4*             1729               2            2234            1481
*                   1480            2236                                
CQUAD4*             1730               2            1517            2235
*                   2237            1518                                
CQUAD4*             1731               2            2235            2236
*                   2238            2237                                
CQUAD4*             1732               2            2236            1480
*                   1479            2238                                
CQUAD4*             1733               2            1518            2237
*                   2239            1519                                
CQUAD4*             1734               2            2237            2238
*                   2240            2239                                
CQUAD4*             1735               2            2238            1479
*                   1478            2240                                
CQUAD4*             1736               2            1519            2239
*                   2241            1520                                
CQUAD4*             1737               2            2239            2240
*                   2242            2241                                
CQUAD4*             1738               2            2240            1478
*                   1477            2242                                
CQUAD4*             1739               2            1520            2241
*                   2243            1521                                
CQUAD4*             1740               2            2241            2242
*                   2244            2243                                
CQUAD4*             1741               2            2242            1477
*                   1476            2244                                
CQUAD4*             1742               2            1521            2243
*                   2245            1522                                
CQUAD4*             1743               2            2243            2244
*                   2246            2245                                
CQUAD4*             1744               2            2244            1476
*                   1475            2246                                
CQUAD4*             1745               2            1522            2245
*                   2247            1523                                
CQUAD4*             1746               2            2245            2246
*                   2248            2247                                
CQUAD4*             1747               2            2246            1475
*                   1474            2248                                
CQUAD4*             1748               2            1523            2247
*                   2249            1524                                
CQUAD4*             1749               2            2247            2248
*                   2250            2249                                
CQUAD4*             1750               2            2248            1474
*                   1473            2250                                
CQUAD4*             1751               2            1524            2249
*                   2251            1525                                
CQUAD4*             1752               2            2249            2250
*                   2252            2251                                
CQUAD4*             1753               2            2250            1473
*                   1472            2252                                
CQUAD4*             1754               2            1525            2251
*                   2253            1526                                
CQUAD4*             1755               2            2251            2252
*                   2254            2253                                
CQUAD4*             1756               2            2252            1472
*                   1471            2254                                
CQUAD4*             1757               2            1526            2253
*                   2255            1527                                
CQUAD4*             1758               2            2253            2254
*                   2256            2255                                
CQUAD4*             1759               2            2254            1471
*                   1470            2256                                
CQUAD4*             1760               2            1527            2255
*                   2257            1528                                
CQUAD4*             1761               2            2255            2256
*                   2258            2257                                
CQUAD4*             1762               2            2256            1470
*                   1469            2258                                
CQUAD4*             1763               2            1528            2257
*                   2259            1529                                
CQUAD4*             1764               2            2257            2258
*                   2260            2259                                
CQUAD4*             1765               2            2258            1469
*                   1468            2260                                
CQUAD4*             1766               2            1529            2259
*                   2261            1530                                
CQUAD4*             1767               2            2259            2260
*                   2262            2261                                
CQUAD4*             1768               2            2260            1468
*                   1467            2262                                
CQUAD4*             1769               2            1530            2261
*                   2263            1531                                
CQUAD4*             1770               2            2261            2262
*                   2264            2263                                
CQUAD4*             1771               2            2262            1467
*                   1466            2264                                
CQUAD4*             1772               2            1531            2263
*                   2265            1532                                
CQUAD4*             1773               2            2263            2264
*                   2266            2265                                
CQUAD4*             1774               2            2264            1466
*                   1465            2266                                
CQUAD4*             1775               2            1532            2265
*                   1579            1061                                
CQUAD4*             1776               2            2265            2266
*                   1578            1579                                
CQUAD4*             1777               2            2266            1465
*                   1039            1578                                
CQUAD4*             1778               2            1057            1488
*                   2267            1572                                
CQUAD4*             1779               2            1488            1054
*                   1580            2267                                
CQUAD4*             1780               2            1572            2267
*                   2268            1573                                
CQUAD4*             1781               2            2267            1580
*                   1581            2268                                
CQUAD4*             1782               2            1573            2268
*                   2269            1574                                
CQUAD4*             1783               2            2268            1581
*                   1582            2269                                
CQUAD4*             1784               2            1574            2269
*                   2270            1575                                
CQUAD4*             1785               2            2269            1582
*                   1583            2270                                
CQUAD4*             1786               2            1575            2270
*                   2271            1576                                
CQUAD4*             1787               2            2270            1583
*                   1584            2271                                
CQUAD4*             1788               2            1576            2271
*                   2272            1577                                
CQUAD4*             1789               2            2271            1584
*                   1585            2272                                
CQUAD4*             1790               2            1577            2272
*                   1464            1056                                
CQUAD4*             1791               2            2272            1585
*                   1053            1464                                
CQUAD4*             1792               2            1054            1456
*                   2273            1580                                
CQUAD4*             1793               2            1456            1051
*                   1586            2273                                
CQUAD4*             1794               2            1580            2273
*                   2274            1581                                
CQUAD4*             1795               2            2273            1586
*                   1587            2274                                
CQUAD4*             1796               2            1581            2274
*                   2275            1582                                
CQUAD4*             1797               2            2274            1587
*                   1588            2275                                
CQUAD4*             1798               2            1582            2275
*                   2276            1583                                
CQUAD4*             1799               2            2275            1588
*                   1589            2276                                
CQUAD4*             1800               2            1583            2276
*                   2277            1584                                
CQUAD4*             1801               2            2276            1589
*                   1590            2277                                
CQUAD4*             1802               2            1584            2277
*                   2278            1585                                
CQUAD4*             1803               2            2277            1590
*                   1591            2278                                
CQUAD4*             1804               2            1585            2278
*                   1432            1053                                
CQUAD4*             1805               2            2278            1591
*                   1050            1432                                
CQUAD4*             1806               2            1051            1424
*                   2279            1586                                
CQUAD4*             1807               2            1424            1048
*                   1592            2279                                
CQUAD4*             1808               2            1586            2279
*                   2280            1587                                
CQUAD4*             1809               2            2279            1592
*                   1593            2280                                
CQUAD4*             1810               2            1587            2280
*                   2281            1588                                
CQUAD4*             1811               2            2280            1593
*                   1594            2281                                
CQUAD4*             1812               2            1588            2281
*                   2282            1589                                
CQUAD4*             1813               2            2281            1594
*                   1595            2282                                
CQUAD4*             1814               2            1589            2282
*                   2283            1590                                
CQUAD4*             1815               2            2282            1595
*                   1596            2283                                
CQUAD4*             1816               2            1590            2283
*                   2284            1591                                
CQUAD4*             1817               2            2283            1596
*                   1597            2284                                
CQUAD4*             1818               2            1591            2284
*                   1400            1050                                
CQUAD4*             1819               2            2284            1597
*                   1047            1400                                
CQUAD4*             1820               2            1048            1392
*                   2285            1592                                
CQUAD4*             1821               2            1392            1044
*                   1598            2285                                
CQUAD4*             1822               2            1592            2285
*                   2286            1593                                
CQUAD4*             1823               2            2285            1598
*                   1599            2286                                
CQUAD4*             1824               2            1593            2286
*                   2287            1594                                
CQUAD4*             1825               2            2286            1599
*                   1600            2287                                
CQUAD4*             1826               2            1594            2287
*                   2288            1595                                
CQUAD4*             1827               2            2287            1600
*                   1601            2288                                
CQUAD4*             1828               2            1595            2288
*                   2289            1596                                
CQUAD4*             1829               2            2288            1601
*                   1602            2289                                
CQUAD4*             1830               2            1596            2289
*                   2290            1597                                
CQUAD4*             1831               2            2289            1602
*                   1603            2290                                
CQUAD4*             1832               2            1597            2290
*                   1368            1047                                
CQUAD4*             1833               2            2290            1603
*                   1041            1368                                
CQUAD4*             1834               2            1044            1354
*                   2291            1598                                
CQUAD4*             1835               2            1354            1043
*                   1604            2291                                
CQUAD4*             1836               2            1598            2291
*                   2292            1599                                
CQUAD4*             1837               2            2291            1604
*                   1605            2292                                
CQUAD4*             1838               2            1599            2292
*                   2293            1600                                
CQUAD4*             1839               2            2292            1605
*                   1606            2293                                
CQUAD4*             1840               2            1600            2293
*                   2294            1601                                
CQUAD4*             1841               2            2293            1606
*                   1607            2294                                
CQUAD4*             1842               2            1601            2294
*                   2295            1602                                
CQUAD4*             1843               2            2294            1607
*                   1608            2295                                
CQUAD4*             1844               2            1602            2295
*                   2296            1603                                
CQUAD4*             1845               2            2295            1608
*                   1609            2296                                
CQUAD4*             1846               2            1603            2296
*                   1307            1041                                
CQUAD4*             1847               2            2296            1609
*                   1042            1307                                
CQUAD4*             1848               2            1046            1610
*                   2297            1362                                
CQUAD4*             1849               2            1610            1611
*                   2298            2297                                
CQUAD4*             1850               2            1611            1063
*                   1612            2298                                
CQUAD4*             1851               2            1362            2297
*                   2299            1363                                
CQUAD4*             1852               2            2297            2298
*                   2300            2299                                
CQUAD4*             1853               2            2298            1612
*                   1613            2300                                
CQUAD4*             1854               2            1363            2299
*                   2301            1364                                
CQUAD4*             1855               2            2299            2300
*                   2302            2301                                
CQUAD4*             1856               2            2300            1613
*                   1614            2302                                
CQUAD4*             1857               2            1364            2301
*                   2303            1365                                
CQUAD4*             1858               2            2301            2302
*                   2304            2303                                
CQUAD4*             1859               2            2302            1614
*                   1615            2304                                
CQUAD4*             1860               2            1365            2303
*                   2305            1366                                
CQUAD4*             1861               2            2303            2304
*                   2306            2305                                
CQUAD4*             1862               2            2304            1615
*                   1616            2306                                
CQUAD4*             1863               2            1366            2305
*                   2307            1367                                
CQUAD4*             1864               2            2305            2306
*                   2308            2307                                
CQUAD4*             1865               2            2306            1616
*                   1617            2308                                
CQUAD4*             1866               2            1367            2307
*                   2309            1043                                
CQUAD4*             1867               2            2307            2308
*                   2310            2309                                
CQUAD4*             1868               2            2308            1617
*                   1618            2310                                
CQUAD4*             1869               2            1043            2309
*                   2311            1604                                
CQUAD4*             1870               2            2309            2310
*                   2312            2311                                
CQUAD4*             1871               2            2310            1618
*                   1619            2312                                
CQUAD4*             1872               2            1604            2311
*                   2313            1605                                
CQUAD4*             1873               2            2311            2312
*                   2314            2313                                
CQUAD4*             1874               2            2312            1619
*                   1620            2314                                
CQUAD4*             1875               2            1605            2313
*                   2315            1606                                
CQUAD4*             1876               2            2313            2314
*                   2316            2315                                
CQUAD4*             1877               2            2314            1620
*                   1621            2316                                
CQUAD4*             1878               2            1606            2315
*                   2317            1607                                
CQUAD4*             1879               2            2315            2316
*                   2318            2317                                
CQUAD4*             1880               2            2316            1621
*                   1622            2318                                
CQUAD4*             1881               2            1607            2317
*                   2319            1608                                
CQUAD4*             1882               2            2317            2318
*                   2320            2319                                
CQUAD4*             1883               2            2318            1622
*                   1623            2320                                
CQUAD4*             1884               2            1608            2319
*                   2321            1609                                
CQUAD4*             1885               2            2319            2320
*                   2322            2321                                
CQUAD4*             1886               2            2320            1623
*                   1624            2322                                
CQUAD4*             1887               2            1609            2321
*                   2323            1042                                
CQUAD4*             1888               2            2321            2322
*                   2324            2323                                
CQUAD4*             1889               2            2322            1624
*                   1625            2324                                
CQUAD4*             1890               2            1042            2323
*                   2325            1308                                
CQUAD4*             1891               2            2323            2324
*                   2326            2325                                
CQUAD4*             1892               2            2324            1625
*                   1626            2326                                
CQUAD4*             1893               2            1308            2325
*                   2327            1309                                
CQUAD4*             1894               2            2325            2326
*                   2328            2327                                
CQUAD4*             1895               2            2326            1626
*                   1627            2328                                
CQUAD4*             1896               2            1309            2327
*                   2329            1310                                
CQUAD4*             1897               2            2327            2328
*                   2330            2329                                
CQUAD4*             1898               2            2328            1627
*                   1628            2330                                
CQUAD4*             1899               2            1310            2329
*                   2331            1311                                
CQUAD4*             1900               2            2329            2330
*                   2332            2331                                
CQUAD4*             1901               2            2330            1628
*                   1629            2332                                
CQUAD4*             1902               2            1311            2331
*                   2333            1312                                
CQUAD4*             1903               2            2331            2332
*                   2334            2333                                
CQUAD4*             1904               2            2332            1629
*                   1630            2334                                
CQUAD4*             1905               2            1312            2333
*                   2335            1313                                
CQUAD4*             1906               2            2333            2334
*                   2336            2335                                
CQUAD4*             1907               2            2334            1630
*                   1631            2336                                
CQUAD4*             1908               2            1313            2335
*                   2337            1314                                
CQUAD4*             1909               2            2335            2336
*                   2338            2337                                
CQUAD4*             1910               2            2336            1631
*                   1632            2338                                
CQUAD4*             1911               2            1314            2337
*                   2339            1315                                
CQUAD4*             1912               2            2337            2338
*                   2340            2339                                
CQUAD4*             1913               2            2338            1632
*                   1633            2340                                
CQUAD4*             1914               2            1315            2339
*                   2341            1316                                
CQUAD4*             1915               2            2339            2340
*                   2342            2341                                
CQUAD4*             1916               2            2340            1633
*                   1634            2342                                
CQUAD4*             1917               2            1316            2341
*                   2343            1317                                
CQUAD4*             1918               2            2341            2342
*                   2344            2343                                
CQUAD4*             1919               2            2342            1634
*                   1635            2344                                
CQUAD4*             1920               2            1317            2343
*                   2345            1318                                
CQUAD4*             1921               2            2343            2344
*                   2346            2345                                
CQUAD4*             1922               2            2344            1635
*                   1636            2346                                
CQUAD4*             1923               2            1318            2345
*                   2347            1319                                
CQUAD4*             1924               2            2345            2346
*                   2348            2347                                
CQUAD4*             1925               2            2346            1636
*                   1637            2348                                
CQUAD4*             1926               2            1319            2347
*                   2349            1320                                
CQUAD4*             1927               2            2347            2348
*                   2350            2349                                
CQUAD4*             1928               2            2348            1637
*                   1638            2350                                
CQUAD4*             1929               2            1320            2349
*                   2351            1321                                
CQUAD4*             1930               2            2349            2350
*                   2352            2351                                
CQUAD4*             1931               2            2350            1638
*                   1639            2352                                
CQUAD4*             1932               2            1321            2351
*                   2353            1322                                
CQUAD4*             1933               2            2351            2352
*                   2354            2353                                
CQUAD4*             1934               2            2352            1639
*                   1640            2354                                
CQUAD4*             1935               2            1322            2353
*                   2355            1323                                
CQUAD4*             1936               2            2353            2354
*                   2356            2355                                
CQUAD4*             1937               2            2354            1640
*                   1641            2356                                
CQUAD4*             1938               2            1323            2355
*                   2357            1324                                
CQUAD4*             1939               2            2355            2356
*                   2358            2357                                
CQUAD4*             1940               2            2356            1641
*                   1642            2358                                
CQUAD4*             1941               2            1324            2357
*                   2359            1325                                
CQUAD4*             1942               2            2357            2358
*                   2360            2359                                
CQUAD4*             1943               2            2358            1642
*                   1643            2360                                
CQUAD4*             1944               2            1325            2359
*                   2361            1326                                
CQUAD4*             1945               2            2359            2360
*                   2362            2361                                
CQUAD4*             1946               2            2360            1643
*                   1644            2362                                
CQUAD4*             1947               2            1326            2361
*                   2363            1327                                
CQUAD4*             1948               2            2361            2362
*                   2364            2363                                
CQUAD4*             1949               2            2362            1644
*                   1645            2364                                
CQUAD4*             1950               2            1327            2363
*                   2365            1328                                
CQUAD4*             1951               2            2363            2364
*                   2366            2365                                
CQUAD4*             1952               2            2364            1645
*                   1646            2366                                
CQUAD4*             1953               2            1328            2365
*                   2367            1329                                
CQUAD4*             1954               2            2365            2366
*                   2368            2367                                
CQUAD4*             1955               2            2366            1646
*                   1647            2368                                
CQUAD4*             1956               2            1329            2367
*                   2369            1330                                
CQUAD4*             1957               2            2367            2368
*                   2370            2369                                
CQUAD4*             1958               2            2368            1647
*                   1648            2370                                
CQUAD4*             1959               2            1330            2369
*                   1650            1026                                
CQUAD4*             1960               2            2369            2370
*                   1649            1650                                
CQUAD4*             1961               2            2370            1648
*                   1064            1649                                
CQUAD4*             1962               2            1062            1061
*                   1651            1724                                
CQUAD4*             1963               2            1724            1651
*                   1652            1723                                
CQUAD4*             1964               2            1723            1652
*                   1653            1722                                
CQUAD4*             1965               2            1722            1653
*                   1654            1721                                
CQUAD4*             1966               2            1721            1654
*                   1655            1720                                
CQUAD4*             1967               2            1720            1655
*                   1656            1719                                
CQUAD4*             1968               2            1719            1656
*                   1657            1718                                
CQUAD4*             1969               2            1718            1657
*                   1658            1717                                
CQUAD4*             1970               2            1717            1658
*                   1659            1716                                
CQUAD4*             1971               2            1716            1659
*                   1660            1715                                
CQUAD4*             1972               2            1715            1660
*                   1661            1714                                
CQUAD4*             1973               2            1714            1661
*                   1662            1713                                
CQUAD4*             1974               2            1713            1662
*                   1663            1712                                
CQUAD4*             1975               2            1712            1663
*                   1664            1711                                
CQUAD4*             1976               2            1711            1664
*                   1665            1710                                
CQUAD4*             1977               2            1710            1665
*                   1666            1709                                
CQUAD4*             1978               2            1709            1666
*                   1667            1708                                
CQUAD4*             1979               2            1708            1667
*                   1668            1707                                
CQUAD4*             1980               2            1707            1668
*                   1669            1706                                
CQUAD4*             1981               2            1706            1669
*                   1670            1705                                
CQUAD4*             1982               2            1705            1670
*                   1671            1704                                
CQUAD4*             1983               2            1704            1671
*                   1672            1703                                
CQUAD4*             1984               2            1703            1672
*                   1673            1702                                
CQUAD4*             1985               2            1702            1673
*                   1674            1701                                
CQUAD4*             1986               2            1701            1674
*                   1675            1700                                
CQUAD4*             1987               2            1700            1675
*                   1676            1699                                
CQUAD4*             1988               2            1699            1676
*                   1677            1698                                
CQUAD4*             1989               2            1698            1677
*                   1678            1697                                
CQUAD4*             1990               2            1697            1678
*                   1679            1696                                
CQUAD4*             1991               2            1696            1679
*                   1680            1695                                
CQUAD4*             1992               2            1695            1680
*                   1681            1694                                
CQUAD4*             1993               2            1694            1681
*                   1682            1693                                
CQUAD4*             1994               2            1693            1682
*                   1683            1692                                
CQUAD4*             1995               2            1692            1683
*                   1684            1691                                
CQUAD4*             1996               2            1691            1684
*                   1685            1690                                
CQUAD4*             1997               2            1690            1685
*                   1686            1689                                
CQUAD4*             1998               2            1689            1686
*                   1687            1688                                
CQUAD4*             1999               2            1688            1687
*                   1065            1066                                
CQUAD4*             2000               2            1061            1579
*                   2371            1651                                
CQUAD4*             2001               2            1579            1578
*                   2372            2371                                
CQUAD4*             2002               2            1578            1039
*                   1298            2372                                
CQUAD4*             2003               2            1651            2371
*                   2373            1652                                
CQUAD4*             2004               2            2371            2372
*                   2374            2373                                
CQUAD4*             2005               2            2372            1298
*                   1297            2374                                
CQUAD4*             2006               2            1652            2373
*                   2375            1653                                
CQUAD4*             2007               2            2373            2374
*                   2376            2375                                
CQUAD4*             2008               2            2374            1297
*                   1296            2376                                
CQUAD4*             2009               2            1653            2375
*                   2377            1654                                
CQUAD4*             2010               2            2375            2376
*                   2378            2377                                
CQUAD4*             2011               2            2376            1296
*                   1295            2378                                
CQUAD4*             2012               2            1654            2377
*                   2379            1655                                
CQUAD4*             2013               2            2377            2378
*                   2380            2379                                
CQUAD4*             2014               2            2378            1295
*                   1294            2380                                
CQUAD4*             2015               2            1655            2379
*                   2381            1656                                
CQUAD4*             2016               2            2379            2380
*                   2382            2381                                
CQUAD4*             2017               2            2380            1294
*                   1293            2382                                
CQUAD4*             2018               2            1656            2381
*                   2383            1657                                
CQUAD4*             2019               2            2381            2382
*                   2384            2383                                
CQUAD4*             2020               2            2382            1293
*                   1292            2384                                
CQUAD4*             2021               2            1657            2383
*                   2385            1658                                
CQUAD4*             2022               2            2383            2384
*                   2386            2385                                
CQUAD4*             2023               2            2384            1292
*                   1291            2386                                
CQUAD4*             2024               2            1658            2385
*                   2387            1659                                
CQUAD4*             2025               2            2385            2386
*                   2388            2387                                
CQUAD4*             2026               2            2386            1291
*                   1290            2388                                
CQUAD4*             2027               2            1659            2387
*                   2389            1660                                
CQUAD4*             2028               2            2387            2388
*                   2390            2389                                
CQUAD4*             2029               2            2388            1290
*                   1289            2390                                
CQUAD4*             2030               2            1660            2389
*                   2391            1661                                
CQUAD4*             2031               2            2389            2390
*                   2392            2391                                
CQUAD4*             2032               2            2390            1289
*                   1288            2392                                
CQUAD4*             2033               2            1661            2391
*                   2393            1662                                
CQUAD4*             2034               2            2391            2392
*                   2394            2393                                
CQUAD4*             2035               2            2392            1288
*                   1287            2394                                
CQUAD4*             2036               2            1662            2393
*                   2395            1663                                
CQUAD4*             2037               2            2393            2394
*                   2396            2395                                
CQUAD4*             2038               2            2394            1287
*                   1286            2396                                
CQUAD4*             2039               2            1663            2395
*                   2397            1664                                
CQUAD4*             2040               2            2395            2396
*                   2398            2397                                
CQUAD4*             2041               2            2396            1286
*                   1285            2398                                
CQUAD4*             2042               2            1664            2397
*                   2399            1665                                
CQUAD4*             2043               2            2397            2398
*                   2400            2399                                
CQUAD4*             2044               2            2398            1285
*                   1284            2400                                
CQUAD4*             2045               2            1665            2399
*                   2401            1666                                
CQUAD4*             2046               2            2399            2400
*                   2402            2401                                
CQUAD4*             2047               2            2400            1284
*                   1283            2402                                
CQUAD4*             2048               2            1666            2401
*                   2403            1667                                
CQUAD4*             2049               2            2401            2402
*                   2404            2403                                
CQUAD4*             2050               2            2402            1283
*                   1282            2404                                
CQUAD4*             2051               2            1667            2403
*                   2405            1668                                
CQUAD4*             2052               2            2403            2404
*                   2406            2405                                
CQUAD4*             2053               2            2404            1282
*                   1281            2406                                
CQUAD4*             2054               2            1668            2405
*                   2407            1669                                
CQUAD4*             2055               2            2405            2406
*                   2408            2407                                
CQUAD4*             2056               2            2406            1281
*                   1280            2408                                
CQUAD4*             2057               2            1669            2407
*                   2409            1670                                
CQUAD4*             2058               2            2407            2408
*                   2410            2409                                
CQUAD4*             2059               2            2408            1280
*                   1279            2410                                
CQUAD4*             2060               2            1670            2409
*                   2411            1671                                
CQUAD4*             2061               2            2409            2410
*                   2412            2411                                
CQUAD4*             2062               2            2410            1279
*                   1278            2412                                
CQUAD4*             2063               2            1671            2411
*                   2413            1672                                
CQUAD4*             2064               2            2411            2412
*                   2414            2413                                
CQUAD4*             2065               2            2412            1278
*                   1277            2414                                
CQUAD4*             2066               2            1672            2413
*                   2415            1673                                
CQUAD4*             2067               2            2413            2414
*                   2416            2415                                
CQUAD4*             2068               2            2414            1277
*                   1276            2416                                
CQUAD4*             2069               2            1673            2415
*                   2417            1674                                
CQUAD4*             2070               2            2415            2416
*                   2418            2417                                
CQUAD4*             2071               2            2416            1276
*                   1038            2418                                
CQUAD4*             2072               2            1674            2417
*                   2419            1675                                
CQUAD4*             2073               2            2417            2418
*                   2420            2419                                
CQUAD4*             2074               2            2418            1038
*                   1306            2420                                
CQUAD4*             2075               2            1675            2419
*                   2421            1676                                
CQUAD4*             2076               2            2419            2420
*                   2422            2421                                
CQUAD4*             2077               2            2420            1306
*                   1305            2422                                
CQUAD4*             2078               2            1676            2421
*                   2423            1677                                
CQUAD4*             2079               2            2421            2422
*                   2424            2423                                
CQUAD4*             2080               2            2422            1305
*                   1304            2424                                
CQUAD4*             2081               2            1677            2423
*                   2425            1678                                
CQUAD4*             2082               2            2423            2424
*                   2426            2425                                
CQUAD4*             2083               2            2424            1304
*                   1303            2426                                
CQUAD4*             2084               2            1678            2425
*                   2427            1679                                
CQUAD4*             2085               2            2425            2426
*                   2428            2427                                
CQUAD4*             2086               2            2426            1303
*                   1302            2428                                
CQUAD4*             2087               2            1679            2427
*                   2429            1680                                
CQUAD4*             2088               2            2427            2428
*                   2430            2429                                
CQUAD4*             2089               2            2428            1302
*                   1301            2430                                
CQUAD4*             2090               2            1680            2429
*                   2431            1681                                
CQUAD4*             2091               2            2429            2430
*                   2432            2431                                
CQUAD4*             2092               2            2430            1301
*                   1040            2432                                
CQUAD4*             2093               2            1681            2431
*                   2433            1682                                
CQUAD4*             2094               2            2431            2432
*                   2434            2433                                
CQUAD4*             2095               2            2432            1040
*                   1725            2434                                
CQUAD4*             2096               2            1682            2433
*                   2435            1683                                
CQUAD4*             2097               2            2433            2434
*                   2436            2435                                
CQUAD4*             2098               2            2434            1725
*                   1726            2436                                
CQUAD4*             2099               2            1683            2435
*                   2437            1684                                
CQUAD4*             2100               2            2435            2436
*                   2438            2437                                
CQUAD4*             2101               2            2436            1726
*                   1727            2438                                
CQUAD4*             2102               2            1684            2437
*                   2439            1685                                
CQUAD4*             2103               2            2437            2438
*                   2440            2439                                
CQUAD4*             2104               2            2438            1727
*                   1728            2440                                
CQUAD4*             2105               2            1685            2439
*                   2441            1686                                
CQUAD4*             2106               2            2439            2440
*                   2442            2441                                
CQUAD4*             2107               2            2440            1728
*                   1729            2442                                
CQUAD4*             2108               2            1686            2441
*                   2443            1687                                
CQUAD4*             2109               2            2441            2442
*                   2444            2443                                
CQUAD4*             2110               2            2442            1729
*                   1730            2444                                
CQUAD4*             2111               2            1687            2443
*                   1732            1065                                
CQUAD4*             2112               2            2443            2444
*                   1731            1732                                
CQUAD4*             2113               2            2444            1730
*                   1067            1731                                
CQUAD4*             2114               2            1040            1300
*                   2445            1725                                
CQUAD4*             2115               2            1300            1037
*                   1733            2445                                
CQUAD4*             2116               2            1725            2445
*                   2446            1726                                
CQUAD4*             2117               2            2445            1733
*                   1734            2446                                
CQUAD4*             2118               2            1726            2446
*                   2447            1727                                
CQUAD4*             2119               2            2446            1734
*                   1735            2447                                
CQUAD4*             2120               2            1727            2447
*                   2448            1728                                
CQUAD4*             2121               2            2447            1735
*                   1736            2448                                
CQUAD4*             2122               2            1728            2448
*                   2449            1729                                
CQUAD4*             2123               2            2448            1736
*                   1737            2449                                
CQUAD4*             2124               2            1729            2449
*                   2450            1730                                
CQUAD4*             2125               2            2449            1737
*                   1738            2450                                
CQUAD4*             2126               2            1730            2450
*                   1739            1067                                
CQUAD4*             2127               2            2450            1738
*                   1068            1739                                
CQUAD4*             2128               2            1037            1268
*                   2451            1733                                
CQUAD4*             2129               2            1268            1034
*                   1740            2451                                
CQUAD4*             2130               2            1733            2451
*                   2452            1734                                
CQUAD4*             2131               2            2451            1740
*                   1741            2452                                
CQUAD4*             2132               2            1734            2452
*                   2453            1735                                
CQUAD4*             2133               2            2452            1741
*                   1742            2453                                
CQUAD4*             2134               2            1735            2453
*                   2454            1736                                
CQUAD4*             2135               2            2453            1742
*                   1743            2454                                
CQUAD4*             2136               2            1736            2454
*                   2455            1737                                
CQUAD4*             2137               2            2454            1743
*                   1744            2455                                
CQUAD4*             2138               2            1737            2455
*                   2456            1738                                
CQUAD4*             2139               2            2455            1744
*                   1745            2456                                
CQUAD4*             2140               2            1738            2456
*                   1746            1068                                
CQUAD4*             2141               2            2456            1745
*                   1069            1746                                
CQUAD4*             2142               2            1034            1236
*                   2457            1740                                
CQUAD4*             2143               2            1236            1031
*                   1747            2457                                
CQUAD4*             2144               2            1740            2457
*                   2458            1741                                
CQUAD4*             2145               2            2457            1747
*                   1748            2458                                
CQUAD4*             2146               2            1741            2458
*                   2459            1742                                
CQUAD4*             2147               2            2458            1748
*                   1749            2459                                
CQUAD4*             2148               2            1742            2459
*                   2460            1743                                
CQUAD4*             2149               2            2459            1749
*                   1750            2460                                
CQUAD4*             2150               2            1743            2460
*                   2461            1744                                
CQUAD4*             2151               2            2460            1750
*                   1751            2461                                
CQUAD4*             2152               2            1744            2461
*                   2462            1745                                
CQUAD4*             2153               2            2461            1751
*                   1752            2462                                
CQUAD4*             2154               2            1745            2462
*                   1753            1069                                
CQUAD4*             2155               2            2462            1752
*                   1070            1753                                
CQUAD4*             2156               2            1031            1204
*                   2463            1747                                
CQUAD4*             2157               2            1204            1028
*                   1754            2463                                
CQUAD4*             2158               2            1747            2463
*                   2464            1748                                
CQUAD4*             2159               2            2463            1754
*                   1755            2464                                
CQUAD4*             2160               2            1748            2464
*                   2465            1749                                
CQUAD4*             2161               2            2464            1755
*                   1756            2465                                
CQUAD4*             2162               2            1749            2465
*                   2466            1750                                
CQUAD4*             2163               2            2465            1756
*                   1757            2466                                
CQUAD4*             2164               2            1750            2466
*                   2467            1751                                
CQUAD4*             2165               2            2466            1757
*                   1758            2467                                
CQUAD4*             2166               2            1751            2467
*                   2468            1752                                
CQUAD4*             2167               2            2467            1758
*                   1759            2468                                
CQUAD4*             2168               2            1752            2468
*                   1760            1070                                
CQUAD4*             2169               2            2468            1759
*                   1071            1760                                
CQUAD4*             2170               2            1028            1166
*                   2469            1754                                
CQUAD4*             2171               2            1166            1027
*                   1761            2469                                
CQUAD4*             2172               2            1754            2469
*                   2470            1755                                
CQUAD4*             2173               2            2469            1761
*                   1762            2470                                
CQUAD4*             2174               2            1755            2470
*                   2471            1756                                
CQUAD4*             2175               2            2470            1762
*                   1763            2471                                
CQUAD4*             2176               2            1756            2471
*                   2472            1757                                
CQUAD4*             2177               2            2471            1763
*                   1764            2472                                
CQUAD4*             2178               2            1757            2472
*                   2473            1758                                
CQUAD4*             2179               2            2472            1764
*                   1765            2473                                
CQUAD4*             2180               2            1758            2473
*                   2474            1759                                
CQUAD4*             2181               2            2473            1765
*                   1766            2474                                
CQUAD4*             2182               2            1759            2474
*                   1767            1071                                
CQUAD4*             2183               2            2474            1766
*                   1072            1767                                
CQUAD4*             2184               2            1026            1650
*                   2475            1143                                
CQUAD4*             2185               2            1650            1649
*                   2476            2475                                
CQUAD4*             2186               2            1649            1064
*                   1768            2476                                
CQUAD4*             2187               2            1143            2475
*                   2477            1144                                
CQUAD4*             2188               2            2475            2476
*                   2478            2477                                
CQUAD4*             2189               2            2476            1768
*                   1769            2478                                
CQUAD4*             2190               2            1144            2477
*                   2479            1145                                
CQUAD4*             2191               2            2477            2478
*                   2480            2479                                
CQUAD4*             2192               2            2478            1769
*                   1770            2480                                
CQUAD4*             2193               2            1145            2479
*                   2481            1146                                
CQUAD4*             2194               2            2479            2480
*                   2482            2481                                
CQUAD4*             2195               2            2480            1770
*                   1771            2482                                
CQUAD4*             2196               2            1146            2481
*                   2483            1147                                
CQUAD4*             2197               2            2481            2482
*                   2484            2483                                
CQUAD4*             2198               2            2482            1771
*                   1772            2484                                
CQUAD4*             2199               2            1147            2483
*                   2485            1148                                
CQUAD4*             2200               2            2483            2484
*                   2486            2485                                
CQUAD4*             2201               2            2484            1772
*                   1773            2486                                
CQUAD4*             2202               2            1148            2485
*                   2487            1149                                
CQUAD4*             2203               2            2485            2486
*                   2488            2487                                
CQUAD4*             2204               2            2486            1773
*                   1774            2488                                
CQUAD4*             2205               2            1149            2487
*                   2489            1150                                
CQUAD4*             2206               2            2487            2488
*                   2490            2489                                
CQUAD4*             2207               2            2488            1774
*                   1775            2490                                
CQUAD4*             2208               2            1150            2489
*                   2491            1151                                
CQUAD4*             2209               2            2489            2490
*                   2492            2491                                
CQUAD4*             2210               2            2490            1775
*                   1776            2492                                
CQUAD4*             2211               2            1151            2491
*                   2493            1152                                
CQUAD4*             2212               2            2491            2492
*                   2494            2493                                
CQUAD4*             2213               2            2492            1776
*                   1777            2494                                
CQUAD4*             2214               2            1152            2493
*                   2495            1153                                
CQUAD4*             2215               2            2493            2494
*                   2496            2495                                
CQUAD4*             2216               2            2494            1777
*                   1778            2496                                
CQUAD4*             2217               2            1153            2495
*                   2497            1154                                
CQUAD4*             2218               2            2495            2496
*                   2498            2497                                
CQUAD4*             2219               2            2496            1778
*                   1779            2498                                
CQUAD4*             2220               2            1154            2497
*                   2499            1155                                
CQUAD4*             2221               2            2497            2498
*                   2500            2499                                
CQUAD4*             2222               2            2498            1779
*                   1780            2500                                
CQUAD4*             2223               2            1155            2499
*                   2501            1156                                
CQUAD4*             2224               2            2499            2500
*                   2502            2501                                
CQUAD4*             2225               2            2500            1780
*                   1781            2502                                
CQUAD4*             2226               2            1156            2501
*                   2503            1157                                
CQUAD4*             2227               2            2501            2502
*                   2504            2503                                
CQUAD4*             2228               2            2502            1781
*                   1782            2504                                
CQUAD4*             2229               2            1157            2503
*                   2505            1158                                
CQUAD4*             2230               2            2503            2504
*                   2506            2505                                
CQUAD4*             2231               2            2504            1782
*                   1783            2506                                
CQUAD4*             2232               2            1158            2505
*                   2507            1159                                
CQUAD4*             2233               2            2505            2506
*                   2508            2507                                
CQUAD4*             2234               2            2506            1783
*                   1784            2508                                
CQUAD4*             2235               2            1159            2507
*                   2509            1160                                
CQUAD4*             2236               2            2507            2508
*                   2510            2509                                
CQUAD4*             2237               2            2508            1784
*                   1785            2510                                
CQUAD4*             2238               2            1160            2509
*                   2511            1161                                
CQUAD4*             2239               2            2509            2510
*                   2512            2511                                
CQUAD4*             2240               2            2510            1785
*                   1786            2512                                
CQUAD4*             2241               2            1161            2511
*                   2513            1162                                
CQUAD4*             2242               2            2511            2512
*                   2514            2513                                
CQUAD4*             2243               2            2512            1786
*                   1787            2514                                
CQUAD4*             2244               2            1162            2513
*                   2515            1163                                
CQUAD4*             2245               2            2513            2514
*                   2516            2515                                
CQUAD4*             2246               2            2514            1787
*                   1788            2516                                
CQUAD4*             2247               2            1163            2515
*                   2517            1164                                
CQUAD4*             2248               2            2515            2516
*                   2518            2517                                
CQUAD4*             2249               2            2516            1788
*                   1789            2518                                
CQUAD4*             2250               2            1164            2517
*                   2519            1165                                
CQUAD4*             2251               2            2517            2518
*                   2520            2519                                
CQUAD4*             2252               2            2518            1789
*                   1790            2520                                
CQUAD4*             2253               2            1165            2519
*                   2521            1023                                
CQUAD4*             2254               2            2519            2520
*                   2522            2521                                
CQUAD4*             2255               2            2520            1790
*                   1791            2522                                
CQUAD4*             2256               2            1023            2521
*                   2523            1173                                
CQUAD4*             2257               2            2521            2522
*                   2524            2523                                
CQUAD4*             2258               2            2522            1791
*                   1792            2524                                
CQUAD4*             2259               2            1173            2523
*                   2525            1174                                
CQUAD4*             2260               2            2523            2524
*                   2526            2525                                
CQUAD4*             2261               2            2524            1792
*                   1793            2526                                
CQUAD4*             2262               2            1174            2525
*                   2527            1175                                
CQUAD4*             2263               2            2525            2526
*                   2528            2527                                
CQUAD4*             2264               2            2526            1793
*                   1794            2528                                
CQUAD4*             2265               2            1175            2527
*                   2529            1176                                
CQUAD4*             2266               2            2527            2528
*                   2530            2529                                
CQUAD4*             2267               2            2528            1794
*                   1795            2530                                
CQUAD4*             2268               2            1176            2529
*                   2531            1177                                
CQUAD4*             2269               2            2529            2530
*                   2532            2531                                
CQUAD4*             2270               2            2530            1795
*                   1796            2532                                
CQUAD4*             2271               2            1177            2531
*                   2533            1178                                
CQUAD4*             2272               2            2531            2532
*                   2534            2533                                
CQUAD4*             2273               2            2532            1796
*                   1797            2534                                
CQUAD4*             2274               2            1178            2533
*                   2535            1027                                
CQUAD4*             2275               2            2533            2534
*                   2536            2535                                
CQUAD4*             2276               2            2534            1797
*                   1798            2536                                
CQUAD4*             2277               2            1027            2535
*                   2537            1761                                
CQUAD4*             2278               2            2535            2536
*                   2538            2537                                
CQUAD4*             2279               2            2536            1798
*                   1799            2538                                
CQUAD4*             2280               2            1761            2537
*                   2539            1762                                
CQUAD4*             2281               2            2537            2538
*                   2540            2539                                
CQUAD4*             2282               2            2538            1799
*                   1800            2540                                
CQUAD4*             2283               2            1762            2539
*                   2541            1763                                
CQUAD4*             2284               2            2539            2540
*                   2542            2541                                
CQUAD4*             2285               2            2540            1800
*                   1801            2542                                
CQUAD4*             2286               2            1763            2541
*                   2543            1764                                
CQUAD4*             2287               2            2541            2542
*                   2544            2543                                
CQUAD4*             2288               2            2542            1801
*                   1802            2544                                
CQUAD4*             2289               2            1764            2543
*                   2545            1765                                
CQUAD4*             2290               2            2543            2544
*                   2546            2545                                
CQUAD4*             2291               2            2544            1802
*                   1803            2546                                
CQUAD4*             2292               2            1765            2545
*                   2547            1766                                
CQUAD4*             2293               2            2545            2546
*                   2548            2547                                
CQUAD4*             2294               2            2546            1803
*                   1804            2548                                
CQUAD4*             2295               2            1766            2547
*                   1806            1072                                
CQUAD4*             2296               2            2547            2548
*                   1805            1806                                
CQUAD4*             2297               2            2548            1804
*                   1073            1805                                
CQUAD4*             2300               2            1074            1807
*                   1820            1077                                
CQUAD4*             2301               2            2565            2564
*                   2553            2551                                
CQUAD4*             2302               2            1040            1817
*                   2551            1301                                
CQUAD4*             2303               2            1817            1818
*                   2552            2551                                
CQUAD4*             2304               2            2564            2563
*                   2557            2553                                
CQUAD4*             2305               2            1301            2551
*                   2553            1302                                
CQUAD4*             2306               2            1811            1812
*                   2549            2570                                
CQUAD4*             2307               2            2550            2549
*                   1812            1813                                
CQUAD4*             2308               2            2562            2550
*                   1813            1814                                
CQUAD4*             2309               2            2556            2561
*                   1815            1816                                
CQUAD4*             2310               2            2567            1820
*                   1807            1016                                
CQUAD4*             2311               2            2558            2565
*                   2551            2552                                
CQUAD4*             2312               2            1303            2557
*                   2554            1304                                
CQUAD4*             2313               2            2570            2549
*                   1808            1809                                
CQUAD4*             2314               2            1075            1810
*                   2570            1809                                
CQUAD4*             2315               2            1076            1811
*                   2570            1810                                
CQUAD4*             2316               2            1808            2549
*                   2550            1015                                
CQUAD4*             2317               2            2561            2562
*                   1814            1815                                
CQUAD4*             2318               2            2566            2554
*                   2557            2563                                
CQUAD4*             2319               2            1304            2554
*                   2555            1305                                
CQUAD4*             2320               2            2555            2569
*                   2561            2556                                
CQUAD4*             2321               2            1816            1038
*                   1306            2556                                
CQUAD4*             2322               2            1302            2553
*                   2557            1303                                
CQUAD4*             2323               2            1305            2555
*                   2556            1306                                
CQUAD4*             2324               2            1818            1819
*                   2567            2552                                
CQUAD4*             2325               2            1090            2559
*                   2560            1091                                
CQUAD4*             2326               2            2558            1016
*                   1091            2560                                
CQUAD4*             2327               2            2559            2568
*                   2566            2563                                
CQUAD4*             2328               2            2562            2568
*                   1015            2550                                
CQUAD4*             2329               2            2559            2563
*                   2564            2560                                
CQUAD4*             2330               2            2558            2552
*                   2567            1016                                
CQUAD4*             2331               2            2559            1090
*                   1015            2568                                
CQUAD4*             2332               2            2561            2569
*                   2568            2562                                
CQUAD4*             2333               2            2560            2564
*                   2565            2558                                
CQUAD4*             2334               2            2554            2566
*                   2569            2555                                
CQUAD4*             2337               2            1078            1821
*                   1834            1081                                
CQUAD4*             2338               2            2582            1020
*                   1105            2581                                
CQUAD4*             2339               2            2574            2572
*                   2582            2573                                
CQUAD4*             2340               2            1831            1832
*                   2572            2574                                
CQUAD4*             2341               2            2574            1572
*                   1057            1831                                
CQUAD4*             2342               2            2578            2583
*                   1829            1830                                
CQUAD4*             2343               2            2587            2580
*                   2589            2590                                
CQUAD4*             2344               2            1822            2577
*                   2576            1019                                
CQUAD4*             2345               2            2576            2577
*                   1826            1827                                
CQUAD4*             2346               2            2583            2584
*                   1828            1829                                
CQUAD4*             2347               2            1821            1020
*                   2592            2588                                
CQUAD4*             2348               2            2579            1574
*                   1573            2573                                
CQUAD4*             2349               2            2586            2585
*                   2579            2573                                
CQUAD4*             2350               2            1079            1824
*                   2591            1823                                
CQUAD4*             2351               2            2591            2577
*                   1822            1823                                
CQUAD4*             2352               2            1080            1825
*                   2591            1824                                
CQUAD4*             2353               2            2584            2576
*                   1827            1828                                
CQUAD4*             2354               2            2587            2571
*                   2579            2585                                
CQUAD4*             2355               2            1575            2571
*                   2575            1576                                
CQUAD4*             2356               2            2575            2590
*                   2583            2578                                
CQUAD4*             2357               2            1830            1056
*                   1577            2578                                
CQUAD4*             2358               2            1576            2575
*                   2578            1577                                
CQUAD4*             2359               2            2581            2586
*                   2573            2582                                
CQUAD4*             2360               2            1833            2588
*                   2592            1832                                
CQUAD4*             2361               2            2584            2589
*                   1019            2576                                
CQUAD4*             2362               2            2571            1575
*                   1574            2579                                
CQUAD4*             2363               2            1104            2580
*                   2581            1105                                
CQUAD4*             2364               2            1572            2574
*                   2573            1573                                
CQUAD4*             2365               2            2580            2585
*                   2586            2581                                
CQUAD4*             2366               2            1825            1826
*                   2577            2591                                
CQUAD4*             2367               2            2580            1104
*                   1019            2589                                
CQUAD4*             2368               2            2583            2590
*                   2589            2584                                
CQUAD4*             2369               2            1020            2582
*                   2572            2592                                
CQUAD4*             2370               2            2571            2587
*                   2590            2575                                
CQUAD4*             2371               2            1834            1821
*                   2588            1833                                
CQUAD4*             2374               2            1836            1835
*                   1082            1083                                
CQUAD4*             2375               2            1838            1839
*                   2595            2609                                
CQUAD4*             2376               2            2597            2601
*                   1176            1175                                
CQUAD4*             2377               2            1097            2602
*                   2604            1098                                
CQUAD4*             2378               2            2598            2597
*                   1175            1174                                
CQUAD4*             2379               2            1840            2600
*                   1173            1023                                
CQUAD4*             2380               2            2607            2610
*                   2603            2604                                
CQUAD4*             2381               2            1845            2614
*                   2593            1844                                
CQUAD4*             2382               2            1835            1836
*                   1837            1017                                
CQUAD4*             2383               2            1837            1838
*                   2609            1017                                
CQUAD4*             2384               2            1017            2609
*                   2602            1097                                
CQUAD4*             2385               2            1027            1178
*                   2596            1839                                
CQUAD4*             2386               2            1084            1846
*                   2614            1845                                
CQUAD4*             2387               2            1018            2594
*                   2593            1848                                
CQUAD4*             2388               2            2594            1843
*                   1844            2593                                
CQUAD4*             2389               2            1843            2594
*                   2605            1842                                
CQUAD4*             2390               2            2606            2612
*                   2598            2600                                
CQUAD4*             2391               2            2600            2598
*                   1174            1173                                
CQUAD4*             2392               2            1085            1847
*                   2614            1846                                
CQUAD4*             2393               2            2613            2608
*                   2615            2595                                
CQUAD4*             2394               2            2602            2609
*                   2595            2615                                
CQUAD4*             2395               2            1848            2593
*                   2614            1847                                
CQUAD4*             2396               2            2594            1018
*                   2603            2611                                
CQUAD4*             2397               2            2595            1839
*                   2596            2613                                
CQUAD4*             2398               2            1178            1177
*                   2599            2596                                
CQUAD4*             2399               2            1098            2604
*                   2603            1018                                
CQUAD4*             2400               2            2607            2601
*                   2597            2610                                
CQUAD4*             2401               2            2611            2612
*                   2605            2594                                
CQUAD4*             2402               2            2601            2599
*                   1177            1176                                
CQUAD4*             2403               2            2600            1840
*                   1841            2606                                
CQUAD4*             2404               2            1842            2605
*                   2606            1841                                
CQUAD4*             2405               2            2602            2615
*                   2608            2604                                
CQUAD4*             2406               2            2607            2608
*                   2599            2601                                
CQUAD4*             2407               2            2597            2598
*                   2612            2610                                
CQUAD4*             2408               2            2612            2611
*                   2603            2610                                
CQUAD4*             2409               2            2613            2596
*                   2599            2608                                
CQUAD4*             2412               2            2616            2622
*                   1841            1840                                
CQUAD4*             2413               2            2632            1845
*                   1844            2621                                
CQUAD4*             2414               2            1843            2619
*                   2621            1844                                
CQUAD4*             2415               2            2637            2623
*                   2644            2631                                
CQUAD4*             2416               2            1852            2628
*                   2629            1851                                
CQUAD4*             2417               2            2643            1816
*                   1815            2626                                
CQUAD4*             2418               2            1024            1179
*                   2616            1118                                
CQUAD4*             2419               2            1029            2633
*                   2620            2622                                
CQUAD4*             2420               2            1035            1275
*                   2643            1243                                
CQUAD4*             2421               2            1275            1038
*                   1816            2643                                
CQUAD4*             2422               2            1849            2635
*                   1811            1076                                
CQUAD4*             2423               2            2627            2636
*                   2624            2635                                
CQUAD4*             2424               2            1032            2637
*                   2631            2617                                
CQUAD4*             2425               2            2625            2623
*                   1814            1813                                
CQUAD4*             2426               2            1815            1814
*                   2623            2626                                
CQUAD4*             2427               2            1853            1084
*                   1845            2632                                
CQUAD4*             2428               2            1853            2632
*                   2628            1852                                
CQUAD4*             2429               2            2630            2634
*                   2633            2618                                
CQUAD4*             2430               2            1811            2635
*                   2624            1812                                
CQUAD4*             2431               2            2640            2639
*                   2629            2628                                
CQUAD4*             2432               2            2617            2618
*                   1211            1032                                
CQUAD4*             2433               2            1842            2620
*                   2619            1843                                
CQUAD4*             2434               2            1841            2622
*                   2620            1842                                
CQUAD4*             2435               2            1118            2616
*                   1840            1023                                
CQUAD4*             2436               2            2639            2636
*                   2627            2629                                
CQUAD4*             2437               2            1029            1211
*                   2618            2633                                
CQUAD4*             2438               2            2621            2640
*                   2628            2632                                
CQUAD4*             2439               2            2622            2616
*                   1179            1029                                
CQUAD4*             2440               2            1813            1812
*                   2624            2625                                
CQUAD4*             2441               2            1243            2643
*                   2637            1032                                
CQUAD4*             2442               2            2626            2623
*                   2637            2643                                
CQUAD4*             2443               2            2627            1850
*                   1851            2629                                
CQUAD4*             2444               2            2642            2641
*                   2638            2636                                
CQUAD4*             2445               2            2633            2634
*                   2619            2620                                
CQUAD4*             2446               2            2618            2617
*                   2631            2641                                
CQUAD4*             2447               2            2638            2625
*                   2624            2636                                
CQUAD4*             2448               2            2634            2640
*                   2621            2619                                
CQUAD4*             2449               2            2639            2640
*                   2634            2630                                
CQUAD4*             2450               2            2635            1849
*                   1850            2627                                
CQUAD4*             2451               2            2641            2642
*                   2630            2618                                
CQUAD4*             2452               2            2638            2641
*                   2631            2644                                
CQUAD4*             2453               2            2644            2623
*                   2625            2638                                
CQUAD4*             2456               2            2649            2658
*                   1839            1838                                
CQUAD4*             2457               2            2655            2647
*                   1854            1855                                
CQUAD4*             2458               2            2651            2659
*                   2653            2652                                
CQUAD4*             2459               2            2651            1819
*                   1818            2657                                
CQUAD4*             2460               2            1027            1839
*                   2658            1166                                
CQUAD4*             2461               2            1836            1083
*                   1854            2647                                
CQUAD4*             2462               2            1837            1836
*                   2647            2648                                
CQUAD4*             2463               2            2649            2648
*                   1031            1204                                
CQUAD4*             2464               2            2645            2646
*                   2655            2656                                
CQUAD4*             2465               2            1236            1031
*                   2646            2645                                
CQUAD4*             2466               2            1858            2652
*                   2653            1857                                
CQUAD4*             2467               2            1858            1077
*                   1820            2652                                
CQUAD4*             2468               2            1819            2651
*                   2652            1820                                
CQUAD4*             2469               2            1817            2650
*                   2657            1818                                
CQUAD4*             2470               2            2653            2659
*                   1034            2654                                
CQUAD4*             2471               2            1817            1040
*                   1300            2650                                
CQUAD4*             2472               2            1037            1268
*                   2650            1300                                
CQUAD4*             2473               2            2654            1856
*                   1857            2653                                
CQUAD4*             2474               2            1034            1236
*                   2645            2654                                
CQUAD4*             2475               2            2656            2655
*                   1855            1856                                
CQUAD4*             2476               2            2648            2647
*                   2655            2646                                
CQUAD4*             2477               2            1838            1837
*                   2648            2649                                
CQUAD4*             2478               2            2658            1204
*                   1028            1166                                
CQUAD4*             2479               2            2645            2656
*                   1856            2654                                
CQUAD4*             2480               2            2659            2650
*                   1268            1034                                
CQUAD4*             2481               2            2650            2659
*                   2651            2657                                
CQUAD4*             2482               2            1860            1859
*                   1086            1087                                
CQUAD4*             2483               2            1860            1861
*                   2677            1859                                
CQUAD4*             2484               2            2670            2660
*                   2662            2678                                
CQUAD4*             2485               2            2661            2667
*                   1606            1607                                
CQUAD4*             2486               2            2669            2668
*                   1112            1111                                
CQUAD4*             2487               2            2663            2661
*                   1607            1608                                
CQUAD4*             2488               2            1864            2666
*                   1609            1042                                
CQUAD4*             2489               2            2672            2671
*                   2675            2676                                
CQUAD4*             2490               2            2665            2679
*                   1871            1872                                
CQUAD4*             2491               2            2677            1861
*                   1862            2680                                
CQUAD4*             2492               2            1863            2660
*                   2680            1862                                
CQUAD4*             2493               2            1043            1604
*                   2660            1863                                
CQUAD4*             2494               2            1088            1870
*                   2679            1869                                
CQUAD4*             2495               2            1868            2665
*                   2664            1867                                
CQUAD4*             2496               2            1867            2664
*                   2671            1866                                
CQUAD4*             2497               2            2666            2672
*                   2676            2663                                
CQUAD4*             2498               2            2666            2663
*                   1608            1609                                
CQUAD4*             2499               2            1089            1871
*                   2679            1870                                
CQUAD4*             2500               2            1022            2664
*                   2665            1872                                
CQUAD4*             2501               2            1604            1605
*                   2662            2660                                
CQUAD4*             2502               2            2678            2673
*                   2669            2670                                
CQUAD4*             2503               2            2661            2674
*                   2673            2667                                
CQUAD4*             2504               2            2667            2662
*                   1605            1606                                
CQUAD4*             2505               2            2674            2676
*                   2675            2668                                
CQUAD4*             2506               2            2671            2664
*                   1022            2675                                
CQUAD4*             2507               2            2665            1868
*                   1869            2679                                
CQUAD4*             2508               2            2666            1864
*                   1865            2672                                
CQUAD4*             2509               2            1866            2671
*                   2672            1865                                
CQUAD4*             2510               2            2668            2669
*                   2673            2674                                
CQUAD4*             2511               2            1022            1112
*                   2668            2675                                
CQUAD4*             2512               2            2670            2669
*                   1111            1021                                
CQUAD4*             2513               2            2680            2660
*                   2670            1021                                
CQUAD4*             2514               2            2674            2661
*                   2663            2676                                
CQUAD4*             2515               2            1021            1859
*                   2677            2680                                
CQUAD4*             2516               2            2678            2662
*                   2667            2673                                
CQUAD4*             2519               2            2681            2684
*                   1865            1864                                
CQUAD4*             2520               2            2697            1869
*                   1868            2686                                
CQUAD4*             2521               2            1867            2685
*                   2686            1868                                
CQUAD4*             2522               2            2701            2690
*                   2709            2696                                
CQUAD4*             2523               2            1876            2693
*                   2694            1875                                
CQUAD4*             2524               2            2708            1830
*                   1829            2691                                
CQUAD4*             2525               2            1041            1368
*                   2681            1307                                
CQUAD4*             2526               2            1047            2698
*                   2687            2684                                
CQUAD4*             2527               2            2692            2702
*                   2688            2700                                
CQUAD4*             2528               2            1053            1464
*                   2708            1432                                
CQUAD4*             2529               2            1464            1056
*                   1830            2708                                
CQUAD4*             2530               2            1873            2700
*                   1825            1080                                
CQUAD4*             2531               2            2688            2689
*                   1827            1826                                
CQUAD4*             2532               2            1828            1827
*                   2689            2690                                
CQUAD4*             2533               2            1829            1828
*                   2690            2691                                
CQUAD4*             2534               2            1877            1088
*                   1869            2697                                
CQUAD4*             2535               2            1877            2697
*                   2693            1876                                
CQUAD4*             2536               2            2695            2699
*                   2698            2683                                
CQUAD4*             2537               2            1825            2700
*                   2688            1826                                
CQUAD4*             2538               2            2705            2704
*                   2694            2693                                
CQUAD4*             2539               2            2682            2683
*                   1400            1050                                
CQUAD4*             2540               2            1865            2684
*                   2687            1866                                
CQUAD4*             2541               2            2683            2698
*                   1047            1400                                
CQUAD4*             2542               2            2684            2681
*                   1368            1047                                
CQUAD4*             2543               2            1307            2681
*                   1864            1042                                
CQUAD4*             2544               2            2696            2682
*                   1050            2701                                
CQUAD4*             2545               2            2704            2702
*                   2692            2694                                
CQUAD4*             2546               2            2685            1867
*                   1866            2687                                
CQUAD4*             2547               2            2686            2705
*                   2693            2697                                
CQUAD4*             2548               2            2692            1874
*                   1875            2694                                
CQUAD4*             2549               2            1432            2708
*                   2701            1050                                
CQUAD4*             2550               2            2691            2690
*                   2701            2708                                
CQUAD4*             2551               2            2707            2706
*                   2703            2702                                
CQUAD4*             2552               2            2698            2699
*                   2685            2687                                
CQUAD4*             2553               2            2683            2682
*                   2696            2706                                
CQUAD4*             2554               2            2703            2689
*                   2688            2702                                
CQUAD4*             2555               2            2699            2705
*                   2686            2685                                
CQUAD4*             2556               2            2704            2705
*                   2699            2695                                
CQUAD4*             2557               2            2700            1873
*                   1874            2692                                
CQUAD4*             2558               2            2689            2703
*                   2709            2690                                
CQUAD4*             2559               2            2706            2707
*                   2695            2683                                
CQUAD4*             2560               2            2703            2706
*                   2696            2709                                
CQUAD4*             2563               2            2712            2723
*                   1863            1862                                
CQUAD4*             2564               2            2720            2713
*                   1878            1879                                
CQUAD4*             2565               2            2716            2724
*                   2718            2717                                
CQUAD4*             2566               2            2716            1833
*                   1832            2722                                
CQUAD4*             2567               2            1043            1863
*                   2723            1354                                
CQUAD4*             2568               2            1860            1087
*                   1878            2713                                
CQUAD4*             2569               2            1861            1860
*                   2713            2714                                
CQUAD4*             2570               2            2714            2713
*                   2720            2711                                
CQUAD4*             2571               2            2712            2714
*                   1048            1392                                
CQUAD4*             2572               2            2710            2711
*                   2720            2721                                
CQUAD4*             2573               2            1424            1048
*                   2711            2710                                
CQUAD4*             2574               2            1882            2717
*                   2718            1881                                
CQUAD4*             2575               2            1882            1081
*                   1834            2717                                
CQUAD4*             2576               2            1833            2716
*                   2717            1834                                
CQUAD4*             2577               2            1831            2715
*                   2722            1832                                
CQUAD4*             2578               2            2718            2724
*                   1051            2719                                
CQUAD4*             2579               2            1831            1057
*                   1488            2715                                
CQUAD4*             2580               2            1054            1456
*                   2715            1488                                
CQUAD4*             2581               2            2719            1880
*                   1881            2718                                
CQUAD4*             2582               2            1051            1424
*                   2710            2719                                
CQUAD4*             2583               2            2721            2720
*                   1879            1880                                
CQUAD4*             2584               2            1862            1861
*                   2714            2712                                
CQUAD4*             2585               2            2723            1392
*                   1044            1354                                
CQUAD4*             2586               2            2710            2721
*                   1880            2719                                
CQUAD4*             2587               2            2724            2715
*                   1456            1051                                
CQUAD4*             2588               2            2715            2724
*                   2716            2722                                
CTRIA3*             2298               2            2569            2566
*                   2568                                
CTRIA3*             2299               2            1820            2567
*                   1819                                
CTRIA3*             2335               2            2587            2585
*                   2580                                
CTRIA3*             2336               2            2592            2572
*                   1832                                
CTRIA3*             2372               2            2608            2607
*                   2604                                
CTRIA3*             2373               2            2605            2612
*                   2606                                
CTRIA3*             2410               2            2642            2636
*                   2639                                
CTRIA3*             2411               2            2639            2630
*                   2642                                
CTRIA3*             2454               2            2658            2649
*                   1204                                
CTRIA3*             2455               2            2648            2646
*                   1031                                
CTRIA3*             2517               2            2707            2702
*                   2704                                
CTRIA3*             2518               2            2704            2695
*                   2707                                
CTRIA3*             2561               2            2723            2712
*                   1392                                
CTRIA3*             2562               2            2714            2711
*                   1048                                
$
$ PSHELL created from shell section
$        elset = PART-1-COPY-2_SET-1
$     material = MATERIAL-1
PSHELL*                3               1   1.000000e+000               1
*                                                                       
$
CQUAD4*             2589               3            2725            2839
*                   3339            2844                                
CQUAD4*             2590               3            2839            2726
*                   2840            3339                                
CQUAD4*             2591               3            2844            3339
*                   3340            2843                                
CQUAD4*             2592               3            3339            2840
*                   2841            3340                                
CQUAD4*             2593               3            2843            3340
*                   2842            2728                                
CQUAD4*             2594               3            3340            2841
*                   2727            2842                                
CQUAD4*             2595               3            2726            2845
*                   3341            2840                                
CQUAD4*             2596               3            2845            2846
*                   3342            3341                                
CQUAD4*             2597               3            2846            2847
*                   3343            3342                                
CQUAD4*             2598               3            2847            2848
*                   3344            3343                                
CQUAD4*             2599               3            2848            2849
*                   3345            3344                                
CQUAD4*             2600               3            2849            2850
*                   3346            3345                                
CQUAD4*             2601               3            2850            2851
*                   3347            3346                                
CQUAD4*             2602               3            2851            2852
*                   3348            3347                                
CQUAD4*             2603               3            2852            2729
*                   2853            3348                                
CQUAD4*             2604               3            2840            3341
*                   3349            2841                                
CQUAD4*             2605               3            3341            3342
*                   3350            3349                                
CQUAD4*             2606               3            3342            3343
*                   3351            3350                                
CQUAD4*             2607               3            3343            3344
*                   3352            3351                                
CQUAD4*             2608               3            3344            3345
*                   3353            3352                                
CQUAD4*             2609               3            3345            3346
*                   3354            3353                                
CQUAD4*             2610               3            3346            3347
*                   3355            3354                                
CQUAD4*             2611               3            3347            3348
*                   3356            3355                                
CQUAD4*             2612               3            3348            2853
*                   2854            3356                                
CQUAD4*             2613               3            2841            3349
*                   2862            2727                                
CQUAD4*             2614               3            3349            3350
*                   2861            2862                                
CQUAD4*             2615               3            3350            3351
*                   2860            2861                                
CQUAD4*             2616               3            3351            3352
*                   2859            2860                                
CQUAD4*             2617               3            3352            3353
*                   2858            2859                                
CQUAD4*             2618               3            3353            3354
*                   2857            2858                                
CQUAD4*             2619               3            3354            3355
*                   2856            2857                                
CQUAD4*             2620               3            3355            3356
*                   2855            2856                                
CQUAD4*             2621               3            3356            2854
*                   2730            2855                                
CQUAD4*             2622               3            2729            2863
*                   3357            2853                                
CQUAD4*             2623               3            2863            2731
*                   2864            3357                                
CQUAD4*             2624               3            2853            3357
*                   3358            2854                                
CQUAD4*             2625               3            3357            2864
*                   2865            3358                                
CQUAD4*             2626               3            2854            3358
*                   2866            2730                                
CQUAD4*             2627               3            3358            2865
*                   2732            2866                                
CQUAD4*             2628               3            2733            2734
*                   2867            2870                                
CQUAD4*             2629               3            2870            2867
*                   2868            2869                                
CQUAD4*             2630               3            2869            2868
*                   2735            2736                                
CQUAD4*             2631               3            2734            2871
*                   3359            2867                                
CQUAD4*             2632               3            2871            2872
*                   3360            3359                                
CQUAD4*             2633               3            2872            2873
*                   3361            3360                                
CQUAD4*             2634               3            2873            2874
*                   3362            3361                                
CQUAD4*             2635               3            2874            2875
*                   3363            3362                                
CQUAD4*             2636               3            2875            2876
*                   3364            3363                                
CQUAD4*             2637               3            2876            2877
*                   3365            3364                                
CQUAD4*             2638               3            2877            2878
*                   3366            3365                                
CQUAD4*             2639               3            2878            2737
*                   2879            3366                                
CQUAD4*             2640               3            2867            3359
*                   3367            2868                                
CQUAD4*             2641               3            3359            3360
*                   3368            3367                                
CQUAD4*             2642               3            3360            3361
*                   3369            3368                                
CQUAD4*             2643               3            3361            3362
*                   3370            3369                                
CQUAD4*             2644               3            3362            3363
*                   3371            3370                                
CQUAD4*             2645               3            3363            3364
*                   3372            3371                                
CQUAD4*             2646               3            3364            3365
*                   3373            3372                                
CQUAD4*             2647               3            3365            3366
*                   3374            3373                                
CQUAD4*             2648               3            3366            2879
*                   2880            3374                                
CQUAD4*             2649               3            2868            3367
*                   2888            2735                                
CQUAD4*             2650               3            3367            3368
*                   2887            2888                                
CQUAD4*             2651               3            3368            3369
*                   2886            2887                                
CQUAD4*             2652               3            3369            3370
*                   2885            2886                                
CQUAD4*             2653               3            3370            3371
*                   2884            2885                                
CQUAD4*             2654               3            3371            3372
*                   2883            2884                                
CQUAD4*             2655               3            3372            3373
*                   2882            2883                                
CQUAD4*             2656               3            3373            3374
*                   2881            2882                                
CQUAD4*             2657               3            3374            2880
*                   2738            2881                                
CQUAD4*             2658               3            2737            2739
*                   2889            2879                                
CQUAD4*             2659               3            2879            2889
*                   2890            2880                                
CQUAD4*             2660               3            2880            2890
*                   2740            2738                                
CQUAD4*             2661               3            2741            2891
*                   2906            2744                                
CQUAD4*             2662               3            2891            2892
*                   2905            2906                                
CQUAD4*             2663               3            2892            2893
*                   2904            2905                                
CQUAD4*             2664               3            2893            2894
*                   2903            2904                                
CQUAD4*             2665               3            2894            2895
*                   2902            2903                                
CQUAD4*             2666               3            2895            2896
*                   2901            2902                                
CQUAD4*             2667               3            2896            2897
*                   2900            2901                                
CQUAD4*             2668               3            2897            2898
*                   2899            2900                                
CQUAD4*             2669               3            2898            2742
*                   2743            2899                                
CQUAD4*             2670               3            2745            2907
*                   2922            2748                                
CQUAD4*             2671               3            2907            2908
*                   2921            2922                                
CQUAD4*             2672               3            2908            2909
*                   2920            2921                                
CQUAD4*             2673               3            2909            2910
*                   2919            2920                                
CQUAD4*             2674               3            2910            2911
*                   2918            2919                                
CQUAD4*             2675               3            2911            2912
*                   2917            2918                                
CQUAD4*             2676               3            2912            2913
*                   2916            2917                                
CQUAD4*             2677               3            2913            2914
*                   2915            2916                                
CQUAD4*             2678               3            2914            2746
*                   2747            2915                                
CQUAD4*             2679               3            2742            2898
*                   2930            2750                                
CQUAD4*             2680               3            2898            2897
*                   2929            2930                                
CQUAD4*             2681               3            2897            2896
*                   2928            2929                                
CQUAD4*             2682               3            2896            2895
*                   2927            2928                                
CQUAD4*             2683               3            2895            2894
*                   2926            2927                                
CQUAD4*             2684               3            2894            2893
*                   2925            2926                                
CQUAD4*             2685               3            2893            2892
*                   2924            2925                                
CQUAD4*             2686               3            2892            2891
*                   2923            2924                                
CQUAD4*             2687               3            2891            2741
*                   2749            2923                                
CQUAD4*             2688               3            2746            2914
*                   2938            2752                                
CQUAD4*             2689               3            2914            2913
*                   2937            2938                                
CQUAD4*             2690               3            2913            2912
*                   2936            2937                                
CQUAD4*             2691               3            2912            2911
*                   2935            2936                                
CQUAD4*             2692               3            2911            2910
*                   2934            2935                                
CQUAD4*             2693               3            2910            2909
*                   2933            2934                                
CQUAD4*             2694               3            2909            2908
*                   2932            2933                                
CQUAD4*             2695               3            2908            2907
*                   2931            2932                                
CQUAD4*             2696               3            2907            2745
*                   2751            2931                                
CQUAD4*             2697               3            2743            2899
*                   2946            2754                                
CQUAD4*             2698               3            2899            2900
*                   2945            2946                                
CQUAD4*             2699               3            2900            2901
*                   2944            2945                                
CQUAD4*             2700               3            2901            2902
*                   2943            2944                                
CQUAD4*             2701               3            2902            2903
*                   2942            2943                                
CQUAD4*             2702               3            2903            2904
*                   2941            2942                                
CQUAD4*             2703               3            2904            2905
*                   2940            2941                                
CQUAD4*             2704               3            2905            2906
*                   2939            2940                                
CQUAD4*             2705               3            2906            2744
*                   2753            2939                                
CQUAD4*             2706               3            2747            2915
*                   2954            2756                                
CQUAD4*             2707               3            2915            2916
*                   2953            2954                                
CQUAD4*             2708               3            2916            2917
*                   2952            2953                                
CQUAD4*             2709               3            2917            2918
*                   2951            2952                                
CQUAD4*             2710               3            2918            2919
*                   2950            2951                                
CQUAD4*             2711               3            2919            2920
*                   2949            2950                                
CQUAD4*             2712               3            2920            2921
*                   2948            2949                                
CQUAD4*             2713               3            2921            2922
*                   2947            2948                                
CQUAD4*             2714               3            2922            2748
*                   2755            2947                                
CQUAD4*             2715               3            2757            2955
*                   2970            2760                                
CQUAD4*             2716               3            2955            2956
*                   2969            2970                                
CQUAD4*             2717               3            2956            2957
*                   2968            2969                                
CQUAD4*             2718               3            2957            2958
*                   2967            2968                                
CQUAD4*             2719               3            2958            2959
*                   2966            2967                                
CQUAD4*             2720               3            2959            2960
*                   2965            2966                                
CQUAD4*             2721               3            2960            2961
*                   2964            2965                                
CQUAD4*             2722               3            2961            2962
*                   2963            2964                                
CQUAD4*             2723               3            2962            2758
*                   2759            2963                                
CQUAD4*             2724               3            2758            2962
*                   2978            2762                                
CQUAD4*             2725               3            2962            2961
*                   2977            2978                                
CQUAD4*             2726               3            2961            2960
*                   2976            2977                                
CQUAD4*             2727               3            2960            2959
*                   2975            2976                                
CQUAD4*             2728               3            2959            2958
*                   2974            2975                                
CQUAD4*             2729               3            2958            2957
*                   2973            2974                                
CQUAD4*             2730               3            2957            2956
*                   2972            2973                                
CQUAD4*             2731               3            2956            2955
*                   2971            2972                                
CQUAD4*             2732               3            2955            2757
*                   2761            2971                                
CQUAD4*             2733               3            2760            2970
*                   3375            2988                                
CQUAD4*             2734               3            2970            2969
*                   3376            3375                                
CQUAD4*             2735               3            2969            2968
*                   3377            3376                                
CQUAD4*             2736               3            2968            2967
*                   3378            3377                                
CQUAD4*             2737               3            2967            2966
*                   3379            3378                                
CQUAD4*             2738               3            2966            2965
*                   3380            3379                                
CQUAD4*             2739               3            2965            2964
*                   3381            3380                                
CQUAD4*             2740               3            2964            2963
*                   3382            3381                                
CQUAD4*             2741               3            2963            2759
*                   2979            3382                                
CQUAD4*             2742               3            2988            3375
*                   2987            2764                                
CQUAD4*             2743               3            3375            3376
*                   2986            2987                                
CQUAD4*             2744               3            3376            3377
*                   2985            2986                                
CQUAD4*             2745               3            3377            3378
*                   2984            2985                                
CQUAD4*             2746               3            3378            3379
*                   2983            2984                                
CQUAD4*             2747               3            3379            3380
*                   2982            2983                                
CQUAD4*             2748               3            3380            3381
*                   2981            2982                                
CQUAD4*             2749               3            3381            3382
*                   2980            2981                                
CQUAD4*             2750               3            3382            2979
*                   2763            2980                                
CQUAD4*             2751               3            2759            2758
*                   2765            2766                                
CQUAD4*             2752               3            2747            2746
*                   2767            2768                                
CQUAD4*             2753               3            2743            2742
*                   2769            2770                                
CQUAD4*             2754               3            2771            2989
*                   3004            2774                                
CQUAD4*             2755               3            2989            2990
*                   3003            3004                                
CQUAD4*             2756               3            2990            2991
*                   3002            3003                                
CQUAD4*             2757               3            2991            2992
*                   3001            3002                                
CQUAD4*             2758               3            2992            2993
*                   3000            3001                                
CQUAD4*             2759               3            2993            2994
*                   2999            3000                                
CQUAD4*             2760               3            2994            2995
*                   2998            2999                                
CQUAD4*             2761               3            2995            2996
*                   2997            2998                                
CQUAD4*             2762               3            2996            2772
*                   2773            2997                                
CQUAD4*             2763               3            2775            3005
*                   3020            2778                                
CQUAD4*             2764               3            3005            3006
*                   3019            3020                                
CQUAD4*             2765               3            3006            3007
*                   3018            3019                                
CQUAD4*             2766               3            3007            3008
*                   3017            3018                                
CQUAD4*             2767               3            3008            3009
*                   3016            3017                                
CQUAD4*             2768               3            3009            3010
*                   3015            3016                                
CQUAD4*             2769               3            3010            3011
*                   3014            3015                                
CQUAD4*             2770               3            3011            3012
*                   3013            3014                                
CQUAD4*             2771               3            3012            2776
*                   2777            3013                                
CQUAD4*             2772               3            2776            3012
*                   3028            2780                                
CQUAD4*             2773               3            3012            3011
*                   3027            3028                                
CQUAD4*             2774               3            3011            3010
*                   3026            3027                                
CQUAD4*             2775               3            3010            3009
*                   3025            3026                                
CQUAD4*             2776               3            3009            3008
*                   3024            3025                                
CQUAD4*             2777               3            3008            3007
*                   3023            3024                                
CQUAD4*             2778               3            3007            3006
*                   3022            3023                                
CQUAD4*             2779               3            3006            3005
*                   3021            3022                                
CQUAD4*             2780               3            3005            2775
*                   2779            3021                                
CQUAD4*             2781               3            2772            2996
*                   3036            2782                                
CQUAD4*             2782               3            2996            2995
*                   3035            3036                                
CQUAD4*             2783               3            2995            2994
*                   3034            3035                                
CQUAD4*             2784               3            2994            2993
*                   3033            3034                                
CQUAD4*             2785               3            2993            2992
*                   3032            3033                                
CQUAD4*             2786               3            2992            2991
*                   3031            3032                                
CQUAD4*             2787               3            2991            2990
*                   3030            3031                                
CQUAD4*             2788               3            2990            2989
*                   3029            3030                                
CQUAD4*             2789               3            2989            2771
*                   2781            3029                                
CQUAD4*             2790               3            2773            2997
*                   3044            2784                                
CQUAD4*             2791               3            2997            2998
*                   3043            3044                                
CQUAD4*             2792               3            2998            2999
*                   3042            3043                                
CQUAD4*             2793               3            2999            3000
*                   3041            3042                                
CQUAD4*             2794               3            3000            3001
*                   3040            3041                                
CQUAD4*             2795               3            3001            3002
*                   3039            3040                                
CQUAD4*             2796               3            3002            3003
*                   3038            3039                                
CQUAD4*             2797               3            3003            3004
*                   3037            3038                                
CQUAD4*             2798               3            3004            2774
*                   2783            3037                                
CQUAD4*             2799               3            2785            3045
*                   3060            2788                                
CQUAD4*             2800               3            3045            3046
*                   3059            3060                                
CQUAD4*             2801               3            3046            3047
*                   3058            3059                                
CQUAD4*             2802               3            3047            3048
*                   3057            3058                                
CQUAD4*             2803               3            3048            3049
*                   3056            3057                                
CQUAD4*             2804               3            3049            3050
*                   3055            3056                                
CQUAD4*             2805               3            3050            3051
*                   3054            3055                                
CQUAD4*             2806               3            3051            3052
*                   3053            3054                                
CQUAD4*             2807               3            3052            2786
*                   2787            3053                                
CQUAD4*             2808               3            2786            3052
*                   3068            2790                                
CQUAD4*             2809               3            3052            3051
*                   3067            3068                                
CQUAD4*             2810               3            3051            3050
*                   3066            3067                                
CQUAD4*             2811               3            3050            3049
*                   3065            3066                                
CQUAD4*             2812               3            3049            3048
*                   3064            3065                                
CQUAD4*             2813               3            3048            3047
*                   3063            3064                                
CQUAD4*             2814               3            3047            3046
*                   3062            3063                                
CQUAD4*             2815               3            3046            3045
*                   3061            3062                                
CQUAD4*             2816               3            3045            2785
*                   2789            3061                                
CQUAD4*             2817               3            2787            3053
*                   3076            2792                                
CQUAD4*             2818               3            3053            3054
*                   3075            3076                                
CQUAD4*             2819               3            3054            3055
*                   3074            3075                                
CQUAD4*             2820               3            3055            3056
*                   3073            3074                                
CQUAD4*             2821               3            3056            3057
*                   3072            3073                                
CQUAD4*             2822               3            3057            3058
*                   3071            3072                                
CQUAD4*             2823               3            3058            3059
*                   3070            3071                                
CQUAD4*             2824               3            3059            3060
*                   3069            3070                                
CQUAD4*             2825               3            3060            2788
*                   2791            3069                                
CQUAD4*             2826               3            2778            3020
*                   3383            3086                                
CQUAD4*             2827               3            3020            3019
*                   3384            3383                                
CQUAD4*             2828               3            3019            3018
*                   3385            3384                                
CQUAD4*             2829               3            3018            3017
*                   3386            3385                                
CQUAD4*             2830               3            3017            3016
*                   3387            3386                                
CQUAD4*             2831               3            3016            3015
*                   3388            3387                                
CQUAD4*             2832               3            3015            3014
*                   3389            3388                                
CQUAD4*             2833               3            3014            3013
*                   3390            3389                                
CQUAD4*             2834               3            3013            2777
*                   3077            3390                                
CQUAD4*             2835               3            3086            3383
*                   3085            2794                                
CQUAD4*             2836               3            3383            3384
*                   3084            3085                                
CQUAD4*             2837               3            3384            3385
*                   3083            3084                                
CQUAD4*             2838               3            3385            3386
*                   3082            3083                                
CQUAD4*             2839               3            3386            3387
*                   3081            3082                                
CQUAD4*             2840               3            3387            3388
*                   3080            3081                                
CQUAD4*             2841               3            3388            3389
*                   3079            3080                                
CQUAD4*             2842               3            3389            3390
*                   3078            3079                                
CQUAD4*             2843               3            3390            3077
*                   2793            3078                                
CQUAD4*             2844               3            2777            2776
*                   2795            2796                                
CQUAD4*             2845               3            2773            2772
*                   2797            2798                                
CQUAD4*             2846               3            2787            2786
*                   2799            2800                                
CQUAD4*             2847               3            2801            2778
*                   3391            3090                                
CQUAD4*             2848               3            2778            3086
*                   3392            3391                                
CQUAD4*             2849               3            3086            2794
*                   3087            3392                                
CQUAD4*             2850               3            3090            3391
*                   3089            2803                                
CQUAD4*             2851               3            3391            3392
*                   3088            3089                                
CQUAD4*             2852               3            3392            3087
*                   2802            3088                                
CQUAD4*             2853               3            2775            2778
*                   2801            2804                                
CQUAD4*             2854               3            2805            2774
*                   3393            3094                                
CQUAD4*             2855               3            2774            2783
*                   3091            3393                                
CQUAD4*             2856               3            3094            3393
*                   3394            3093                                
CQUAD4*             2857               3            3393            3091
*                   3092            3394                                
CQUAD4*             2858               3            3093            3394
*                   2775            2804                                
CQUAD4*             2859               3            3394            3092
*                   2779            2775                                
CQUAD4*             2860               3            2771            2774
*                   2805            2806                                
CQUAD4*             2861               3            2807            3095
*                   3395            2785                                
CQUAD4*             2862               3            3095            3096
*                   3396            3395                                
CQUAD4*             2863               3            3096            3097
*                   3397            3396                                
CQUAD4*             2864               3            3097            2808
*                   3098            3397                                
CQUAD4*             2865               3            2785            3395
*                   3101            2789                                
CQUAD4*             2866               3            3395            3396
*                   3100            3101                                
CQUAD4*             2867               3            3396            3397
*                   3099            3100                                
CQUAD4*             2868               3            3397            3098
*                   2809            3099                                
CQUAD4*             2869               3            2810            2788
*                   3398            3105                                
CQUAD4*             2870               3            2788            2791
*                   3102            3398                                
CQUAD4*             2871               3            3105            3398
*                   3399            3104                                
CQUAD4*             2872               3            3398            3102
*                   3103            3399                                
CQUAD4*             2873               3            3104            3399
*                   2771            2806                                
CQUAD4*             2874               3            3399            3103
*                   2781            2771                                
CQUAD4*             2875               3            2766            3106
*                   3400            3114                                
CQUAD4*             2876               3            3106            3107
*                   3401            3400                                
CQUAD4*             2877               3            3107            3108
*                   3402            3401                                
CQUAD4*             2878               3            3108            3109
*                   3403            3402                                
CQUAD4*             2879               3            3109            2801
*                   3090            3403                                
CQUAD4*             2880               3            3114            3400
*                   3113            2811                                
CQUAD4*             2881               3            3400            3401
*                   3112            3113                                
CQUAD4*             2882               3            3401            3402
*                   3111            3112                                
CQUAD4*             2883               3            3402            3403
*                   3110            3111                                
CQUAD4*             2884               3            3403            3090
*                   2803            3110                                
CQUAD4*             2885               3            2801            3109
*                   3118            2804                                
CQUAD4*             2886               3            3109            3108
*                   3117            3118                                
CQUAD4*             2887               3            3108            3107
*                   3116            3117                                
CQUAD4*             2888               3            3107            3106
*                   3115            3116                                
CQUAD4*             2889               3            3106            2766
*                   2765            3115                                
CQUAD4*             2890               3            2768            3119
*                   3404            3124                                
CQUAD4*             2891               3            3119            3120
*                   3405            3404                                
CQUAD4*             2892               3            3120            3121
*                   3406            3405                                
CQUAD4*             2893               3            3121            3122
*                   3407            3406                                
CQUAD4*             2894               3            3122            2805
*                   3094            3407                                
CQUAD4*             2895               3            3124            3404
*                   3408            3123                                
CQUAD4*             2896               3            3404            3405
*                   3409            3408                                
CQUAD4*             2897               3            3405            3406
*                   3410            3409                                
CQUAD4*             2898               3            3406            3407
*                   3411            3410                                
CQUAD4*             2899               3            3407            3094
*                   3093            3411                                
CQUAD4*             2900               3            3123            3408
*                   3115            2765                                
CQUAD4*             2901               3            3408            3409
*                   3116            3115                                
CQUAD4*             2902               3            3409            3410
*                   3117            3116                                
CQUAD4*             2903               3            3410            3411
*                   3118            3117                                
CQUAD4*             2904               3            3411            3093
*                   2804            3118                                
CQUAD4*             2905               3            2807            3125
*                   3412            3095                                
CQUAD4*             2906               3            3125            3126
*                   3413            3412                                
CQUAD4*             2907               3            3126            3127
*                   3414            3413                                
CQUAD4*             2908               3            3127            3128
*                   3415            3414                                
CQUAD4*             2909               3            3128            2769
*                   3129            3415                                
CQUAD4*             2910               3            3095            3412
*                   3416            3096                                
CQUAD4*             2911               3            3412            3413
*                   3417            3416                                
CQUAD4*             2912               3            3413            3414
*                   3418            3417                                
CQUAD4*             2913               3            3414            3415
*                   3419            3418                                
CQUAD4*             2914               3            3415            3129
*                   3130            3419                                
CQUAD4*             2915               3            3096            3416
*                   3420            3097                                
CQUAD4*             2916               3            3416            3417
*                   3421            3420                                
CQUAD4*             2917               3            3417            3418
*                   3422            3421                                
CQUAD4*             2918               3            3418            3419
*                   3423            3422                                
CQUAD4*             2919               3            3419            3130
*                   3131            3423                                
CQUAD4*             2920               3            3097            3420
*                   3135            2808                                
CQUAD4*             2921               3            3420            3421
*                   3134            3135                                
CQUAD4*             2922               3            3421            3422
*                   3133            3134                                
CQUAD4*             2923               3            3422            3423
*                   3132            3133                                
CQUAD4*             2924               3            3423            3131
*                   2812            3132                                
CQUAD4*             2925               3            2805            3122
*                   3139            2806                                
CQUAD4*             2926               3            3122            3121
*                   3138            3139                                
CQUAD4*             2927               3            3121            3120
*                   3137            3138                                
CQUAD4*             2928               3            3120            3119
*                   3136            3137                                
CQUAD4*             2929               3            3119            2768
*                   2767            3136                                
CQUAD4*             2930               3            2810            3140
*                   3125            2807                                
CQUAD4*             2931               3            3140            3141
*                   3126            3125                                
CQUAD4*             2932               3            3141            3142
*                   3127            3126                                
CQUAD4*             2933               3            3142            3143
*                   3128            3127                                
CQUAD4*             2934               3            3143            2770
*                   2769            3128                                
CQUAD4*             2935               3            2794            3085
*                   3424            3087                                
CQUAD4*             2936               3            3085            3084
*                   3425            3424                                
CQUAD4*             2937               3            3084            3083
*                   3426            3425                                
CQUAD4*             2938               3            3083            3082
*                   3427            3426                                
CQUAD4*             2939               3            3082            3081
*                   3428            3427                                
CQUAD4*             2940               3            3081            3080
*                   3429            3428                                
CQUAD4*             2941               3            3080            3079
*                   3430            3429                                
CQUAD4*             2942               3            3079            3078
*                   3431            3430                                
CQUAD4*             2943               3            3078            2793
*                   3144            3431                                
CQUAD4*             2944               3            3087            3424
*                   3152            2802                                
CQUAD4*             2945               3            3424            3425
*                   3151            3152                                
CQUAD4*             2946               3            3425            3426
*                   3150            3151                                
CQUAD4*             2947               3            3426            3427
*                   3149            3150                                
CQUAD4*             2948               3            3427            3428
*                   3148            3149                                
CQUAD4*             2949               3            3428            3429
*                   3147            3148                                
CQUAD4*             2950               3            3429            3430
*                   3146            3147                                
CQUAD4*             2951               3            3430            3431
*                   3145            3146                                
CQUAD4*             2952               3            3431            3144
*                   2813            3145                                
CQUAD4*             2953               3            2783            3037
*                   3432            3091                                
CQUAD4*             2954               3            3037            3038
*                   3433            3432                                
CQUAD4*             2955               3            3038            3039
*                   3434            3433                                
CQUAD4*             2956               3            3039            3040
*                   3435            3434                                
CQUAD4*             2957               3            3040            3041
*                   3436            3435                                
CQUAD4*             2958               3            3041            3042
*                   3437            3436                                
CQUAD4*             2959               3            3042            3043
*                   3438            3437                                
CQUAD4*             2960               3            3043            3044
*                   3439            3438                                
CQUAD4*             2961               3            3044            2784
*                   3153            3439                                
CQUAD4*             2962               3            3091            3432
*                   3440            3092                                
CQUAD4*             2963               3            3432            3433
*                   3441            3440                                
CQUAD4*             2964               3            3433            3434
*                   3442            3441                                
CQUAD4*             2965               3            3434            3435
*                   3443            3442                                
CQUAD4*             2966               3            3435            3436
*                   3444            3443                                
CQUAD4*             2967               3            3436            3437
*                   3445            3444                                
CQUAD4*             2968               3            3437            3438
*                   3446            3445                                
CQUAD4*             2969               3            3438            3439
*                   3447            3446                                
CQUAD4*             2970               3            3439            3153
*                   3154            3447                                
CQUAD4*             2971               3            3092            3440
*                   3021            2779                                
CQUAD4*             2972               3            3440            3441
*                   3022            3021                                
CQUAD4*             2973               3            3441            3442
*                   3023            3022                                
CQUAD4*             2974               3            3442            3443
*                   3024            3023                                
CQUAD4*             2975               3            3443            3444
*                   3025            3024                                
CQUAD4*             2976               3            3444            3445
*                   3026            3025                                
CQUAD4*             2977               3            3445            3446
*                   3027            3026                                
CQUAD4*             2978               3            3446            3447
*                   3028            3027                                
CQUAD4*             2979               3            3447            3154
*                   2780            3028                                
CQUAD4*             2980               3            2790            3068
*                   3448            3165                                
CQUAD4*             2981               3            3068            3067
*                   3449            3448                                
CQUAD4*             2982               3            3067            3066
*                   3450            3449                                
CQUAD4*             2983               3            3066            3065
*                   3451            3450                                
CQUAD4*             2984               3            3065            3064
*                   3452            3451                                
CQUAD4*             2985               3            3064            3063
*                   3453            3452                                
CQUAD4*             2986               3            3063            3062
*                   3454            3453                                
CQUAD4*             2987               3            3062            3061
*                   3455            3454                                
CQUAD4*             2988               3            3061            2789
*                   3101            3455                                
CQUAD4*             2989               3            3165            3448
*                   3456            3164                                
CQUAD4*             2990               3            3448            3449
*                   3457            3456                                
CQUAD4*             2991               3            3449            3450
*                   3458            3457                                
CQUAD4*             2992               3            3450            3451
*                   3459            3458                                
CQUAD4*             2993               3            3451            3452
*                   3460            3459                                
CQUAD4*             2994               3            3452            3453
*                   3461            3460                                
CQUAD4*             2995               3            3453            3454
*                   3462            3461                                
CQUAD4*             2996               3            3454            3455
*                   3463            3462                                
CQUAD4*             2997               3            3455            3101
*                   3100            3463                                
CQUAD4*             2998               3            3164            3456
*                   3464            3163                                
CQUAD4*             2999               3            3456            3457
*                   3465            3464                                
CQUAD4*             3000               3            3457            3458
*                   3466            3465                                
CQUAD4*             3001               3            3458            3459
*                   3467            3466                                
CQUAD4*             3002               3            3459            3460
*                   3468            3467                                
CQUAD4*             3003               3            3460            3461
*                   3469            3468                                
CQUAD4*             3004               3            3461            3462
*                   3470            3469                                
CQUAD4*             3005               3            3462            3463
*                   3471            3470                                
CQUAD4*             3006               3            3463            3100
*                   3099            3471                                
CQUAD4*             3007               3            3163            3464
*                   3162            2814                                
CQUAD4*             3008               3            3464            3465
*                   3161            3162                                
CQUAD4*             3009               3            3465            3466
*                   3160            3161                                
CQUAD4*             3010               3            3466            3467
*                   3159            3160                                
CQUAD4*             3011               3            3467            3468
*                   3158            3159                                
CQUAD4*             3012               3            3468            3469
*                   3157            3158                                
CQUAD4*             3013               3            3469            3470
*                   3156            3157                                
CQUAD4*             3014               3            3470            3471
*                   3155            3156                                
CQUAD4*             3015               3            3471            3099
*                   2809            3155                                
CQUAD4*             3016               3            2791            3069
*                   3472            3102                                
CQUAD4*             3017               3            3069            3070
*                   3473            3472                                
CQUAD4*             3018               3            3070            3071
*                   3474            3473                                
CQUAD4*             3019               3            3071            3072
*                   3475            3474                                
CQUAD4*             3020               3            3072            3073
*                   3476            3475                                
CQUAD4*             3021               3            3073            3074
*                   3477            3476                                
CQUAD4*             3022               3            3074            3075
*                   3478            3477                                
CQUAD4*             3023               3            3075            3076
*                   3479            3478                                
CQUAD4*             3024               3            3076            2792
*                   3166            3479                                
CQUAD4*             3025               3            3102            3472
*                   3480            3103                                
CQUAD4*             3026               3            3472            3473
*                   3481            3480                                
CQUAD4*             3027               3            3473            3474
*                   3482            3481                                
CQUAD4*             3028               3            3474            3475
*                   3483            3482                                
CQUAD4*             3029               3            3475            3476
*                   3484            3483                                
CQUAD4*             3030               3            3476            3477
*                   3485            3484                                
CQUAD4*             3031               3            3477            3478
*                   3486            3485                                
CQUAD4*             3032               3            3478            3479
*                   3487            3486                                
CQUAD4*             3033               3            3479            3166
*                   3167            3487                                
CQUAD4*             3034               3            3103            3480
*                   3029            2781                                
CQUAD4*             3035               3            3480            3481
*                   3030            3029                                
CQUAD4*             3036               3            3481            3482
*                   3031            3030                                
CQUAD4*             3037               3            3482            3483
*                   3032            3031                                
CQUAD4*             3038               3            3483            3484
*                   3033            3032                                
CQUAD4*             3039               3            3484            3485
*                   3034            3033                                
CQUAD4*             3040               3            3485            3486
*                   3035            3034                                
CQUAD4*             3041               3            3486            3487
*                   3036            3035                                
CQUAD4*             3042               3            3487            3167
*                   2782            3036                                
CQUAD4*             3043               3            2763            2979
*                   3488            3170                                
CQUAD4*             3044               3            2979            2759
*                   3489            3488                                
CQUAD4*             3045               3            2759            2766
*                   3114            3489                                
CQUAD4*             3046               3            3170            3488
*                   3169            2815                                
CQUAD4*             3047               3            3488            3489
*                   3168            3169                                
CQUAD4*             3048               3            3489            3114
*                   2811            3168                                
CQUAD4*             3049               3            2756            2747
*                   3490            3172                                
CQUAD4*             3050               3            2747            2768
*                   3124            3490                                
CQUAD4*             3051               3            3172            3490
*                   3491            3171                                
CQUAD4*             3052               3            3490            3124
*                   3123            3491                                
CQUAD4*             3053               3            3171            3491
*                   2758            2762                                
CQUAD4*             3054               3            3491            3123
*                   2765            2758                                
CQUAD4*             3055               3            2750            3173
*                   3492            2742                                
CQUAD4*             3056               3            3173            3174
*                   3493            3492                                
CQUAD4*             3057               3            3174            3175
*                   3494            3493                                
CQUAD4*             3058               3            3175            2816
*                   3176            3494                                
CQUAD4*             3059               3            2742            3492
*                   3129            2769                                
CQUAD4*             3060               3            3492            3493
*                   3130            3129                                
CQUAD4*             3061               3            3493            3494
*                   3131            3130                                
CQUAD4*             3062               3            3494            3176
*                   2812            3131                                
CQUAD4*             3063               3            2793            3077
*                   3495            3144                                
CQUAD4*             3064               3            3077            2777
*                   3496            3495                                
CQUAD4*             3065               3            2777            2796
*                   3177            3496                                
CQUAD4*             3066               3            3144            3495
*                   3179            2813                                
CQUAD4*             3067               3            3495            3496
*                   3178            3179                                
CQUAD4*             3068               3            3496            3177
*                   2817            3178                                
CQUAD4*             3069               3            2784            2773
*                   3497            3153                                
CQUAD4*             3070               3            2773            2798
*                   3180            3497                                
CQUAD4*             3071               3            3153            3497
*                   3498            3154                                
CQUAD4*             3072               3            3497            3180
*                   3181            3498                                
CQUAD4*             3073               3            3154            3498
*                   2776            2780                                
CQUAD4*             3074               3            3498            3181
*                   2795            2776                                
CQUAD4*             3075               3            2790            3165
*                   3499            2786                                
CQUAD4*             3076               3            3165            3164
*                   3500            3499                                
CQUAD4*             3077               3            3164            3163
*                   3501            3500                                
CQUAD4*             3078               3            3163            2814
*                   3182            3501                                
CQUAD4*             3079               3            2786            3499
*                   3185            2799                                
CQUAD4*             3080               3            3499            3500
*                   3184            3185                                
CQUAD4*             3081               3            3500            3501
*                   3183            3184                                
CQUAD4*             3082               3            3501            3182
*                   2818            3183                                
CQUAD4*             3083               3            2792            2787
*                   3502            3166                                
CQUAD4*             3084               3            2787            2800
*                   3186            3502                                
CQUAD4*             3085               3            3166            3502
*                   3503            3167                                
CQUAD4*             3086               3            3502            3186
*                   3187            3503                                
CQUAD4*             3087               3            3167            3503
*                   2772            2782                                
CQUAD4*             3088               3            3503            3187
*                   2797            2772                                
CQUAD4*             3089               3            2764            2987
*                   3504            3196                                
CQUAD4*             3090               3            2987            2986
*                   3505            3504                                
CQUAD4*             3091               3            2986            2985
*                   3506            3505                                
CQUAD4*             3092               3            2985            2984
*                   3507            3506                                
CQUAD4*             3093               3            2984            2983
*                   3508            3507                                
CQUAD4*             3094               3            2983            2982
*                   3509            3508                                
CQUAD4*             3095               3            2982            2981
*                   3510            3509                                
CQUAD4*             3096               3            2981            2980
*                   3511            3510                                
CQUAD4*             3097               3            2980            2763
*                   3170            3511                                
CQUAD4*             3098               3            3196            3504
*                   3195            2819                                
CQUAD4*             3099               3            3504            3505
*                   3194            3195                                
CQUAD4*             3100               3            3505            3506
*                   3193            3194                                
CQUAD4*             3101               3            3506            3507
*                   3192            3193                                
CQUAD4*             3102               3            3507            3508
*                   3191            3192                                
CQUAD4*             3103               3            3508            3509
*                   3190            3191                                
CQUAD4*             3104               3            3509            3510
*                   3189            3190                                
CQUAD4*             3105               3            3510            3511
*                   3188            3189                                
CQUAD4*             3106               3            3511            3170
*                   2815            3188                                
CQUAD4*             3107               3            2755            2947
*                   3512            3198                                
CQUAD4*             3108               3            2947            2948
*                   3513            3512                                
CQUAD4*             3109               3            2948            2949
*                   3514            3513                                
CQUAD4*             3110               3            2949            2950
*                   3515            3514                                
CQUAD4*             3111               3            2950            2951
*                   3516            3515                                
CQUAD4*             3112               3            2951            2952
*                   3517            3516                                
CQUAD4*             3113               3            2952            2953
*                   3518            3517                                
CQUAD4*             3114               3            2953            2954
*                   3519            3518                                
CQUAD4*             3115               3            2954            2756
*                   3172            3519                                
CQUAD4*             3116               3            3198            3512
*                   3520            3197                                
CQUAD4*             3117               3            3512            3513
*                   3521            3520                                
CQUAD4*             3118               3            3513            3514
*                   3522            3521                                
CQUAD4*             3119               3            3514            3515
*                   3523            3522                                
CQUAD4*             3120               3            3515            3516
*                   3524            3523                                
CQUAD4*             3121               3            3516            3517
*                   3525            3524                                
CQUAD4*             3122               3            3517            3518
*                   3526            3525                                
CQUAD4*             3123               3            3518            3519
*                   3527            3526                                
CQUAD4*             3124               3            3519            3172
*                   3171            3527                                
CQUAD4*             3125               3            3197            3520
*                   2971            2761                                
CQUAD4*             3126               3            3520            3521
*                   2972            2971                                
CQUAD4*             3127               3            3521            3522
*                   2973            2972                                
CQUAD4*             3128               3            3522            3523
*                   2974            2973                                
CQUAD4*             3129               3            3523            3524
*                   2975            2974                                
CQUAD4*             3130               3            3524            3525
*                   2976            2975                                
CQUAD4*             3131               3            3525            3526
*                   2977            2976                                
CQUAD4*             3132               3            3526            3527
*                   2978            2977                                
CQUAD4*             3133               3            3527            3171
*                   2762            2978                                
CQUAD4*             3134               3            2750            2930
*                   3528            3173                                
CQUAD4*             3135               3            2930            2929
*                   3529            3528                                
CQUAD4*             3136               3            2929            2928
*                   3530            3529                                
CQUAD4*             3137               3            2928            2927
*                   3531            3530                                
CQUAD4*             3138               3            2927            2926
*                   3532            3531                                
CQUAD4*             3139               3            2926            2925
*                   3533            3532                                
CQUAD4*             3140               3            2925            2924
*                   3534            3533                                
CQUAD4*             3141               3            2924            2923
*                   3535            3534                                
CQUAD4*             3142               3            2923            2749
*                   3199            3535                                
CQUAD4*             3143               3            3173            3528
*                   3536            3174                                
CQUAD4*             3144               3            3528            3529
*                   3537            3536                                
CQUAD4*             3145               3            3529            3530
*                   3538            3537                                
CQUAD4*             3146               3            3530            3531
*                   3539            3538                                
CQUAD4*             3147               3            3531            3532
*                   3540            3539                                
CQUAD4*             3148               3            3532            3533
*                   3541            3540                                
CQUAD4*             3149               3            3533            3534
*                   3542            3541                                
CQUAD4*             3150               3            3534            3535
*                   3543            3542                                
CQUAD4*             3151               3            3535            3199
*                   3200            3543                                
CQUAD4*             3152               3            3174            3536
*                   3544            3175                                
CQUAD4*             3153               3            3536            3537
*                   3545            3544                                
CQUAD4*             3154               3            3537            3538
*                   3546            3545                                
CQUAD4*             3155               3            3538            3539
*                   3547            3546                                
CQUAD4*             3156               3            3539            3540
*                   3548            3547                                
CQUAD4*             3157               3            3540            3541
*                   3549            3548                                
CQUAD4*             3158               3            3541            3542
*                   3550            3549                                
CQUAD4*             3159               3            3542            3543
*                   3551            3550                                
CQUAD4*             3160               3            3543            3200
*                   3201            3551                                
CQUAD4*             3161               3            3175            3544
*                   3209            2816                                
CQUAD4*             3162               3            3544            3545
*                   3208            3209                                
CQUAD4*             3163               3            3545            3546
*                   3207            3208                                
CQUAD4*             3164               3            3546            3547
*                   3206            3207                                
CQUAD4*             3165               3            3547            3548
*                   3205            3206                                
CQUAD4*             3166               3            3548            3549
*                   3204            3205                                
CQUAD4*             3167               3            3549            3550
*                   3203            3204                                
CQUAD4*             3168               3            3550            3551
*                   3202            3203                                
CQUAD4*             3169               3            3551            3201
*                   2820            3202                                
CQUAD4*             3170               3            2796            3210
*                   3552            3177                                
CQUAD4*             3171               3            3210            3211
*                   3553            3552                                
CQUAD4*             3172               3            3211            3212
*                   3554            3553                                
CQUAD4*             3173               3            3212            3213
*                   3555            3554                                
CQUAD4*             3174               3            3213            2821
*                   3214            3555                                
CQUAD4*             3175               3            3177            3552
*                   3218            2817                                
CQUAD4*             3176               3            3552            3553
*                   3217            3218                                
CQUAD4*             3177               3            3553            3554
*                   3216            3217                                
CQUAD4*             3178               3            3554            3555
*                   3215            3216                                
CQUAD4*             3179               3            3555            3214
*                   2822            3215                                
CQUAD4*             3180               3            2821            3213
*                   3222            2823                                
CQUAD4*             3181               3            3213            3212
*                   3221            3222                                
CQUAD4*             3182               3            3212            3211
*                   3220            3221                                
CQUAD4*             3183               3            3211            3210
*                   3219            3220                                
CQUAD4*             3184               3            3210            2796
*                   2795            3219                                
CQUAD4*             3185               3            2798            3223
*                   3556            3180                                
CQUAD4*             3186               3            3223            3224
*                   3557            3556                                
CQUAD4*             3187               3            3224            3225
*                   3558            3557                                
CQUAD4*             3188               3            3225            3226
*                   3559            3558                                
CQUAD4*             3189               3            3226            2824
*                   3227            3559                                
CQUAD4*             3190               3            3180            3556
*                   3560            3181                                
CQUAD4*             3191               3            3556            3557
*                   3561            3560                                
CQUAD4*             3192               3            3557            3558
*                   3562            3561                                
CQUAD4*             3193               3            3558            3559
*                   3563            3562                                
CQUAD4*             3194               3            3559            3227
*                   3228            3563                                
CQUAD4*             3195               3            3181            3560
*                   3219            2795                                
CQUAD4*             3196               3            3560            3561
*                   3220            3219                                
CQUAD4*             3197               3            3561            3562
*                   3221            3220                                
CQUAD4*             3198               3            3562            3563
*                   3222            3221                                
CQUAD4*             3199               3            3563            3228
*                   2823            3222                                
CQUAD4*             3200               3            2824            3226
*                   3232            2825                                
CQUAD4*             3201               3            3226            3225
*                   3231            3232                                
CQUAD4*             3202               3            3225            3224
*                   3230            3231                                
CQUAD4*             3203               3            3224            3223
*                   3229            3230                                
CQUAD4*             3204               3            3223            2798
*                   2797            3229                                
CQUAD4*             3205               3            2826            3233
*                   3564            3243                                
CQUAD4*             3206               3            3233            3234
*                   3565            3564                                
CQUAD4*             3207               3            3234            3235
*                   3566            3565                                
CQUAD4*             3208               3            3235            3236
*                   3567            3566                                
CQUAD4*             3209               3            3236            2799
*                   3185            3567                                
CQUAD4*             3210               3            3243            3564
*                   3568            3242                                
CQUAD4*             3211               3            3564            3565
*                   3569            3568                                
CQUAD4*             3212               3            3565            3566
*                   3570            3569                                
CQUAD4*             3213               3            3566            3567
*                   3571            3570                                
CQUAD4*             3214               3            3567            3185
*                   3184            3571                                
CQUAD4*             3215               3            3242            3568
*                   3572            3241                                
CQUAD4*             3216               3            3568            3569
*                   3573            3572                                
CQUAD4*             3217               3            3569            3570
*                   3574            3573                                
CQUAD4*             3218               3            3570            3571
*                   3575            3574                                
CQUAD4*             3219               3            3571            3184
*                   3183            3575                                
CQUAD4*             3220               3            3241            3572
*                   3240            2827                                
CQUAD4*             3221               3            3572            3573
*                   3239            3240                                
CQUAD4*             3222               3            3573            3574
*                   3238            3239                                
CQUAD4*             3223               3            3574            3575
*                   3237            3238                                
CQUAD4*             3224               3            3575            3183
*                   2818            3237                                
CQUAD4*             3225               3            2800            3244
*                   3576            3186                                
CQUAD4*             3226               3            3244            3245
*                   3577            3576                                
CQUAD4*             3227               3            3245            3246
*                   3578            3577                                
CQUAD4*             3228               3            3246            3247
*                   3579            3578                                
CQUAD4*             3229               3            3247            2828
*                   3248            3579                                
CQUAD4*             3230               3            3186            3576
*                   3580            3187                                
CQUAD4*             3231               3            3576            3577
*                   3581            3580                                
CQUAD4*             3232               3            3577            3578
*                   3582            3581                                
CQUAD4*             3233               3            3578            3579
*                   3583            3582                                
CQUAD4*             3234               3            3579            3248
*                   3249            3583                                
CQUAD4*             3235               3            3187            3580
*                   3229            2797                                
CQUAD4*             3236               3            3580            3581
*                   3230            3229                                
CQUAD4*             3237               3            3581            3582
*                   3231            3230                                
CQUAD4*             3238               3            3582            3583
*                   3232            3231                                
CQUAD4*             3239               3            3583            3249
*                   2825            3232                                
CQUAD4*             3240               3            2821            2760
*                   3584            3214                                
CQUAD4*             3241               3            2760            2988
*                   3585            3584                                
CQUAD4*             3242               3            2988            2764
*                   3196            3585                                
CQUAD4*             3243               3            3214            3584
*                   3251            2822                                
CQUAD4*             3244               3            3584            3585
*                   3250            3251                                
CQUAD4*             3245               3            3585            3196
*                   2819            3250                                
CQUAD4*             3246               3            2757            2760
*                   2821            2823                                
CQUAD4*             3247               3            2824            2748
*                   3586            3227                                
CQUAD4*             3248               3            2748            2755
*                   3198            3586                                
CQUAD4*             3249               3            3227            3586
*                   3587            3228                                
CQUAD4*             3250               3            3586            3198
*                   3197            3587                                
CQUAD4*             3251               3            3228            3587
*                   2757            2823                                
CQUAD4*             3252               3            3587            3197
*                   2761            2757                                
CQUAD4*             3253               3            2826            3243
*                   3588            2741                                
CQUAD4*             3254               3            3243            3242
*                   3589            3588                                
CQUAD4*             3255               3            3242            3241
*                   3590            3589                                
CQUAD4*             3256               3            3241            2827
*                   3252            3590                                
CQUAD4*             3257               3            2741            3588
*                   3199            2749                                
CQUAD4*             3258               3            3588            3589
*                   3200            3199                                
CQUAD4*             3259               3            3589            3590
*                   3201            3200                                
CQUAD4*             3260               3            3590            3252
*                   2820            3201                                
CQUAD4*             3261               3            2745            2748
*                   2824            2825                                
CQUAD4*             3262               3            2741            2744
*                   2828            2826                                
CQUAD4*             3263               3            2735            3253
*                   3591            2736                                
CQUAD4*             3264               3            3253            3254
*                   3592            3591                                
CQUAD4*             3265               3            3254            3255
*                   3593            3592                                
CQUAD4*             3266               3            3255            3256
*                   3594            3593                                
CQUAD4*             3267               3            3256            2820
*                   3252            3594                                
CQUAD4*             3268               3            2736            3591
*                   3260            2829                                
CQUAD4*             3269               3            3591            3592
*                   3259            3260                                
CQUAD4*             3270               3            3592            3593
*                   3258            3259                                
CQUAD4*             3271               3            3593            3594
*                   3257            3258                                
CQUAD4*             3272               3            3594            3252
*                   2827            3257                                
CQUAD4*             3273               3            2735            2888
*                   3595            3253                                
CQUAD4*             3274               3            2888            2887
*                   3596            3595                                
CQUAD4*             3275               3            2887            2886
*                   3597            3596                                
CQUAD4*             3276               3            2886            2885
*                   3598            3597                                
CQUAD4*             3277               3            2885            2884
*                   3599            3598                                
CQUAD4*             3278               3            2884            2883
*                   3600            3599                                
CQUAD4*             3279               3            2883            2882
*                   3601            3600                                
CQUAD4*             3280               3            2882            2881
*                   3602            3601                                
CQUAD4*             3281               3            2881            2738
*                   3261            3602                                
CQUAD4*             3282               3            3253            3595
*                   3603            3254                                
CQUAD4*             3283               3            3595            3596
*                   3604            3603                                
CQUAD4*             3284               3            3596            3597
*                   3605            3604                                
CQUAD4*             3285               3            3597            3598
*                   3606            3605                                
CQUAD4*             3286               3            3598            3599
*                   3607            3606                                
CQUAD4*             3287               3            3599            3600
*                   3608            3607                                
CQUAD4*             3288               3            3600            3601
*                   3609            3608                                
CQUAD4*             3289               3            3601            3602
*                   3610            3609                                
CQUAD4*             3290               3            3602            3261
*                   3262            3610                                
CQUAD4*             3291               3            3254            3603
*                   3611            3255                                
CQUAD4*             3292               3            3603            3604
*                   3612            3611                                
CQUAD4*             3293               3            3604            3605
*                   3613            3612                                
CQUAD4*             3294               3            3605            3606
*                   3614            3613                                
CQUAD4*             3295               3            3606            3607
*                   3615            3614                                
CQUAD4*             3296               3            3607            3608
*                   3616            3615                                
CQUAD4*             3297               3            3608            3609
*                   3617            3616                                
CQUAD4*             3298               3            3609            3610
*                   3618            3617                                
CQUAD4*             3299               3            3610            3262
*                   3263            3618                                
CQUAD4*             3300               3            3255            3611
*                   3619            3256                                
CQUAD4*             3301               3            3611            3612
*                   3620            3619                                
CQUAD4*             3302               3            3612            3613
*                   3621            3620                                
CQUAD4*             3303               3            3613            3614
*                   3622            3621                                
CQUAD4*             3304               3            3614            3615
*                   3623            3622                                
CQUAD4*             3305               3            3615            3616
*                   3624            3623                                
CQUAD4*             3306               3            3616            3617
*                   3625            3624                                
CQUAD4*             3307               3            3617            3618
*                   3626            3625                                
CQUAD4*             3308               3            3618            3263
*                   3264            3626                                
CQUAD4*             3309               3            3256            3619
*                   3202            2820                                
CQUAD4*             3310               3            3619            3620
*                   3203            3202                                
CQUAD4*             3311               3            3620            3621
*                   3204            3203                                
CQUAD4*             3312               3            3621            3622
*                   3205            3204                                
CQUAD4*             3313               3            3622            3623
*                   3206            3205                                
CQUAD4*             3314               3            3623            3624
*                   3207            3206                                
CQUAD4*             3315               3            3624            3625
*                   3208            3207                                
CQUAD4*             3316               3            3625            3626
*                   3209            3208                                
CQUAD4*             3317               3            3626            3264
*                   2816            3209                                
CQUAD4*             3318               3            2830            3265
*                   3627            2740                                
CQUAD4*             3319               3            3265            3266
*                   3628            3627                                
CQUAD4*             3320               3            3266            3267
*                   3629            3628                                
CQUAD4*             3321               3            3267            3268
*                   3630            3629                                
CQUAD4*             3322               3            3268            2812
*                   3176            3630                                
CQUAD4*             3323               3            2740            3627
*                   3261            2738                                
CQUAD4*             3324               3            3627            3628
*                   3262            3261                                
CQUAD4*             3325               3            3628            3629
*                   3263            3262                                
CQUAD4*             3326               3            3629            3630
*                   3264            3263                                
CQUAD4*             3327               3            3630            3176
*                   2816            3264                                
CQUAD4*             3328               3            2830            3269
*                   3631            3265                                
CQUAD4*             3329               3            3269            3270
*                   3632            3631                                
CQUAD4*             3330               3            3270            3271
*                   3633            3632                                
CQUAD4*             3331               3            3271            3272
*                   3634            3633                                
CQUAD4*             3332               3            3272            2732
*                   3273            3634                                
CQUAD4*             3333               3            3265            3631
*                   3635            3266                                
CQUAD4*             3334               3            3631            3632
*                   3636            3635                                
CQUAD4*             3335               3            3632            3633
*                   3637            3636                                
CQUAD4*             3336               3            3633            3634
*                   3638            3637                                
CQUAD4*             3337               3            3634            3273
*                   3274            3638                                
CQUAD4*             3338               3            3266            3635
*                   3639            3267                                
CQUAD4*             3339               3            3635            3636
*                   3640            3639                                
CQUAD4*             3340               3            3636            3637
*                   3641            3640                                
CQUAD4*             3341               3            3637            3638
*                   3642            3641                                
CQUAD4*             3342               3            3638            3274
*                   3275            3642                                
CQUAD4*             3343               3            3267            3639
*                   3643            3268                                
CQUAD4*             3344               3            3639            3640
*                   3644            3643                                
CQUAD4*             3345               3            3640            3641
*                   3645            3644                                
CQUAD4*             3346               3            3641            3642
*                   3646            3645                                
CQUAD4*             3347               3            3642            3275
*                   3276            3646                                
CQUAD4*             3348               3            3268            3643
*                   3132            2812                                
CQUAD4*             3349               3            3643            3644
*                   3133            3132                                
CQUAD4*             3350               3            3644            3645
*                   3134            3133                                
CQUAD4*             3351               3            3645            3646
*                   3135            3134                                
CQUAD4*             3352               3            3646            3276
*                   2808            3135                                
CQUAD4*             3353               3            2732            2866
*                   3647            3273                                
CQUAD4*             3354               3            2866            2730
*                   3277            3647                                
CQUAD4*             3355               3            3273            3647
*                   3648            3274                                
CQUAD4*             3356               3            3647            3277
*                   3278            3648                                
CQUAD4*             3357               3            3274            3648
*                   3649            3275                                
CQUAD4*             3358               3            3648            3278
*                   3279            3649                                
CQUAD4*             3359               3            3275            3649
*                   3650            3276                                
CQUAD4*             3360               3            3649            3279
*                   3280            3650                                
CQUAD4*             3361               3            3276            3650
*                   3098            2808                                
CQUAD4*             3362               3            3650            3280
*                   2809            3098                                
CQUAD4*             3363               3            2730            2855
*                   3651            3277                                
CQUAD4*             3364               3            2855            2856
*                   3652            3651                                
CQUAD4*             3365               3            2856            2857
*                   3653            3652                                
CQUAD4*             3366               3            2857            2858
*                   3654            3653                                
CQUAD4*             3367               3            2858            2859
*                   3655            3654                                
CQUAD4*             3368               3            2859            2860
*                   3656            3655                                
CQUAD4*             3369               3            2860            2861
*                   3657            3656                                
CQUAD4*             3370               3            2861            2862
*                   3658            3657                                
CQUAD4*             3371               3            2862            2727
*                   3281            3658                                
CQUAD4*             3372               3            3277            3651
*                   3659            3278                                
CQUAD4*             3373               3            3651            3652
*                   3660            3659                                
CQUAD4*             3374               3            3652            3653
*                   3661            3660                                
CQUAD4*             3375               3            3653            3654
*                   3662            3661                                
CQUAD4*             3376               3            3654            3655
*                   3663            3662                                
CQUAD4*             3377               3            3655            3656
*                   3664            3663                                
CQUAD4*             3378               3            3656            3657
*                   3665            3664                                
CQUAD4*             3379               3            3657            3658
*                   3666            3665                                
CQUAD4*             3380               3            3658            3281
*                   3282            3666                                
CQUAD4*             3381               3            3278            3659
*                   3667            3279                                
CQUAD4*             3382               3            3659            3660
*                   3668            3667                                
CQUAD4*             3383               3            3660            3661
*                   3669            3668                                
CQUAD4*             3384               3            3661            3662
*                   3670            3669                                
CQUAD4*             3385               3            3662            3663
*                   3671            3670                                
CQUAD4*             3386               3            3663            3664
*                   3672            3671                                
CQUAD4*             3387               3            3664            3665
*                   3673            3672                                
CQUAD4*             3388               3            3665            3666
*                   3674            3673                                
CQUAD4*             3389               3            3666            3282
*                   3283            3674                                
CQUAD4*             3390               3            3279            3667
*                   3675            3280                                
CQUAD4*             3391               3            3667            3668
*                   3676            3675                                
CQUAD4*             3392               3            3668            3669
*                   3677            3676                                
CQUAD4*             3393               3            3669            3670
*                   3678            3677                                
CQUAD4*             3394               3            3670            3671
*                   3679            3678                                
CQUAD4*             3395               3            3671            3672
*                   3680            3679                                
CQUAD4*             3396               3            3672            3673
*                   3681            3680                                
CQUAD4*             3397               3            3673            3674
*                   3682            3681                                
CQUAD4*             3398               3            3674            3283
*                   3284            3682                                
CQUAD4*             3399               3            3280            3675
*                   3155            2809                                
CQUAD4*             3400               3            3675            3676
*                   3156            3155                                
CQUAD4*             3401               3            3676            3677
*                   3157            3156                                
CQUAD4*             3402               3            3677            3678
*                   3158            3157                                
CQUAD4*             3403               3            3678            3679
*                   3159            3158                                
CQUAD4*             3404               3            3679            3680
*                   3160            3159                                
CQUAD4*             3405               3            3680            3681
*                   3161            3160                                
CQUAD4*             3406               3            3681            3682
*                   3162            3161                                
CQUAD4*             3407               3            3682            3284
*                   2814            3162                                
CQUAD4*             3408               3            2727            2842
*                   3683            3281                                
CQUAD4*             3409               3            2842            2728
*                   3285            3683                                
CQUAD4*             3410               3            3281            3683
*                   3684            3282                                
CQUAD4*             3411               3            3683            3285
*                   3286            3684                                
CQUAD4*             3412               3            3282            3684
*                   3685            3283                                
CQUAD4*             3413               3            3684            3286
*                   3287            3685                                
CQUAD4*             3414               3            3283            3685
*                   3686            3284                                
CQUAD4*             3415               3            3685            3287
*                   3288            3686                                
CQUAD4*             3416               3            3284            3686
*                   3182            2814                                
CQUAD4*             3417               3            3686            3288
*                   2818            3182                                
CQUAD4*             3418               3            2728            3289
*                   3687            3285                                
CQUAD4*             3419               3            3289            3290
*                   3688            3687                                
CQUAD4*             3420               3            3290            3291
*                   3689            3688                                
CQUAD4*             3421               3            3291            3292
*                   3690            3689                                
CQUAD4*             3422               3            3292            2829
*                   3260            3690                                
CQUAD4*             3423               3            3285            3687
*                   3691            3286                                
CQUAD4*             3424               3            3687            3688
*                   3692            3691                                
CQUAD4*             3425               3            3688            3689
*                   3693            3692                                
CQUAD4*             3426               3            3689            3690
*                   3694            3693                                
CQUAD4*             3427               3            3690            3260
*                   3259            3694                                
CQUAD4*             3428               3            3286            3691
*                   3695            3287                                
CQUAD4*             3429               3            3691            3692
*                   3696            3695                                
CQUAD4*             3430               3            3692            3693
*                   3697            3696                                
CQUAD4*             3431               3            3693            3694
*                   3698            3697                                
CQUAD4*             3432               3            3694            3259
*                   3258            3698                                
CQUAD4*             3433               3            3287            3695
*                   3699            3288                                
CQUAD4*             3434               3            3695            3696
*                   3700            3699                                
CQUAD4*             3435               3            3696            3697
*                   3701            3700                                
CQUAD4*             3436               3            3697            3698
*                   3702            3701                                
CQUAD4*             3437               3            3698            3258
*                   3257            3702                                
CQUAD4*             3438               3            3288            3699
*                   3237            2818                                
CQUAD4*             3439               3            3699            3700
*                   3238            3237                                
CQUAD4*             3440               3            3700            3701
*                   3239            3238                                
CQUAD4*             3441               3            3701            3702
*                   3240            3239                                
CQUAD4*             3442               3            3702            3257
*                   2827            3240                                
CQUAD4*             3443               3            2828            2744
*                   3703            3248                                
CQUAD4*             3444               3            2744            2753
*                   3293            3703                                
CQUAD4*             3445               3            3248            3703
*                   3704            3249                                
CQUAD4*             3446               3            3703            3293
*                   3294            3704                                
CQUAD4*             3447               3            3249            3704
*                   2745            2825                                
CQUAD4*             3448               3            3704            3294
*                   2751            2745                                
CQUAD4*             3449               3            2753            2939
*                   3705            3293                                
CQUAD4*             3450               3            2939            2940
*                   3706            3705                                
CQUAD4*             3451               3            2940            2941
*                   3707            3706                                
CQUAD4*             3452               3            2941            2942
*                   3708            3707                                
CQUAD4*             3453               3            2942            2943
*                   3709            3708                                
CQUAD4*             3454               3            2943            2944
*                   3710            3709                                
CQUAD4*             3455               3            2944            2945
*                   3711            3710                                
CQUAD4*             3456               3            2945            2946
*                   3712            3711                                
CQUAD4*             3457               3            2946            2754
*                   3295            3712                                
CQUAD4*             3458               3            3293            3705
*                   3713            3294                                
CQUAD4*             3459               3            3705            3706
*                   3714            3713                                
CQUAD4*             3460               3            3706            3707
*                   3715            3714                                
CQUAD4*             3461               3            3707            3708
*                   3716            3715                                
CQUAD4*             3462               3            3708            3709
*                   3717            3716                                
CQUAD4*             3463               3            3709            3710
*                   3718            3717                                
CQUAD4*             3464               3            3710            3711
*                   3719            3718                                
CQUAD4*             3465               3            3711            3712
*                   3720            3719                                
CQUAD4*             3466               3            3712            3295
*                   3296            3720                                
CQUAD4*             3467               3            3294            3713
*                   2931            2751                                
CQUAD4*             3468               3            3713            3714
*                   2932            2931                                
CQUAD4*             3469               3            3714            3715
*                   2933            2932                                
CQUAD4*             3470               3            3715            3716
*                   2934            2933                                
CQUAD4*             3471               3            3716            3717
*                   2935            2934                                
CQUAD4*             3472               3            3717            3718
*                   2936            2935                                
CQUAD4*             3473               3            3718            3719
*                   2937            2936                                
CQUAD4*             3474               3            3719            3720
*                   2938            2937                                
CQUAD4*             3475               3            3720            3296
*                   2752            2938                                
CQUAD4*             3476               3            2754            2743
*                   3721            3295                                
CQUAD4*             3477               3            2743            2770
*                   3297            3721                                
CQUAD4*             3478               3            3295            3721
*                   3722            3296                                
CQUAD4*             3479               3            3721            3297
*                   3298            3722                                
CQUAD4*             3480               3            3296            3722
*                   2746            2752                                
CQUAD4*             3481               3            3722            3298
*                   2767            2746                                
CQUAD4*             3482               3            2770            3143
*                   3723            3297                                
CQUAD4*             3483               3            3143            3142
*                   3724            3723                                
CQUAD4*             3484               3            3142            3141
*                   3725            3724                                
CQUAD4*             3485               3            3141            3140
*                   3726            3725                                
CQUAD4*             3486               3            3140            2810
*                   3105            3726                                
CQUAD4*             3487               3            3297            3723
*                   3727            3298                                
CQUAD4*             3488               3            3723            3724
*                   3728            3727                                
CQUAD4*             3489               3            3724            3725
*                   3729            3728                                
CQUAD4*             3490               3            3725            3726
*                   3730            3729                                
CQUAD4*             3491               3            3726            3105
*                   3104            3730                                
CQUAD4*             3492               3            3298            3727
*                   3136            2767                                
CQUAD4*             3493               3            3727            3728
*                   3137            3136                                
CQUAD4*             3494               3            3728            3729
*                   3138            3137                                
CQUAD4*             3495               3            3729            3730
*                   3139            3138                                
CQUAD4*             3496               3            3730            3104
*                   2806            3139                                
CQUAD4*             3497               3            2785            2788
*                   2810            2807                                
CQUAD4*             3498               3            2828            3247
*                   3233            2826                                
CQUAD4*             3499               3            3247            3246
*                   3234            3233                                
CQUAD4*             3500               3            3246            3245
*                   3235            3234                                
CQUAD4*             3501               3            3245            3244
*                   3236            3235                                
CQUAD4*             3502               3            3244            2800
*                   2799            3236                                
CQUAD4*             3509               3            2817            3178
*                   3301            2832                                
CQUAD4*             3510               3            2813            3145
*                   3338            2831                                
CQUAD4*             3511               3            3336            3337
*                   3146            3147                                
CQUAD4*             3512               3            2802            3088
*                   3330            2838                                
CQUAD4*             3513               3            3732            3733
*                   3326            3327                                
CQUAD4*             3514               3            3733            3734
*                   3325            3326                                
CQUAD4*             3515               3            3319            3169
*                   2815            2835                                
CQUAD4*             3516               3            2815            3188
*                   3318            2835                                
CQUAD4*             3517               3            3316            3317
*                   3189            3190                                
CQUAD4*             3518               3            2819            3250
*                   3310            2834                                
CQUAD4*             3519               3            3215            3306
*                   3307            2822                                
CQUAD4*             3520               3            3304            3305
*                   3216            3217                                
CQUAD4*             3521               3            3328            3329
*                   3089            2803                                
CQUAD4*             3522               3            3217            3218
*                   3303            3304                                
CQUAD4*             3523               3            3302            3303
*                   3218            2817                                
CQUAD4*             3524               3            3299            3179
*                   2813            2831                                
CQUAD4*             3525               3            3147            3148
*                   3335            3336                                
CQUAD4*             3526               3            3334            3149
*                   3150            3333                                
CQUAD4*             3527               3            3333            3150
*                   3151            3332                                
CQUAD4*             3528               3            3332            3151
*                   3152            3331                                
CQUAD4*             3529               3            3331            3152
*                   2802            2838                                
CQUAD4*             3530               3            2837            3328
*                   2803            3731                                
CQUAD4*             3531               3            3113            3323
*                   3735            3112                                
CQUAD4*             3532               3            3322            3323
*                   3113            2811                                
CQUAD4*             3533               3            2836            3322
*                   2811            3736                                
CQUAD4*             3534               3            3320            3738
*                   3169            3319                                
CQUAD4*             3535               3            3190            3191
*                   3315            3316                                
CQUAD4*             3536               3            3314            3192
*                   3193            3313                                
CQUAD4*             3537               3            3313            3193
*                   3194            3312                                
CQUAD4*             3538               3            3312            3194
*                   3195            3311                                
CQUAD4*             3539               3            3308            3251
*                   2822            2833                                
CQUAD4*             3540               3            3251            3308
*                   3309            3250                                
CQUAD4*             3541               3            3178            3179
*                   3300            3301                                
CQUAD4*             3542               3            3216            3305
*                   3306            3215                                
CQUAD4*             3543               3            3191            3192
*                   3314            3315                                
CQUAD4*             3544               3            3188            3189
*                   3317            3318                                
CQUAD4*             3545               3            3738            3737
*                   3168            3169                                
CQUAD4*             3546               3            3321            3737
*                   3738            3320                                
CQUAD4*             3547               3            3321            2836
*                   3736            3737                                
CQUAD4*             3548               3            3734            3735
*                   3324            3325                                
CQUAD4*             3549               3            3734            3111
*                   3112            3735                                
CQUAD4*             3550               3            3111            3734
*                   3733            3110                                
CQUAD4*             3551               3            3088            3089
*                   3329            3330                                
CQUAD4*             3552               3            3148            3149
*                   3334            3335                                
CQUAD4*             3553               3            3145            3146
*                   3337            3338                                
CQUAD4*             3554               3            3327            2837
*                   3731            3732                                
CQUAD4*             3555               3            3110            3733
*                   3732            3731                                
CQUAD4*             3556               3            3168            3737
*                   3736            2811                                
CQUAD4*             3557               3            2819            2834
*                   3311            3195                                
CTRIA3*             3503               3            3300            3179
*                   3299                                
CTRIA3*             3504               3            3307            2833
*                   2822                                
CTRIA3*             3505               3            3309            3310
*                   3250                                
CTRIA3*             3506               3            3302            2817
*                   2832                                
CTRIA3*             3507               3            3110            3731
*                   2803                                
CTRIA3*             3508               3            3735            3323
*                   3324                                
$
$ MAT1 from material MATERIAL-1
MAT1*                  1   1.000000e+000                   1.000000e+000
*          0.000000e+000   0.000000e+000   0.000000e+000   0.000000e+000
$ -----|-------|-------|-------|-------|-------|-------|-------|-------|
ENDDATA
